pokemon,normalized_name,image_path_or_url,source
Bulbasaur,bulbasaur,https://img.pokemondb.net/sprites/sword-shield/icon/bulbasaur.png,df_pokemon.image_url
Ivysaur,ivysaur,https://img.pokemondb.net/sprites/sword-shield/icon/ivysaur.png,df_pokemon.image_url
Venusaur,venusaur,https://img.pokemondb.net/sprites/sword-shield/icon/venusaur.png,df_pokemon.image_url
Mega Venusaur,mega venusaur,https://img.pokemondb.net/sprites/sword-shield/icon/venusaur-mega.png,df_pokemon.image_url
Venusaur Gigantamax,venusaur gigantamax,https://archives.bulbagarden.net/media/upload/d/dc/003GiMS8.png,df_pokemon.image_url
Charmander,charmander,https://img.pokemondb.net/sprites/sword-shield/icon/charmander.png,df_pokemon.image_url
Charmeleon,charmeleon,https://img.pokemondb.net/sprites/sword-shield/icon/charmeleon.png,df_pokemon.image_url
Mega Charizard Y,mega charizard y,https://img.pokemondb.net/sprites/sword-shield/icon/charizard-mega-y.png,df_pokemon.image_url
Charizard Gigantamax,charizard gigantamax,https://archives.bulbagarden.net/media/upload/c/cb/006GiMS8.png,df_pokemon.image_url
Mega Charizard X,mega charizard x,https://img.pokemondb.net/sprites/sword-shield/icon/charizard-mega-x.png,df_pokemon.image_url
Charizard,charizard,https://img.pokemondb.net/sprites/sword-shield/icon/charizard.png,df_pokemon.image_url
Squirtle,squirtle,https://img.pokemondb.net/sprites/sword-shield/icon/squirtle.png,df_pokemon.image_url
Wartortle,wartortle,https://img.pokemondb.net/sprites/sword-shield/icon/wartortle.png,df_pokemon.image_url
Blastoise Gigantamax,blastoise gigantamax,https://archives.bulbagarden.net/media/upload/4/43/009GiMS8.png,df_pokemon.image_url
Blastoise,blastoise,https://img.pokemondb.net/sprites/sword-shield/icon/blastoise.png,df_pokemon.image_url
Mega Blastoise,mega blastoise,https://img.pokemondb.net/sprites/sword-shield/icon/blastoise-mega.png,df_pokemon.image_url
Caterpie,caterpie,https://img.pokemondb.net/sprites/sword-shield/icon/caterpie.png,df_pokemon.image_url
Metapod,metapod,https://img.pokemondb.net/sprites/sword-shield/icon/metapod.png,df_pokemon.image_url
Butterfree Gigantamax,butterfree gigantamax,https://archives.bulbagarden.net/media/upload/4/47/012GiMS8.png,df_pokemon.image_url
Butterfree,butterfree,https://img.pokemondb.net/sprites/sword-shield/icon/butterfree.png,df_pokemon.image_url
Weedle,weedle,https://img.pokemondb.net/sprites/sword-shield/icon/weedle.png,df_pokemon.image_url
Kakuna,kakuna,https://img.pokemondb.net/sprites/sword-shield/icon/kakuna.png,df_pokemon.image_url
Beedrill,beedrill,https://img.pokemondb.net/sprites/sword-shield/icon/beedrill.png,df_pokemon.image_url
Mega Beedrill,mega beedrill,https://img.pokemondb.net/sprites/sword-shield/icon/beedrill-mega.png,df_pokemon.image_url
Pidgey,pidgey,https://img.pokemondb.net/sprites/sword-shield/icon/pidgey.png,df_pokemon.image_url
Pidgeotto,pidgeotto,https://img.pokemondb.net/sprites/sword-shield/icon/pidgeotto.png,df_pokemon.image_url
Pidgeot,pidgeot,https://img.pokemondb.net/sprites/sword-shield/icon/pidgeot.png,df_pokemon.image_url
Mega Pidgeot,mega pidgeot,https://img.pokemondb.net/sprites/sword-shield/icon/pidgeot-mega.png,df_pokemon.image_url
Rattata,rattata,https://img.pokemondb.net/sprites/sword-shield/icon/rattata.png,df_pokemon.image_url
Alolan Rattata,alolan rattata,https://img.pokemondb.net/sprites/sword-shield/icon/rattata-alolan.png,df_pokemon.image_url
Raticate,raticate,https://img.pokemondb.net/sprites/sword-shield/icon/raticate.png,df_pokemon.image_url
Alolan Raticate,alolan raticate,https://img.pokemondb.net/sprites/sword-shield/icon/raticate-alolan.png,df_pokemon.image_url
Spearow,spearow,https://img.pokemondb.net/sprites/sword-shield/icon/spearow.png,df_pokemon.image_url
Fearow,fearow,https://img.pokemondb.net/sprites/sword-shield/icon/fearow.png,df_pokemon.image_url
Ekans,ekans,https://img.pokemondb.net/sprites/sword-shield/icon/ekans.png,df_pokemon.image_url
Arbok,arbok,https://img.pokemondb.net/sprites/sword-shield/icon/arbok.png,df_pokemon.image_url
Pikachu Gigantamax,pikachu gigantamax,https://archives.bulbagarden.net/media/upload/b/be/025GiMS8.png,df_pokemon.image_url
Pikachu,pikachu,https://img.pokemondb.net/sprites/sword-shield/icon/pikachu.png,df_pokemon.image_url
Partner Pikachu,partner pikachu,https://img.pokemondb.net/sprites/sword-shield/icon/pikachu-lets-go.png,df_pokemon.image_url
Alolan Raichu,alolan raichu,https://img.pokemondb.net/sprites/sword-shield/icon/raichu-alolan.png,df_pokemon.image_url
Raichu,raichu,https://img.pokemondb.net/sprites/sword-shield/icon/raichu.png,df_pokemon.image_url
Alolan Sandshrew,alolan sandshrew,https://img.pokemondb.net/sprites/sword-shield/icon/sandshrew-alolan.png,df_pokemon.image_url
Sandshrew,sandshrew,https://img.pokemondb.net/sprites/sword-shield/icon/sandshrew.png,df_pokemon.image_url
Sandslash,sandslash,https://img.pokemondb.net/sprites/sword-shield/icon/sandslash.png,df_pokemon.image_url
Alolan Sandslash,alolan sandslash,https://img.pokemondb.net/sprites/sword-shield/icon/sandslash-alolan.png,df_pokemon.image_url
Nidoran♀,nidoran female,https://img.pokemondb.net/sprites/sword-shield/icon/nidoran-f.png,df_pokemon.image_url
Nidorina,nidorina,https://img.pokemondb.net/sprites/sword-shield/icon/nidorina.png,df_pokemon.image_url
Nidoqueen,nidoqueen,https://img.pokemondb.net/sprites/sword-shield/icon/nidoqueen.png,df_pokemon.image_url
Nidoran♂,nidoran male,https://img.pokemondb.net/sprites/sword-shield/icon/nidoran-m.png,df_pokemon.image_url
Nidorino,nidorino,https://img.pokemondb.net/sprites/sword-shield/icon/nidorino.png,df_pokemon.image_url
Nidoking,nidoking,https://img.pokemondb.net/sprites/sword-shield/icon/nidoking.png,df_pokemon.image_url
Clefairy,clefairy,https://img.pokemondb.net/sprites/sword-shield/icon/clefairy.png,df_pokemon.image_url
Clefable,clefable,https://img.pokemondb.net/sprites/sword-shield/icon/clefable.png,df_pokemon.image_url
Vulpix,vulpix,https://img.pokemondb.net/sprites/sword-shield/icon/vulpix.png,df_pokemon.image_url
Alolan Vulpix,alolan vulpix,https://img.pokemondb.net/sprites/sword-shield/icon/vulpix-alolan.png,df_pokemon.image_url
Ninetales,ninetales,https://img.pokemondb.net/sprites/sword-shield/icon/ninetales.png,df_pokemon.image_url
Alolan Ninetales,alolan ninetales,https://img.pokemondb.net/sprites/sword-shield/icon/ninetales-alolan.png,df_pokemon.image_url
Jigglypuff,jigglypuff,https://img.pokemondb.net/sprites/sword-shield/icon/jigglypuff.png,df_pokemon.image_url
Wigglytuff,wigglytuff,https://img.pokemondb.net/sprites/sword-shield/icon/wigglytuff.png,df_pokemon.image_url
Zubat,zubat,https://img.pokemondb.net/sprites/sword-shield/icon/zubat.png,df_pokemon.image_url
Golbat,golbat,https://img.pokemondb.net/sprites/sword-shield/icon/golbat.png,df_pokemon.image_url
Oddish,oddish,https://img.pokemondb.net/sprites/sword-shield/icon/oddish.png,df_pokemon.image_url
Gloom,gloom,https://img.pokemondb.net/sprites/sword-shield/icon/gloom.png,df_pokemon.image_url
Vileplume,vileplume,https://img.pokemondb.net/sprites/sword-shield/icon/vileplume.png,df_pokemon.image_url
Paras,paras,https://img.pokemondb.net/sprites/sword-shield/icon/paras.png,df_pokemon.image_url
Parasect,parasect,https://img.pokemondb.net/sprites/sword-shield/icon/parasect.png,df_pokemon.image_url
Venonat,venonat,https://img.pokemondb.net/sprites/sword-shield/icon/venonat.png,df_pokemon.image_url
Venomoth,venomoth,https://img.pokemondb.net/sprites/sword-shield/icon/venomoth.png,df_pokemon.image_url
Alolan Diglett,alolan diglett,https://img.pokemondb.net/sprites/sword-shield/icon/diglett-alolan.png,df_pokemon.image_url
Diglett,diglett,https://img.pokemondb.net/sprites/sword-shield/icon/diglett.png,df_pokemon.image_url
Alolan Dugtrio,alolan dugtrio,https://img.pokemondb.net/sprites/sword-shield/icon/dugtrio-alolan.png,df_pokemon.image_url
Dugtrio,dugtrio,https://img.pokemondb.net/sprites/sword-shield/icon/dugtrio.png,df_pokemon.image_url
Meowth,meowth,https://img.pokemondb.net/sprites/sword-shield/icon/meowth.png,df_pokemon.image_url
Alolan Meowth,alolan meowth,https://img.pokemondb.net/sprites/sword-shield/icon/meowth-alolan.png,df_pokemon.image_url
Galarian Meowth,galarian meowth,https://img.pokemondb.net/sprites/sword-shield/icon/meowth-galarian.png,df_pokemon.image_url
Meowth Gigantamax,meowth gigantamax,https://archives.bulbagarden.net/media/upload/4/4c/052GiMS8.png,df_pokemon.image_url
Persian,persian,https://img.pokemondb.net/sprites/sword-shield/icon/persian.png,df_pokemon.image_url
Alolan Persian,alolan persian,https://img.pokemondb.net/sprites/sword-shield/icon/persian-alolan.png,df_pokemon.image_url
Psyduck,psyduck,https://img.pokemondb.net/sprites/sword-shield/icon/psyduck.png,df_pokemon.image_url
Golduck,golduck,https://img.pokemondb.net/sprites/sword-shield/icon/golduck.png,df_pokemon.image_url
Mankey,mankey,https://img.pokemondb.net/sprites/sword-shield/icon/mankey.png,df_pokemon.image_url
Primeape,primeape,https://img.pokemondb.net/sprites/sword-shield/icon/primeape.png,df_pokemon.image_url
Hisuian Growlithe,hisuian growlithe,https://img.pokemondb.net/s.png,df_pokemon.image_url
Growlithe,growlithe,https://img.pokemondb.net/sprites/sword-shield/icon/growlithe.png,df_pokemon.image_url
Hisuian Arcanine,hisuian arcanine,https://img.pokemondb.net/s.png,df_pokemon.image_url
Arcanine,arcanine,https://img.pokemondb.net/sprites/sword-shield/icon/arcanine.png,df_pokemon.image_url
Poliwag,poliwag,https://img.pokemondb.net/sprites/sword-shield/icon/poliwag.png,df_pokemon.image_url
Poliwhirl,poliwhirl,https://img.pokemondb.net/sprites/sword-shield/icon/poliwhirl.png,df_pokemon.image_url
Poliwrath,poliwrath,https://img.pokemondb.net/sprites/sword-shield/icon/poliwrath.png,df_pokemon.image_url
Abra,abra,https://img.pokemondb.net/sprites/sword-shield/icon/abra.png,df_pokemon.image_url
Kadabra,kadabra,https://img.pokemondb.net/sprites/sword-shield/icon/kadabra.png,df_pokemon.image_url
Alakazam,alakazam,https://img.pokemondb.net/sprites/sword-shield/icon/alakazam.png,df_pokemon.image_url
Mega Alakazam,mega alakazam,https://img.pokemondb.net/sprites/sword-shield/icon/alakazam-mega.png,df_pokemon.image_url
Machop,machop,https://img.pokemondb.net/sprites/sword-shield/icon/machop.png,df_pokemon.image_url
Machoke,machoke,https://img.pokemondb.net/sprites/sword-shield/icon/machoke.png,df_pokemon.image_url
Machamp Gigantamax,machamp gigantamax,https://archives.bulbagarden.net/media/upload/0/03/068GiMS8.png,df_pokemon.image_url
Machamp,machamp,https://img.pokemondb.net/sprites/sword-shield/icon/machamp.png,df_pokemon.image_url
Bellsprout,bellsprout,https://img.pokemondb.net/sprites/sword-shield/icon/bellsprout.png,df_pokemon.image_url
Weepinbell,weepinbell,https://img.pokemondb.net/sprites/sword-shield/icon/weepinbell.png,df_pokemon.image_url
Victreebel,victreebel,https://img.pokemondb.net/sprites/sword-shield/icon/victreebel.png,df_pokemon.image_url
Tentacool,tentacool,https://img.pokemondb.net/sprites/sword-shield/icon/tentacool.png,df_pokemon.image_url
Tentacruel,tentacruel,https://img.pokemondb.net/sprites/sword-shield/icon/tentacruel.png,df_pokemon.image_url
Geodude,geodude,https://img.pokemondb.net/sprites/sword-shield/icon/geodude.png,df_pokemon.image_url
Alolan Geodude,alolan geodude,https://img.pokemondb.net/sprites/sword-shield/icon/geodude-alolan.png,df_pokemon.image_url
Graveler,graveler,https://img.pokemondb.net/sprites/sword-shield/icon/graveler.png,df_pokemon.image_url
Alolan Graveler,alolan graveler,https://img.pokemondb.net/sprites/sword-shield/icon/graveler-alolan.png,df_pokemon.image_url
Golem,golem,https://img.pokemondb.net/sprites/sword-shield/icon/golem.png,df_pokemon.image_url
Alolan Golem,alolan golem,https://img.pokemondb.net/sprites/sword-shield/icon/golem-alolan.png,df_pokemon.image_url
Ponyta,ponyta,https://img.pokemondb.net/sprites/sword-shield/icon/ponyta.png,df_pokemon.image_url
Galarian Ponyta,galarian ponyta,https://img.pokemondb.net/sprites/sword-shield/icon/ponyta-galarian.png,df_pokemon.image_url
Rapidash,rapidash,https://img.pokemondb.net/sprites/sword-shield/icon/rapidash.png,df_pokemon.image_url
Galarian Rapidash,galarian rapidash,https://img.pokemondb.net/sprites/sword-shield/icon/rapidash-galarian.png,df_pokemon.image_url
Galarian Slowpoke,galarian slowpoke,https://img.pokemondb.net/sprites/sword-shield/icon/slowpoke-galarian.png,df_pokemon.image_url
Slowpoke,slowpoke,https://img.pokemondb.net/sprites/sword-shield/icon/slowpoke.png,df_pokemon.image_url
Mega Slowbro,mega slowbro,https://img.pokemondb.net/sprites/sword-shield/icon/slowbro-mega.png,df_pokemon.image_url
Galarian Slowbro,galarian slowbro,https://img.pokemondb.net/sprites/sword-shield/icon/slowbro-galarian.png,df_pokemon.image_url
Slowbro,slowbro,https://img.pokemondb.net/sprites/sword-shield/icon/slowbro.png,df_pokemon.image_url
Magnemite,magnemite,https://img.pokemondb.net/sprites/sword-shield/icon/magnemite.png,df_pokemon.image_url
Magneton,magneton,https://img.pokemondb.net/sprites/sword-shield/icon/magneton.png,df_pokemon.image_url
Farfetch'd,farfetchd,https://img.pokemondb.net/sprites/sword-shield/icon/farfetchd.png,df_pokemon.image_url
Galarian Farfetch'd,galarian farfetchd,https://img.pokemondb.net/sprites/sword-shield/icon/farfetchd-galarian.png,df_pokemon.image_url
Doduo,doduo,https://img.pokemondb.net/sprites/sword-shield/icon/doduo.png,df_pokemon.image_url
Dodrio,dodrio,https://img.pokemondb.net/sprites/sword-shield/icon/dodrio.png,df_pokemon.image_url
Seel,seel,https://img.pokemondb.net/sprites/sword-shield/icon/seel.png,df_pokemon.image_url
Dewgong,dewgong,https://img.pokemondb.net/sprites/sword-shield/icon/dewgong.png,df_pokemon.image_url
Grimer,grimer,https://img.pokemondb.net/sprites/sword-shield/icon/grimer.png,df_pokemon.image_url
Alolan Grimer,alolan grimer,https://img.pokemondb.net/sprites/sword-shield/icon/grimer-alolan.png,df_pokemon.image_url
Alolan Muk,alolan muk,https://img.pokemondb.net/sprites/sword-shield/icon/muk-alolan.png,df_pokemon.image_url
Muk,muk,https://img.pokemondb.net/sprites/sword-shield/icon/muk.png,df_pokemon.image_url
Shellder,shellder,https://img.pokemondb.net/sprites/sword-shield/icon/shellder.png,df_pokemon.image_url
Cloyster,cloyster,https://img.pokemondb.net/sprites/sword-shield/icon/cloyster.png,df_pokemon.image_url
Gastly,gastly,https://img.pokemondb.net/sprites/sword-shield/icon/gastly.png,df_pokemon.image_url
Haunter,haunter,https://img.pokemondb.net/sprites/sword-shield/icon/haunter.png,df_pokemon.image_url
Gengar,gengar,https://img.pokemondb.net/sprites/sword-shield/icon/gengar.png,df_pokemon.image_url
Gengar Gigantamax,gengar gigantamax,https://archives.bulbagarden.net/media/upload/4/43/094GiMS8.png,df_pokemon.image_url
Mega Gengar,mega gengar,https://img.pokemondb.net/sprites/sword-shield/icon/gengar-mega.png,df_pokemon.image_url
Onix,onix,https://img.pokemondb.net/sprites/sword-shield/icon/onix.png,df_pokemon.image_url
Drowzee,drowzee,https://img.pokemondb.net/sprites/sword-shield/icon/drowzee.png,df_pokemon.image_url
Hypno,hypno,https://img.pokemondb.net/sprites/sword-shield/icon/hypno.png,df_pokemon.image_url
Krabby,krabby,https://img.pokemondb.net/sprites/sword-shield/icon/krabby.png,df_pokemon.image_url
Kingler Gigantamax,kingler gigantamax,https://archives.bulbagarden.net/media/upload/3/33/099GiMS8.png,df_pokemon.image_url
Kingler,kingler,https://img.pokemondb.net/sprites/sword-shield/icon/kingler.png,df_pokemon.image_url
Hisuian Voltorb,hisuian voltorb,https://img.pokemondb.net/s.png,df_pokemon.image_url
Voltorb,voltorb,https://img.pokemondb.net/sprites/sword-shield/icon/voltorb.png,df_pokemon.image_url
Hisuian Electrode,hisuian electrode,https://img.pokemondb.net/s.png,df_pokemon.image_url
Electrode,electrode,https://img.pokemondb.net/sprites/sword-shield/icon/electrode.png,df_pokemon.image_url
Exeggcute,exeggcute,https://img.pokemondb.net/sprites/sword-shield/icon/exeggcute.png,df_pokemon.image_url
Alolan Exeggutor,alolan exeggutor,https://img.pokemondb.net/sprites/sword-shield/icon/exeggutor-alolan.png,df_pokemon.image_url
Exeggutor,exeggutor,https://img.pokemondb.net/sprites/sword-shield/icon/exeggutor.png,df_pokemon.image_url
Cubone,cubone,https://img.pokemondb.net/sprites/sword-shield/icon/cubone.png,df_pokemon.image_url
Alolan Marowak,alolan marowak,https://img.pokemondb.net/sprites/sword-shield/icon/marowak-alolan.png,df_pokemon.image_url
Marowak,marowak,https://img.pokemondb.net/sprites/sword-shield/icon/marowak.png,df_pokemon.image_url
Hitmonlee,hitmonlee,https://img.pokemondb.net/sprites/sword-shield/icon/hitmonlee.png,df_pokemon.image_url
Hitmonchan,hitmonchan,https://img.pokemondb.net/sprites/sword-shield/icon/hitmonchan.png,df_pokemon.image_url
Lickitung,lickitung,https://img.pokemondb.net/sprites/sword-shield/icon/lickitung.png,df_pokemon.image_url
Koffing,koffing,https://img.pokemondb.net/sprites/sword-shield/icon/koffing.png,df_pokemon.image_url
Weezing,weezing,https://img.pokemondb.net/sprites/sword-shield/icon/weezing.png,df_pokemon.image_url
Galarian Weezing,galarian weezing,https://img.pokemondb.net/sprites/sword-shield/icon/weezing-galarian.png,df_pokemon.image_url
Rhyhorn,rhyhorn,https://img.pokemondb.net/sprites/sword-shield/icon/rhyhorn.png,df_pokemon.image_url
Rhydon,rhydon,https://img.pokemondb.net/sprites/sword-shield/icon/rhydon.png,df_pokemon.image_url
Chansey,chansey,https://img.pokemondb.net/sprites/sword-shield/icon/chansey.png,df_pokemon.image_url
Tangela,tangela,https://img.pokemondb.net/sprites/sword-shield/icon/tangela.png,df_pokemon.image_url
Kangaskhan,kangaskhan,https://img.pokemondb.net/sprites/sword-shield/icon/kangaskhan.png,df_pokemon.image_url
Mega Kangaskhan,mega kangaskhan,https://img.pokemondb.net/sprites/sword-shield/icon/kangaskhan-mega.png,df_pokemon.image_url
Horsea,horsea,https://img.pokemondb.net/sprites/sword-shield/icon/horsea.png,df_pokemon.image_url
Seadra,seadra,https://img.pokemondb.net/sprites/sword-shield/icon/seadra.png,df_pokemon.image_url
Goldeen,goldeen,https://img.pokemondb.net/sprites/sword-shield/icon/goldeen.png,df_pokemon.image_url
Seaking,seaking,https://img.pokemondb.net/sprites/sword-shield/icon/seaking.png,df_pokemon.image_url
Staryu,staryu,https://img.pokemondb.net/sprites/sword-shield/icon/staryu.png,df_pokemon.image_url
Starmie,starmie,https://img.pokemondb.net/sprites/sword-shield/icon/starmie.png,df_pokemon.image_url
Mime Galarian Mr. Mime,mime galarian mr mime,https://img.pokemondb.net/sprites/sword-shield/icon/mr-mime-galarian.png,df_pokemon.image_url
Mr. Mime,mr mime,https://img.pokemondb.net/sprites/sword-shield/icon/mr-mime.png,df_pokemon.image_url
Scyther,scyther,https://img.pokemondb.net/sprites/sword-shield/icon/scyther.png,df_pokemon.image_url
Jynx,jynx,https://img.pokemondb.net/sprites/sword-shield/icon/jynx.png,df_pokemon.image_url
Electabuzz,electabuzz,https://img.pokemondb.net/sprites/sword-shield/icon/electabuzz.png,df_pokemon.image_url
Magmar,magmar,https://img.pokemondb.net/sprites/sword-shield/icon/magmar.png,df_pokemon.image_url
Mega Pinsir,mega pinsir,https://img.pokemondb.net/sprites/sword-shield/icon/pinsir-mega.png,df_pokemon.image_url
Pinsir,pinsir,https://img.pokemondb.net/sprites/sword-shield/icon/pinsir.png,df_pokemon.image_url
Tauros,tauros,https://img.pokemondb.net/sprites/sword-shield/icon/tauros.png,df_pokemon.image_url
Magikarp,magikarp,https://img.pokemondb.net/sprites/sword-shield/icon/magikarp.png,df_pokemon.image_url
Mega Gyarados,mega gyarados,https://img.pokemondb.net/sprites/sword-shield/icon/gyarados-mega.png,df_pokemon.image_url
Gyarados,gyarados,https://img.pokemondb.net/sprites/sword-shield/icon/gyarados.png,df_pokemon.image_url
Lapras Gigantamax,lapras gigantamax,https://archives.bulbagarden.net/media/upload/e/ed/131GiMS8.png,df_pokemon.image_url
Lapras,lapras,https://img.pokemondb.net/sprites/sword-shield/icon/lapras.png,df_pokemon.image_url
Ditto,ditto,https://img.pokemondb.net/sprites/sword-shield/icon/ditto.png,df_pokemon.image_url
Partner Eevee,partner eevee,https://img.pokemondb.net/sprites/sword-shield/icon/eevee-lets-go.png,df_pokemon.image_url
Eevee Gigantamax,eevee gigantamax,https://archives.bulbagarden.net/media/upload/6/61/133GiMS8.png,df_pokemon.image_url
Eevee,eevee,https://img.pokemondb.net/sprites/sword-shield/icon/eevee.png,df_pokemon.image_url
Vaporeon,vaporeon,https://img.pokemondb.net/sprites/sword-shield/icon/vaporeon.png,df_pokemon.image_url
Jolteon,jolteon,https://img.pokemondb.net/sprites/sword-shield/icon/jolteon.png,df_pokemon.image_url
Flareon,flareon,https://img.pokemondb.net/sprites/sword-shield/icon/flareon.png,df_pokemon.image_url
Porygon,porygon,https://img.pokemondb.net/sprites/sword-shield/icon/porygon.png,df_pokemon.image_url
Omanyte,omanyte,https://img.pokemondb.net/sprites/sword-shield/icon/omanyte.png,df_pokemon.image_url
Omastar,omastar,https://img.pokemondb.net/sprites/sword-shield/icon/omastar.png,df_pokemon.image_url
Kabuto,kabuto,https://img.pokemondb.net/sprites/sword-shield/icon/kabuto.png,df_pokemon.image_url
Kabutops,kabutops,https://img.pokemondb.net/sprites/sword-shield/icon/kabutops.png,df_pokemon.image_url
Aerodactyl,aerodactyl,https://img.pokemondb.net/sprites/sword-shield/icon/aerodactyl.png,df_pokemon.image_url
Mega Aerodactyl,mega aerodactyl,https://img.pokemondb.net/sprites/sword-shield/icon/aerodactyl-mega.png,df_pokemon.image_url
Snorlax Gigantamax,snorlax gigantamax,https://archives.bulbagarden.net/media/upload/f/f7/143GiMS8.png,df_pokemon.image_url
Snorlax,snorlax,https://img.pokemondb.net/sprites/sword-shield/icon/snorlax.png,df_pokemon.image_url
Galarian Articuno,galarian articuno,https://img.pokemondb.net/sprites/sword-shield/icon/articuno-galarian.png,df_pokemon.image_url
Articuno,articuno,https://img.pokemondb.net/sprites/sword-shield/icon/articuno.png,df_pokemon.image_url
Galarian Zapdos,galarian zapdos,https://img.pokemondb.net/sprites/sword-shield/icon/zapdos-galarian.png,df_pokemon.image_url
Zapdos,zapdos,https://img.pokemondb.net/sprites/sword-shield/icon/zapdos.png,df_pokemon.image_url
Galarian Moltres,galarian moltres,https://img.pokemondb.net/sprites/sword-shield/icon/moltres-galarian.png,df_pokemon.image_url
Moltres,moltres,https://img.pokemondb.net/sprites/sword-shield/icon/moltres.png,df_pokemon.image_url
Dratini,dratini,https://img.pokemondb.net/sprites/sword-shield/icon/dratini.png,df_pokemon.image_url
Dragonair,dragonair,https://img.pokemondb.net/sprites/sword-shield/icon/dragonair.png,df_pokemon.image_url
Dragonite,dragonite,https://img.pokemondb.net/sprites/sword-shield/icon/dragonite.png,df_pokemon.image_url
Mega Mewtwo Y,mega mewtwo y,https://img.pokemondb.net/sprites/sword-shield/icon/mewtwo-mega-y.png,df_pokemon.image_url
Mega Mewtwo X,mega mewtwo x,https://img.pokemondb.net/sprites/sword-shield/icon/mewtwo-mega-x.png,df_pokemon.image_url
Mewtwo,mewtwo,https://img.pokemondb.net/sprites/sword-shield/icon/mewtwo.png,df_pokemon.image_url
Mew,mew,https://img.pokemondb.net/sprites/sword-shield/icon/mew.png,df_pokemon.image_url
Chikorita,chikorita,https://img.pokemondb.net/sprites/sword-shield/icon/chikorita.png,df_pokemon.image_url
Bayleef,bayleef,https://img.pokemondb.net/sprites/sword-shield/icon/bayleef.png,df_pokemon.image_url
Meganium,meganium,https://img.pokemondb.net/sprites/sword-shield/icon/meganium.png,df_pokemon.image_url
Cyndaquil,cyndaquil,https://img.pokemondb.net/sprites/sword-shield/icon/cyndaquil.png,df_pokemon.image_url
Quilava,quilava,https://img.pokemondb.net/sprites/sword-shield/icon/quilava.png,df_pokemon.image_url
Hisuian Typhlosion,hisuian typhlosion,https://img.pokemondb.net/s.png,df_pokemon.image_url
Typhlosion,typhlosion,https://img.pokemondb.net/sprites/sword-shield/icon/typhlosion.png,df_pokemon.image_url
Totodile,totodile,https://img.pokemondb.net/sprites/sword-shield/icon/totodile.png,df_pokemon.image_url
Croconaw,croconaw,https://img.pokemondb.net/sprites/sword-shield/icon/croconaw.png,df_pokemon.image_url
Feraligatr,feraligatr,https://img.pokemondb.net/sprites/sword-shield/icon/feraligatr.png,df_pokemon.image_url
Sentret,sentret,https://img.pokemondb.net/sprites/sword-shield/icon/sentret.png,df_pokemon.image_url
Furret,furret,https://img.pokemondb.net/sprites/sword-shield/icon/furret.png,df_pokemon.image_url
Hoothoot,hoothoot,https://img.pokemondb.net/sprites/sword-shield/icon/hoothoot.png,df_pokemon.image_url
Noctowl,noctowl,https://img.pokemondb.net/sprites/sword-shield/icon/noctowl.png,df_pokemon.image_url
Ledyba,ledyba,https://img.pokemondb.net/sprites/sword-shield/icon/ledyba.png,df_pokemon.image_url
Ledian,ledian,https://img.pokemondb.net/sprites/sword-shield/icon/ledian.png,df_pokemon.image_url
Spinarak,spinarak,https://img.pokemondb.net/sprites/sword-shield/icon/spinarak.png,df_pokemon.image_url
Ariados,ariados,https://img.pokemondb.net/sprites/sword-shield/icon/ariados.png,df_pokemon.image_url
Crobat,crobat,https://img.pokemondb.net/sprites/sword-shield/icon/crobat.png,df_pokemon.image_url
Chinchou,chinchou,https://img.pokemondb.net/sprites/sword-shield/icon/chinchou.png,df_pokemon.image_url
Lanturn,lanturn,https://img.pokemondb.net/sprites/sword-shield/icon/lanturn.png,df_pokemon.image_url
Pichu,pichu,https://img.pokemondb.net/sprites/sword-shield/icon/pichu.png,df_pokemon.image_url
Cleffa,cleffa,https://img.pokemondb.net/sprites/sword-shield/icon/cleffa.png,df_pokemon.image_url
Igglybuff,igglybuff,https://img.pokemondb.net/sprites/sword-shield/icon/igglybuff.png,df_pokemon.image_url
Togepi,togepi,https://img.pokemondb.net/sprites/sword-shield/icon/togepi.png,df_pokemon.image_url
Togetic,togetic,https://img.pokemondb.net/sprites/sword-shield/icon/togetic.png,df_pokemon.image_url
Natu,natu,https://img.pokemondb.net/sprites/sword-shield/icon/natu.png,df_pokemon.image_url
Xatu,xatu,https://img.pokemondb.net/sprites/sword-shield/icon/xatu.png,df_pokemon.image_url
Mareep,mareep,https://img.pokemondb.net/sprites/sword-shield/icon/mareep.png,df_pokemon.image_url
Flaaffy,flaaffy,https://img.pokemondb.net/sprites/sword-shield/icon/flaaffy.png,df_pokemon.image_url
Ampharos,ampharos,https://img.pokemondb.net/sprites/sword-shield/icon/ampharos.png,df_pokemon.image_url
Mega Ampharos,mega ampharos,https://img.pokemondb.net/sprites/sword-shield/icon/ampharos-mega.png,df_pokemon.image_url
Bellossom,bellossom,https://img.pokemondb.net/sprites/sword-shield/icon/bellossom.png,df_pokemon.image_url
Marill,marill,https://img.pokemondb.net/sprites/sword-shield/icon/marill.png,df_pokemon.image_url
Azumarill,azumarill,https://img.pokemondb.net/sprites/sword-shield/icon/azumarill.png,df_pokemon.image_url
Sudowoodo,sudowoodo,https://img.pokemondb.net/sprites/sword-shield/icon/sudowoodo.png,df_pokemon.image_url
Politoed,politoed,https://img.pokemondb.net/sprites/sword-shield/icon/politoed.png,df_pokemon.image_url
Hoppip,hoppip,https://img.pokemondb.net/sprites/sword-shield/icon/hoppip.png,df_pokemon.image_url
Skiploom,skiploom,https://img.pokemondb.net/sprites/sword-shield/icon/skiploom.png,df_pokemon.image_url
Jumpluff,jumpluff,https://img.pokemondb.net/sprites/sword-shield/icon/jumpluff.png,df_pokemon.image_url
Aipom,aipom,https://img.pokemondb.net/sprites/sword-shield/icon/aipom.png,df_pokemon.image_url
Sunkern,sunkern,https://img.pokemondb.net/sprites/sword-shield/icon/sunkern.png,df_pokemon.image_url
Sunflora,sunflora,https://img.pokemondb.net/sprites/sword-shield/icon/sunflora.png,df_pokemon.image_url
Yanma,yanma,https://img.pokemondb.net/sprites/sword-shield/icon/yanma.png,df_pokemon.image_url
Wooper,wooper,https://img.pokemondb.net/sprites/sword-shield/icon/wooper.png,df_pokemon.image_url
Quagsire,quagsire,https://img.pokemondb.net/sprites/sword-shield/icon/quagsire.png,df_pokemon.image_url
Espeon,espeon,https://img.pokemondb.net/sprites/sword-shield/icon/espeon.png,df_pokemon.image_url
Umbreon,umbreon,https://img.pokemondb.net/sprites/sword-shield/icon/umbreon.png,df_pokemon.image_url
Murkrow,murkrow,https://img.pokemondb.net/sprites/sword-shield/icon/murkrow.png,df_pokemon.image_url
Slowking,slowking,https://img.pokemondb.net/sprites/sword-shield/icon/slowking.png,df_pokemon.image_url
Galarian Slowking,galarian slowking,https://img.pokemondb.net/sprites/sword-shield/icon/slowking-galarian.png,df_pokemon.image_url
Misdreavus,misdreavus,https://img.pokemondb.net/sprites/sword-shield/icon/misdreavus.png,df_pokemon.image_url
Unown,unown,https://img.pokemondb.net/sprites/sword-shield/icon/unown.png,df_pokemon.image_url
Wobbuffet,wobbuffet,https://img.pokemondb.net/sprites/sword-shield/icon/wobbuffet.png,df_pokemon.image_url
Girafarig,girafarig,https://img.pokemondb.net/sprites/sword-shield/icon/girafarig.png,df_pokemon.image_url
Pineco,pineco,https://img.pokemondb.net/sprites/sword-shield/icon/pineco.png,df_pokemon.image_url
Forretress,forretress,https://img.pokemondb.net/sprites/sword-shield/icon/forretress.png,df_pokemon.image_url
Dunsparce,dunsparce,https://img.pokemondb.net/sprites/sword-shield/icon/dunsparce.png,df_pokemon.image_url
Gligar,gligar,https://img.pokemondb.net/sprites/sword-shield/icon/gligar.png,df_pokemon.image_url
Steelix,steelix,https://img.pokemondb.net/sprites/sword-shield/icon/steelix.png,df_pokemon.image_url
Mega Steelix,mega steelix,https://img.pokemondb.net/sprites/sword-shield/icon/steelix-mega.png,df_pokemon.image_url
Snubbull,snubbull,https://img.pokemondb.net/sprites/sword-shield/icon/snubbull.png,df_pokemon.image_url
Granbull,granbull,https://img.pokemondb.net/sprites/sword-shield/icon/granbull.png,df_pokemon.image_url
Hisuian Qwilfish,hisuian qwilfish,https://img.pokemondb.net/s.png,df_pokemon.image_url
Qwilfish,qwilfish,https://img.pokemondb.net/sprites/sword-shield/icon/qwilfish.png,df_pokemon.image_url
Mega Scizor,mega scizor,https://img.pokemondb.net/sprites/sword-shield/icon/scizor-mega.png,df_pokemon.image_url
Scizor,scizor,https://img.pokemondb.net/sprites/sword-shield/icon/scizor.png,df_pokemon.image_url
Shuckle,shuckle,https://img.pokemondb.net/sprites/sword-shield/icon/shuckle.png,df_pokemon.image_url
Heracross,heracross,https://img.pokemondb.net/sprites/sword-shield/icon/heracross.png,df_pokemon.image_url
Mega Heracross,mega heracross,https://img.pokemondb.net/sprites/sword-shield/icon/heracross-mega.png,df_pokemon.image_url
Hisuian Sneasel,hisuian sneasel,https://img.pokemondb.net/s.png,df_pokemon.image_url
Sneasel,sneasel,https://img.pokemondb.net/sprites/sword-shield/icon/sneasel.png,df_pokemon.image_url
Teddiursa,teddiursa,https://img.pokemondb.net/sprites/sword-shield/icon/teddiursa.png,df_pokemon.image_url
Ursaring,ursaring,https://img.pokemondb.net/sprites/sword-shield/icon/ursaring.png,df_pokemon.image_url
Slugma,slugma,https://img.pokemondb.net/sprites/sword-shield/icon/slugma.png,df_pokemon.image_url
Magcargo,magcargo,https://img.pokemondb.net/sprites/sword-shield/icon/magcargo.png,df_pokemon.image_url
Swinub,swinub,https://img.pokemondb.net/sprites/sword-shield/icon/swinub.png,df_pokemon.image_url
Piloswine,piloswine,https://img.pokemondb.net/sprites/sword-shield/icon/piloswine.png,df_pokemon.image_url
Corsola,corsola,https://img.pokemondb.net/sprites/sword-shield/icon/corsola.png,df_pokemon.image_url
Galarian Corsola,galarian corsola,https://img.pokemondb.net/sprites/sword-shield/icon/corsola-galarian.png,df_pokemon.image_url
Remoraid,remoraid,https://img.pokemondb.net/sprites/sword-shield/icon/remoraid.png,df_pokemon.image_url
Octillery,octillery,https://img.pokemondb.net/sprites/sword-shield/icon/octillery.png,df_pokemon.image_url
Delibird,delibird,https://img.pokemondb.net/sprites/sword-shield/icon/delibird.png,df_pokemon.image_url
Mantine,mantine,https://img.pokemondb.net/sprites/sword-shield/icon/mantine.png,df_pokemon.image_url
Skarmory,skarmory,https://img.pokemondb.net/sprites/sword-shield/icon/skarmory.png,df_pokemon.image_url
Houndour,houndour,https://img.pokemondb.net/sprites/sword-shield/icon/houndour.png,df_pokemon.image_url
Houndoom,houndoom,https://img.pokemondb.net/sprites/sword-shield/icon/houndoom.png,df_pokemon.image_url
Mega Houndoom,mega houndoom,https://img.pokemondb.net/sprites/sword-shield/icon/houndoom-mega.png,df_pokemon.image_url
Kingdra,kingdra,https://img.pokemondb.net/sprites/sword-shield/icon/kingdra.png,df_pokemon.image_url
Phanpy,phanpy,https://img.pokemondb.net/sprites/sword-shield/icon/phanpy.png,df_pokemon.image_url
Donphan,donphan,https://img.pokemondb.net/sprites/sword-shield/icon/donphan.png,df_pokemon.image_url
Porygon2,porygon2,https://img.pokemondb.net/sprites/sword-shield/icon/porygon2.png,df_pokemon.image_url
Stantler,stantler,https://img.pokemondb.net/sprites/sword-shield/icon/stantler.png,df_pokemon.image_url
Smeargle,smeargle,https://img.pokemondb.net/sprites/sword-shield/icon/smeargle.png,df_pokemon.image_url
Tyrogue,tyrogue,https://img.pokemondb.net/sprites/sword-shield/icon/tyrogue.png,df_pokemon.image_url
Hitmontop,hitmontop,https://img.pokemondb.net/sprites/sword-shield/icon/hitmontop.png,df_pokemon.image_url
Smoochum,smoochum,https://img.pokemondb.net/sprites/sword-shield/icon/smoochum.png,df_pokemon.image_url
Elekid,elekid,https://img.pokemondb.net/sprites/sword-shield/icon/elekid.png,df_pokemon.image_url
Magby,magby,https://img.pokemondb.net/sprites/sword-shield/icon/magby.png,df_pokemon.image_url
Miltank,miltank,https://img.pokemondb.net/sprites/sword-shield/icon/miltank.png,df_pokemon.image_url
Blissey,blissey,https://img.pokemondb.net/sprites/sword-shield/icon/blissey.png,df_pokemon.image_url
Raikou,raikou,https://img.pokemondb.net/sprites/sword-shield/icon/raikou.png,df_pokemon.image_url
Entei,entei,https://img.pokemondb.net/sprites/sword-shield/icon/entei.png,df_pokemon.image_url
Suicune,suicune,https://img.pokemondb.net/sprites/sword-shield/icon/suicune.png,df_pokemon.image_url
Larvitar,larvitar,https://img.pokemondb.net/sprites/sword-shield/icon/larvitar.png,df_pokemon.image_url
Pupitar,pupitar,https://img.pokemondb.net/sprites/sword-shield/icon/pupitar.png,df_pokemon.image_url
Mega Tyranitar,mega tyranitar,https://img.pokemondb.net/sprites/sword-shield/icon/tyranitar-mega.png,df_pokemon.image_url
Tyranitar,tyranitar,https://img.pokemondb.net/sprites/sword-shield/icon/tyranitar.png,df_pokemon.image_url
Lugia,lugia,https://img.pokemondb.net/sprites/sword-shield/icon/lugia.png,df_pokemon.image_url
Ho-oh,ho oh,https://img.pokemondb.net/sprites/sword-shield/icon/ho-oh.png,df_pokemon.image_url
Celebi,celebi,https://img.pokemondb.net/sprites/sword-shield/icon/celebi.png,df_pokemon.image_url
Treecko,treecko,https://img.pokemondb.net/sprites/sword-shield/icon/treecko.png,df_pokemon.image_url
Grovyle,grovyle,https://img.pokemondb.net/sprites/sword-shield/icon/grovyle.png,df_pokemon.image_url
Mega Sceptile,mega sceptile,https://img.pokemondb.net/sprites/sword-shield/icon/sceptile-mega.png,df_pokemon.image_url
Sceptile,sceptile,https://img.pokemondb.net/sprites/sword-shield/icon/sceptile.png,df_pokemon.image_url
Torchic,torchic,https://img.pokemondb.net/sprites/sword-shield/icon/torchic.png,df_pokemon.image_url
Combusken,combusken,https://img.pokemondb.net/sprites/sword-shield/icon/combusken.png,df_pokemon.image_url
Blaziken,blaziken,https://img.pokemondb.net/sprites/sword-shield/icon/blaziken.png,df_pokemon.image_url
Mega Blaziken,mega blaziken,https://img.pokemondb.net/sprites/sword-shield/icon/blaziken-mega.png,df_pokemon.image_url
Mudkip,mudkip,https://img.pokemondb.net/sprites/sword-shield/icon/mudkip.png,df_pokemon.image_url
Marshtomp,marshtomp,https://img.pokemondb.net/sprites/sword-shield/icon/marshtomp.png,df_pokemon.image_url
Mega Swampert,mega swampert,https://img.pokemondb.net/sprites/sword-shield/icon/swampert-mega.png,df_pokemon.image_url
Swampert,swampert,https://img.pokemondb.net/sprites/sword-shield/icon/swampert.png,df_pokemon.image_url
Poochyena,poochyena,https://img.pokemondb.net/sprites/sword-shield/icon/poochyena.png,df_pokemon.image_url
Mightyena,mightyena,https://img.pokemondb.net/sprites/sword-shield/icon/mightyena.png,df_pokemon.image_url
Zigzagoon,zigzagoon,https://img.pokemondb.net/sprites/sword-shield/icon/zigzagoon.png,df_pokemon.image_url
Galarian Zigzagoon,galarian zigzagoon,https://img.pokemondb.net/sprites/sword-shield/icon/zigzagoon-galarian.png,df_pokemon.image_url
Linoone,linoone,https://img.pokemondb.net/sprites/sword-shield/icon/linoone.png,df_pokemon.image_url
Galarian Linoone,galarian linoone,https://img.pokemondb.net/sprites/sword-shield/icon/linoone-galarian.png,df_pokemon.image_url
Wurmple,wurmple,https://img.pokemondb.net/sprites/sword-shield/icon/wurmple.png,df_pokemon.image_url
Silcoon,silcoon,https://img.pokemondb.net/sprites/sword-shield/icon/silcoon.png,df_pokemon.image_url
Beautifly,beautifly,https://img.pokemondb.net/sprites/sword-shield/icon/beautifly.png,df_pokemon.image_url
Cascoon,cascoon,https://img.pokemondb.net/sprites/sword-shield/icon/cascoon.png,df_pokemon.image_url
Dustox,dustox,https://img.pokemondb.net/sprites/sword-shield/icon/dustox.png,df_pokemon.image_url
Lotad,lotad,https://img.pokemondb.net/sprites/sword-shield/icon/lotad.png,df_pokemon.image_url
Lombre,lombre,https://img.pokemondb.net/sprites/sword-shield/icon/lombre.png,df_pokemon.image_url
Ludicolo,ludicolo,https://img.pokemondb.net/sprites/sword-shield/icon/ludicolo.png,df_pokemon.image_url
Seedot,seedot,https://img.pokemondb.net/sprites/sword-shield/icon/seedot.png,df_pokemon.image_url
Nuzleaf,nuzleaf,https://img.pokemondb.net/sprites/sword-shield/icon/nuzleaf.png,df_pokemon.image_url
Shiftry,shiftry,https://img.pokemondb.net/sprites/sword-shield/icon/shiftry.png,df_pokemon.image_url
Taillow,taillow,https://img.pokemondb.net/sprites/sword-shield/icon/taillow.png,df_pokemon.image_url
Swellow,swellow,https://img.pokemondb.net/sprites/sword-shield/icon/swellow.png,df_pokemon.image_url
Wingull,wingull,https://img.pokemondb.net/sprites/sword-shield/icon/wingull.png,df_pokemon.image_url
Pelipper,pelipper,https://img.pokemondb.net/sprites/sword-shield/icon/pelipper.png,df_pokemon.image_url
Ralts,ralts,https://img.pokemondb.net/sprites/sword-shield/icon/ralts.png,df_pokemon.image_url
Kirlia,kirlia,https://img.pokemondb.net/sprites/sword-shield/icon/kirlia.png,df_pokemon.image_url
Gardevoir,gardevoir,https://img.pokemondb.net/sprites/sword-shield/icon/gardevoir.png,df_pokemon.image_url
Mega Gardevoir,mega gardevoir,https://img.pokemondb.net/sprites/sword-shield/icon/gardevoir-mega.png,df_pokemon.image_url
Surskit,surskit,https://img.pokemondb.net/sprites/sword-shield/icon/surskit.png,df_pokemon.image_url
Masquerain,masquerain,https://img.pokemondb.net/sprites/sword-shield/icon/masquerain.png,df_pokemon.image_url
Shroomish,shroomish,https://img.pokemondb.net/sprites/sword-shield/icon/shroomish.png,df_pokemon.image_url
Breloom,breloom,https://img.pokemondb.net/sprites/sword-shield/icon/breloom.png,df_pokemon.image_url
Slakoth,slakoth,https://img.pokemondb.net/sprites/sword-shield/icon/slakoth.png,df_pokemon.image_url
Vigoroth,vigoroth,https://img.pokemondb.net/sprites/sword-shield/icon/vigoroth.png,df_pokemon.image_url
Slaking,slaking,https://img.pokemondb.net/sprites/sword-shield/icon/slaking.png,df_pokemon.image_url
Nincada,nincada,https://img.pokemondb.net/sprites/sword-shield/icon/nincada.png,df_pokemon.image_url
Ninjask,ninjask,https://img.pokemondb.net/sprites/sword-shield/icon/ninjask.png,df_pokemon.image_url
Shedinja,shedinja,https://img.pokemondb.net/sprites/sword-shield/icon/shedinja.png,df_pokemon.image_url
Whismur,whismur,https://img.pokemondb.net/sprites/sword-shield/icon/whismur.png,df_pokemon.image_url
Loudred,loudred,https://img.pokemondb.net/sprites/sword-shield/icon/loudred.png,df_pokemon.image_url
Exploud,exploud,https://img.pokemondb.net/sprites/sword-shield/icon/exploud.png,df_pokemon.image_url
Makuhita,makuhita,https://img.pokemondb.net/sprites/sword-shield/icon/makuhita.png,df_pokemon.image_url
Hariyama,hariyama,https://img.pokemondb.net/sprites/sword-shield/icon/hariyama.png,df_pokemon.image_url
Azurill,azurill,https://img.pokemondb.net/sprites/sword-shield/icon/azurill.png,df_pokemon.image_url
Nosepass,nosepass,https://img.pokemondb.net/sprites/sword-shield/icon/nosepass.png,df_pokemon.image_url
Skitty,skitty,https://img.pokemondb.net/sprites/sword-shield/icon/skitty.png,df_pokemon.image_url
Delcatty,delcatty,https://img.pokemondb.net/sprites/sword-shield/icon/delcatty.png,df_pokemon.image_url
Mega Sableye,mega sableye,https://img.pokemondb.net/sprites/sword-shield/icon/sableye-mega.png,df_pokemon.image_url
Sableye,sableye,https://img.pokemondb.net/sprites/sword-shield/icon/sableye.png,df_pokemon.image_url
Mawile,mawile,https://img.pokemondb.net/sprites/sword-shield/icon/mawile.png,df_pokemon.image_url
Mega Mawile,mega mawile,https://img.pokemondb.net/sprites/sword-shield/icon/mawile-mega.png,df_pokemon.image_url
Aron,aron,https://img.pokemondb.net/sprites/sword-shield/icon/aron.png,df_pokemon.image_url
Lairon,lairon,https://img.pokemondb.net/sprites/sword-shield/icon/lairon.png,df_pokemon.image_url
Aggron,aggron,https://img.pokemondb.net/sprites/sword-shield/icon/aggron.png,df_pokemon.image_url
Mega Aggron,mega aggron,https://img.pokemondb.net/sprites/sword-shield/icon/aggron-mega.png,df_pokemon.image_url
Meditite,meditite,https://img.pokemondb.net/sprites/sword-shield/icon/meditite.png,df_pokemon.image_url
Medicham,medicham,https://img.pokemondb.net/sprites/sword-shield/icon/medicham.png,df_pokemon.image_url
Mega Medicham,mega medicham,https://img.pokemondb.net/sprites/sword-shield/icon/medicham-mega.png,df_pokemon.image_url
Electrike,electrike,https://img.pokemondb.net/sprites/sword-shield/icon/electrike.png,df_pokemon.image_url
Manectric,manectric,https://img.pokemondb.net/sprites/sword-shield/icon/manectric.png,df_pokemon.image_url
Mega Manectric,mega manectric,https://img.pokemondb.net/sprites/sword-shield/icon/manectric-mega.png,df_pokemon.image_url
Plusle,plusle,https://img.pokemondb.net/sprites/sword-shield/icon/plusle.png,df_pokemon.image_url
Minun,minun,https://img.pokemondb.net/sprites/sword-shield/icon/minun.png,df_pokemon.image_url
Volbeat,volbeat,https://img.pokemondb.net/sprites/sword-shield/icon/volbeat.png,df_pokemon.image_url
Illumise,illumise,https://img.pokemondb.net/sprites/sword-shield/icon/illumise.png,df_pokemon.image_url
Roselia,roselia,https://img.pokemondb.net/sprites/sword-shield/icon/roselia.png,df_pokemon.image_url
Gulpin,gulpin,https://img.pokemondb.net/sprites/sword-shield/icon/gulpin.png,df_pokemon.image_url
Swalot,swalot,https://img.pokemondb.net/sprites/sword-shield/icon/swalot.png,df_pokemon.image_url
Carvanha,carvanha,https://img.pokemondb.net/sprites/sword-shield/icon/carvanha.png,df_pokemon.image_url
Mega Sharpedo,mega sharpedo,https://img.pokemondb.net/sprites/sword-shield/icon/sharpedo-mega.png,df_pokemon.image_url
Sharpedo,sharpedo,https://img.pokemondb.net/sprites/sword-shield/icon/sharpedo.png,df_pokemon.image_url
Wailmer,wailmer,https://img.pokemondb.net/sprites/sword-shield/icon/wailmer.png,df_pokemon.image_url
Wailord,wailord,https://img.pokemondb.net/sprites/sword-shield/icon/wailord.png,df_pokemon.image_url
Numel,numel,https://img.pokemondb.net/sprites/sword-shield/icon/numel.png,df_pokemon.image_url
Camerupt,camerupt,https://img.pokemondb.net/sprites/sword-shield/icon/camerupt.png,df_pokemon.image_url
Mega Camerupt,mega camerupt,https://img.pokemondb.net/sprites/sword-shield/icon/camerupt-mega.png,df_pokemon.image_url
Torkoal,torkoal,https://img.pokemondb.net/sprites/sword-shield/icon/torkoal.png,df_pokemon.image_url
Spoink,spoink,https://img.pokemondb.net/sprites/sword-shield/icon/spoink.png,df_pokemon.image_url
Grumpig,grumpig,https://img.pokemondb.net/sprites/sword-shield/icon/grumpig.png,df_pokemon.image_url
Spinda,spinda,https://img.pokemondb.net/sprites/sword-shield/icon/spinda.png,df_pokemon.image_url
Trapinch,trapinch,https://img.pokemondb.net/sprites/sword-shield/icon/trapinch.png,df_pokemon.image_url
Vibrava,vibrava,https://img.pokemondb.net/sprites/sword-shield/icon/vibrava.png,df_pokemon.image_url
Flygon,flygon,https://img.pokemondb.net/sprites/sword-shield/icon/flygon.png,df_pokemon.image_url
Cacnea,cacnea,https://img.pokemondb.net/sprites/sword-shield/icon/cacnea.png,df_pokemon.image_url
Cacturne,cacturne,https://img.pokemondb.net/sprites/sword-shield/icon/cacturne.png,df_pokemon.image_url
Swablu,swablu,https://img.pokemondb.net/sprites/sword-shield/icon/swablu.png,df_pokemon.image_url
Altaria,altaria,https://img.pokemondb.net/sprites/sword-shield/icon/altaria.png,df_pokemon.image_url
Mega Altaria,mega altaria,https://img.pokemondb.net/sprites/sword-shield/icon/altaria-mega.png,df_pokemon.image_url
Zangoose,zangoose,https://img.pokemondb.net/sprites/sword-shield/icon/zangoose.png,df_pokemon.image_url
Seviper,seviper,https://img.pokemondb.net/sprites/sword-shield/icon/seviper.png,df_pokemon.image_url
Lunatone,lunatone,https://img.pokemondb.net/sprites/sword-shield/icon/lunatone.png,df_pokemon.image_url
Solrock,solrock,https://img.pokemondb.net/sprites/sword-shield/icon/solrock.png,df_pokemon.image_url
Barboach,barboach,https://img.pokemondb.net/sprites/sword-shield/icon/barboach.png,df_pokemon.image_url
Whiscash,whiscash,https://img.pokemondb.net/sprites/sword-shield/icon/whiscash.png,df_pokemon.image_url
Corphish,corphish,https://img.pokemondb.net/sprites/sword-shield/icon/corphish.png,df_pokemon.image_url
Crawdaunt,crawdaunt,https://img.pokemondb.net/sprites/sword-shield/icon/crawdaunt.png,df_pokemon.image_url
Baltoy,baltoy,https://img.pokemondb.net/sprites/sword-shield/icon/baltoy.png,df_pokemon.image_url
Claydol,claydol,https://img.pokemondb.net/sprites/sword-shield/icon/claydol.png,df_pokemon.image_url
Lileep,lileep,https://img.pokemondb.net/sprites/sword-shield/icon/lileep.png,df_pokemon.image_url
Cradily,cradily,https://img.pokemondb.net/sprites/sword-shield/icon/cradily.png,df_pokemon.image_url
Anorith,anorith,https://img.pokemondb.net/sprites/sword-shield/icon/anorith.png,df_pokemon.image_url
Armaldo,armaldo,https://img.pokemondb.net/sprites/sword-shield/icon/armaldo.png,df_pokemon.image_url
Feebas,feebas,https://img.pokemondb.net/sprites/sword-shield/icon/feebas.png,df_pokemon.image_url
Milotic,milotic,https://img.pokemondb.net/sprites/sword-shield/icon/milotic.png,df_pokemon.image_url
Castform,castform,https://img.pokemondb.net/sprites/sword-shield/icon/castform.png,df_pokemon.image_url
Castform Sunny Form,castform sunny form,https://img.pokemondb.net/sprites/sword-shield/icon/castform-sunny.png,df_pokemon.image_url
Castform Rainy Form,castform rainy form,https://img.pokemondb.net/sprites/sword-shield/icon/castform-rainy.png,df_pokemon.image_url
Castform Snowy Form,castform snowy form,https://img.pokemondb.net/sprites/sword-shield/icon/castform-snowy.png,df_pokemon.image_url
Kecleon,kecleon,https://img.pokemondb.net/sprites/sword-shield/icon/kecleon.png,df_pokemon.image_url
Shuppet,shuppet,https://img.pokemondb.net/sprites/sword-shield/icon/shuppet.png,df_pokemon.image_url
Mega Banette,mega banette,https://img.pokemondb.net/sprites/sword-shield/icon/banette-mega.png,df_pokemon.image_url
Banette,banette,https://img.pokemondb.net/sprites/sword-shield/icon/banette.png,df_pokemon.image_url
Duskull,duskull,https://img.pokemondb.net/sprites/sword-shield/icon/duskull.png,df_pokemon.image_url
Dusclops,dusclops,https://img.pokemondb.net/sprites/sword-shield/icon/dusclops.png,df_pokemon.image_url
Tropius,tropius,https://img.pokemondb.net/sprites/sword-shield/icon/tropius.png,df_pokemon.image_url
Chimecho,chimecho,https://img.pokemondb.net/sprites/sword-shield/icon/chimecho.png,df_pokemon.image_url
Absol,absol,https://img.pokemondb.net/sprites/sword-shield/icon/absol.png,df_pokemon.image_url
Mega Absol,mega absol,https://img.pokemondb.net/sprites/sword-shield/icon/absol-mega.png,df_pokemon.image_url
Wynaut,wynaut,https://img.pokemondb.net/sprites/sword-shield/icon/wynaut.png,df_pokemon.image_url
Snorunt,snorunt,https://img.pokemondb.net/sprites/sword-shield/icon/snorunt.png,df_pokemon.image_url
Mega Glalie,mega glalie,https://img.pokemondb.net/sprites/sword-shield/icon/glalie-mega.png,df_pokemon.image_url
Glalie,glalie,https://img.pokemondb.net/sprites/sword-shield/icon/glalie.png,df_pokemon.image_url
Spheal,spheal,https://img.pokemondb.net/sprites/sword-shield/icon/spheal.png,df_pokemon.image_url
Sealeo,sealeo,https://img.pokemondb.net/sprites/sword-shield/icon/sealeo.png,df_pokemon.image_url
Walrein,walrein,https://img.pokemondb.net/sprites/sword-shield/icon/walrein.png,df_pokemon.image_url
Clamperl,clamperl,https://img.pokemondb.net/sprites/sword-shield/icon/clamperl.png,df_pokemon.image_url
Huntail,huntail,https://img.pokemondb.net/sprites/sword-shield/icon/huntail.png,df_pokemon.image_url
Gorebyss,gorebyss,https://img.pokemondb.net/sprites/sword-shield/icon/gorebyss.png,df_pokemon.image_url
Relicanth,relicanth,https://img.pokemondb.net/sprites/sword-shield/icon/relicanth.png,df_pokemon.image_url
Luvdisc,luvdisc,https://img.pokemondb.net/sprites/sword-shield/icon/luvdisc.png,df_pokemon.image_url
Bagon,bagon,https://img.pokemondb.net/sprites/sword-shield/icon/bagon.png,df_pokemon.image_url
Shelgon,shelgon,https://img.pokemondb.net/sprites/sword-shield/icon/shelgon.png,df_pokemon.image_url
Mega Salamence,mega salamence,https://img.pokemondb.net/sprites/sword-shield/icon/salamence-mega.png,df_pokemon.image_url
Salamence,salamence,https://img.pokemondb.net/sprites/sword-shield/icon/salamence.png,df_pokemon.image_url
Beldum,beldum,https://img.pokemondb.net/sprites/sword-shield/icon/beldum.png,df_pokemon.image_url
Metang,metang,https://img.pokemondb.net/sprites/sword-shield/icon/metang.png,df_pokemon.image_url
Mega Metagross,mega metagross,https://img.pokemondb.net/sprites/sword-shield/icon/metagross-mega.png,df_pokemon.image_url
Metagross,metagross,https://img.pokemondb.net/sprites/sword-shield/icon/metagross.png,df_pokemon.image_url
Regirock,regirock,https://img.pokemondb.net/sprites/sword-shield/icon/regirock.png,df_pokemon.image_url
Regice,regice,https://img.pokemondb.net/sprites/sword-shield/icon/regice.png,df_pokemon.image_url
Registeel,registeel,https://img.pokemondb.net/sprites/sword-shield/icon/registeel.png,df_pokemon.image_url
Mega Latias,mega latias,https://img.pokemondb.net/sprites/sword-shield/icon/latias-mega.png,df_pokemon.image_url
Latias,latias,https://img.pokemondb.net/sprites/sword-shield/icon/latias.png,df_pokemon.image_url
Latios,latios,https://img.pokemondb.net/sprites/sword-shield/icon/latios.png,df_pokemon.image_url
Mega Latios,mega latios,https://img.pokemondb.net/sprites/sword-shield/icon/latios-mega.png,df_pokemon.image_url
Primal Kyogre,primal kyogre,https://img.pokemondb.net/sprites/sword-shield/icon/kyogre-primal.png,df_pokemon.image_url
Kyogre,kyogre,https://img.pokemondb.net/sprites/sword-shield/icon/kyogre.png,df_pokemon.image_url
Primal Groudon,primal groudon,https://img.pokemondb.net/sprites/sword-shield/icon/groudon-primal.png,df_pokemon.image_url
Groudon,groudon,https://img.pokemondb.net/sprites/sword-shield/icon/groudon.png,df_pokemon.image_url
Mega Rayquaza,mega rayquaza,https://img.pokemondb.net/sprites/sword-shield/icon/rayquaza-mega.png,df_pokemon.image_url
Rayquaza,rayquaza,https://img.pokemondb.net/sprites/sword-shield/icon/rayquaza.png,df_pokemon.image_url
Jirachi,jirachi,https://img.pokemondb.net/sprites/sword-shield/icon/jirachi.png,df_pokemon.image_url
Deoxys Defense Forme,deoxys defense forme,https://img.pokemondb.net/sprites/sword-shield/icon/deoxys-defense.png,df_pokemon.image_url
Deoxys Attack Forme,deoxys attack forme,https://img.pokemondb.net/sprites/sword-shield/icon/deoxys-attack.png,df_pokemon.image_url
Deoxys Normal Forme,deoxys normal forme,https://img.pokemondb.net/sprites/sword-shield/icon/deoxys-normal.png,df_pokemon.image_url
Deoxys Speed Forme,deoxys speed forme,https://img.pokemondb.net/sprites/sword-shield/icon/deoxys-speed.png,df_pokemon.image_url
Turtwig,turtwig,https://img.pokemondb.net/sprites/sword-shield/icon/turtwig.png,df_pokemon.image_url
Grotle,grotle,https://img.pokemondb.net/sprites/sword-shield/icon/grotle.png,df_pokemon.image_url
Torterra,torterra,https://img.pokemondb.net/sprites/sword-shield/icon/torterra.png,df_pokemon.image_url
Chimchar,chimchar,https://img.pokemondb.net/sprites/sword-shield/icon/chimchar.png,df_pokemon.image_url
Monferno,monferno,https://img.pokemondb.net/sprites/sword-shield/icon/monferno.png,df_pokemon.image_url
Infernape,infernape,https://img.pokemondb.net/sprites/sword-shield/icon/infernape.png,df_pokemon.image_url
Piplup,piplup,https://img.pokemondb.net/sprites/sword-shield/icon/piplup.png,df_pokemon.image_url
Prinplup,prinplup,https://img.pokemondb.net/sprites/sword-shield/icon/prinplup.png,df_pokemon.image_url
Empoleon,empoleon,https://img.pokemondb.net/sprites/sword-shield/icon/empoleon.png,df_pokemon.image_url
Starly,starly,https://img.pokemondb.net/sprites/sword-shield/icon/starly.png,df_pokemon.image_url
Staravia,staravia,https://img.pokemondb.net/sprites/sword-shield/icon/staravia.png,df_pokemon.image_url
Staraptor,staraptor,https://img.pokemondb.net/sprites/sword-shield/icon/staraptor.png,df_pokemon.image_url
Bidoof,bidoof,https://img.pokemondb.net/sprites/sword-shield/icon/bidoof.png,df_pokemon.image_url
Bibarel,bibarel,https://img.pokemondb.net/sprites/sword-shield/icon/bibarel.png,df_pokemon.image_url
Kricketot,kricketot,https://img.pokemondb.net/sprites/sword-shield/icon/kricketot.png,df_pokemon.image_url
Kricketune,kricketune,https://img.pokemondb.net/sprites/sword-shield/icon/kricketune.png,df_pokemon.image_url
Shinx,shinx,https://img.pokemondb.net/sprites/sword-shield/icon/shinx.png,df_pokemon.image_url
Luxio,luxio,https://img.pokemondb.net/sprites/sword-shield/icon/luxio.png,df_pokemon.image_url
Luxray,luxray,https://img.pokemondb.net/sprites/sword-shield/icon/luxray.png,df_pokemon.image_url
Budew,budew,https://img.pokemondb.net/sprites/sword-shield/icon/budew.png,df_pokemon.image_url
Roserade,roserade,https://img.pokemondb.net/sprites/sword-shield/icon/roserade.png,df_pokemon.image_url
Cranidos,cranidos,https://img.pokemondb.net/sprites/sword-shield/icon/cranidos.png,df_pokemon.image_url
Rampardos,rampardos,https://img.pokemondb.net/sprites/sword-shield/icon/rampardos.png,df_pokemon.image_url
Shieldon,shieldon,https://img.pokemondb.net/sprites/sword-shield/icon/shieldon.png,df_pokemon.image_url
Bastiodon,bastiodon,https://img.pokemondb.net/sprites/sword-shield/icon/bastiodon.png,df_pokemon.image_url
Burmy Plant Cloak,burmy plant cloak,https://img.pokemondb.net/sprites/sword-shield/icon/burmy-plant.png,df_pokemon.image_url
Burmy Sandy Cloak,burmy sandy cloak,https://img.pokemondb.net/sprites/sword-shield/icon/burmy-sandy.png,df_pokemon.image_url
Burmy Trash Cloak,burmy trash cloak,https://img.pokemondb.net/sprites/sword-shield/icon/burmy-trash.png,df_pokemon.image_url
Wormadam Plant Cloak,wormadam plant cloak,https://img.pokemondb.net/sprites/sword-shield/icon/wormadam-plant.png,df_pokemon.image_url
Wormadam Sandy Cloak,wormadam sandy cloak,https://img.pokemondb.net/sprites/sword-shield/icon/wormadam-sandy.png,df_pokemon.image_url
Wormadam Trash Cloak,wormadam trash cloak,https://img.pokemondb.net/sprites/sword-shield/icon/wormadam-trash.png,df_pokemon.image_url
Mothim,mothim,https://img.pokemondb.net/sprites/sword-shield/icon/mothim.png,df_pokemon.image_url
Combee,combee,https://img.pokemondb.net/sprites/sword-shield/icon/combee.png,df_pokemon.image_url
Vespiquen,vespiquen,https://img.pokemondb.net/sprites/sword-shield/icon/vespiquen.png,df_pokemon.image_url
Pachirisu,pachirisu,https://img.pokemondb.net/sprites/sword-shield/icon/pachirisu.png,df_pokemon.image_url
Buizel,buizel,https://img.pokemondb.net/sprites/sword-shield/icon/buizel.png,df_pokemon.image_url
Floatzel,floatzel,https://img.pokemondb.net/sprites/sword-shield/icon/floatzel.png,df_pokemon.image_url
Cherubi,cherubi,https://img.pokemondb.net/sprites/sword-shield/icon/cherubi.png,df_pokemon.image_url
Cherrim,cherrim,https://img.pokemondb.net/sprites/sword-shield/icon/cherrim.png,df_pokemon.image_url
Shellos,shellos,https://img.pokemondb.net/sprites/sword-shield/icon/shellos.png,df_pokemon.image_url
Gastrodon,gastrodon,https://img.pokemondb.net/sprites/sword-shield/icon/gastrodon.png,df_pokemon.image_url
Ambipom,ambipom,https://img.pokemondb.net/sprites/sword-shield/icon/ambipom.png,df_pokemon.image_url
Drifloon,drifloon,https://img.pokemondb.net/sprites/sword-shield/icon/drifloon.png,df_pokemon.image_url
Drifblim,drifblim,https://img.pokemondb.net/sprites/sword-shield/icon/drifblim.png,df_pokemon.image_url
Buneary,buneary,https://img.pokemondb.net/sprites/sword-shield/icon/buneary.png,df_pokemon.image_url
Mega Lopunny,mega lopunny,https://img.pokemondb.net/sprites/sword-shield/icon/lopunny-mega.png,df_pokemon.image_url
Lopunny,lopunny,https://img.pokemondb.net/sprites/sword-shield/icon/lopunny.png,df_pokemon.image_url
Mismagius,mismagius,https://img.pokemondb.net/sprites/sword-shield/icon/mismagius.png,df_pokemon.image_url
Honchkrow,honchkrow,https://img.pokemondb.net/sprites/sword-shield/icon/honchkrow.png,df_pokemon.image_url
Glameow,glameow,https://img.pokemondb.net/sprites/sword-shield/icon/glameow.png,df_pokemon.image_url
Purugly,purugly,https://img.pokemondb.net/sprites/sword-shield/icon/purugly.png,df_pokemon.image_url
Chingling,chingling,https://img.pokemondb.net/sprites/sword-shield/icon/chingling.png,df_pokemon.image_url
Stunky,stunky,https://img.pokemondb.net/sprites/sword-shield/icon/stunky.png,df_pokemon.image_url
Skuntank,skuntank,https://img.pokemondb.net/sprites/sword-shield/icon/skuntank.png,df_pokemon.image_url
Bronzor,bronzor,https://img.pokemondb.net/sprites/sword-shield/icon/bronzor.png,df_pokemon.image_url
Bronzong,bronzong,https://img.pokemondb.net/sprites/sword-shield/icon/bronzong.png,df_pokemon.image_url
Bonsly,bonsly,https://img.pokemondb.net/sprites/sword-shield/icon/bonsly.png,df_pokemon.image_url
Mime Jr.,mime jr,https://img.pokemondb.net/sprites/sword-shield/icon/mime-jr.png,df_pokemon.image_url
Happiny,happiny,https://img.pokemondb.net/sprites/sword-shield/icon/happiny.png,df_pokemon.image_url
Chatot,chatot,https://img.pokemondb.net/sprites/sword-shield/icon/chatot.png,df_pokemon.image_url
Spiritomb,spiritomb,https://img.pokemondb.net/sprites/sword-shield/icon/spiritomb.png,df_pokemon.image_url
Gible,gible,https://img.pokemondb.net/sprites/sword-shield/icon/gible.png,df_pokemon.image_url
Gabite,gabite,https://img.pokemondb.net/sprites/sword-shield/icon/gabite.png,df_pokemon.image_url
Garchomp,garchomp,https://img.pokemondb.net/sprites/sword-shield/icon/garchomp.png,df_pokemon.image_url
Mega Garchomp,mega garchomp,https://img.pokemondb.net/sprites/sword-shield/icon/garchomp-mega.png,df_pokemon.image_url
Munchlax,munchlax,https://img.pokemondb.net/sprites/sword-shield/icon/munchlax.png,df_pokemon.image_url
Riolu,riolu,https://img.pokemondb.net/sprites/sword-shield/icon/riolu.png,df_pokemon.image_url
Mega Lucario,mega lucario,https://img.pokemondb.net/sprites/sword-shield/icon/lucario-mega.png,df_pokemon.image_url
Lucario,lucario,https://img.pokemondb.net/sprites/sword-shield/icon/lucario.png,df_pokemon.image_url
Hippopotas,hippopotas,https://img.pokemondb.net/sprites/sword-shield/icon/hippopotas.png,df_pokemon.image_url
Hippowdon,hippowdon,https://img.pokemondb.net/sprites/sword-shield/icon/hippowdon.png,df_pokemon.image_url
Skorupi,skorupi,https://img.pokemondb.net/sprites/sword-shield/icon/skorupi.png,df_pokemon.image_url
Drapion,drapion,https://img.pokemondb.net/sprites/sword-shield/icon/drapion.png,df_pokemon.image_url
Croagunk,croagunk,https://img.pokemondb.net/sprites/sword-shield/icon/croagunk.png,df_pokemon.image_url
Toxicroak,toxicroak,https://img.pokemondb.net/sprites/sword-shield/icon/toxicroak.png,df_pokemon.image_url
Carnivine,carnivine,https://img.pokemondb.net/sprites/sword-shield/icon/carnivine.png,df_pokemon.image_url
Finneon,finneon,https://img.pokemondb.net/sprites/sword-shield/icon/finneon.png,df_pokemon.image_url
Lumineon,lumineon,https://img.pokemondb.net/sprites/sword-shield/icon/lumineon.png,df_pokemon.image_url
Mantyke,mantyke,https://img.pokemondb.net/sprites/sword-shield/icon/mantyke.png,df_pokemon.image_url
Snover,snover,https://img.pokemondb.net/sprites/sword-shield/icon/snover.png,df_pokemon.image_url
Abomasnow,abomasnow,https://img.pokemondb.net/sprites/sword-shield/icon/abomasnow.png,df_pokemon.image_url
Mega Abomasnow,mega abomasnow,https://img.pokemondb.net/sprites/sword-shield/icon/abomasnow-mega.png,df_pokemon.image_url
Weavile,weavile,https://img.pokemondb.net/sprites/sword-shield/icon/weavile.png,df_pokemon.image_url
Magnezone,magnezone,https://img.pokemondb.net/sprites/sword-shield/icon/magnezone.png,df_pokemon.image_url
Lickilicky,lickilicky,https://img.pokemondb.net/sprites/sword-shield/icon/lickilicky.png,df_pokemon.image_url
Rhyperior,rhyperior,https://img.pokemondb.net/sprites/sword-shield/icon/rhyperior.png,df_pokemon.image_url
Tangrowth,tangrowth,https://img.pokemondb.net/sprites/sword-shield/icon/tangrowth.png,df_pokemon.image_url
Electivire,electivire,https://img.pokemondb.net/sprites/sword-shield/icon/electivire.png,df_pokemon.image_url
Magmortar,magmortar,https://img.pokemondb.net/sprites/sword-shield/icon/magmortar.png,df_pokemon.image_url
Togekiss,togekiss,https://img.pokemondb.net/sprites/sword-shield/icon/togekiss.png,df_pokemon.image_url
Yanmega,yanmega,https://img.pokemondb.net/sprites/sword-shield/icon/yanmega.png,df_pokemon.image_url
Leafeon,leafeon,https://img.pokemondb.net/sprites/sword-shield/icon/leafeon.png,df_pokemon.image_url
Glaceon,glaceon,https://img.pokemondb.net/sprites/sword-shield/icon/glaceon.png,df_pokemon.image_url
Gliscor,gliscor,https://img.pokemondb.net/sprites/sword-shield/icon/gliscor.png,df_pokemon.image_url
Mamoswine,mamoswine,https://img.pokemondb.net/sprites/sword-shield/icon/mamoswine.png,df_pokemon.image_url
Porygon-Z,porygon z,https://img.pokemondb.net/sprites/sword-shield/icon/porygon-z.png,df_pokemon.image_url
Gallade,gallade,https://img.pokemondb.net/sprites/sword-shield/icon/gallade.png,df_pokemon.image_url
Mega Gallade,mega gallade,https://img.pokemondb.net/sprites/sword-shield/icon/gallade-mega.png,df_pokemon.image_url
Probopass,probopass,https://img.pokemondb.net/sprites/sword-shield/icon/probopass.png,df_pokemon.image_url
Dusknoir,dusknoir,https://img.pokemondb.net/sprites/sword-shield/icon/dusknoir.png,df_pokemon.image_url
Froslass,froslass,https://img.pokemondb.net/sprites/sword-shield/icon/froslass.png,df_pokemon.image_url
Fan Rotom,fan rotom,https://img.pokemondb.net/sprites/sword-shield/icon/rotom-fan.png,df_pokemon.image_url
Frost Rotom,frost rotom,https://img.pokemondb.net/sprites/sword-shield/icon/rotom-frost.png,df_pokemon.image_url
Wash Rotom,wash rotom,https://img.pokemondb.net/sprites/sword-shield/icon/rotom-wash.png,df_pokemon.image_url
Heat Rotom,heat rotom,https://img.pokemondb.net/sprites/sword-shield/icon/rotom-heat.png,df_pokemon.image_url
Rotom,rotom,https://img.pokemondb.net/sprites/sword-shield/icon/rotom.png,df_pokemon.image_url
Mow Rotom,mow rotom,https://img.pokemondb.net/sprites/sword-shield/icon/rotom-mow.png,df_pokemon.image_url
Uxie,uxie,https://img.pokemondb.net/sprites/sword-shield/icon/uxie.png,df_pokemon.image_url
Mesprit,mesprit,https://img.pokemondb.net/sprites/sword-shield/icon/mesprit.png,df_pokemon.image_url
Azelf,azelf,https://img.pokemondb.net/sprites/sword-shield/icon/azelf.png,df_pokemon.image_url
Dialga,dialga,https://img.pokemondb.net/sprites/sword-shield/icon/dialga.png,df_pokemon.image_url
Dialga Origin Forme,dialga origin forme,https://img.pokemondb.net/s.png,df_pokemon.image_url
Palkia Origin Forme,palkia origin forme,https://img.pokemondb.net/s.png,df_pokemon.image_url
Palkia,palkia,https://img.pokemondb.net/sprites/sword-shield/icon/palkia.png,df_pokemon.image_url
Heatran,heatran,https://img.pokemondb.net/sprites/sword-shield/icon/heatran.png,df_pokemon.image_url
Regigigas,regigigas,https://img.pokemondb.net/sprites/sword-shield/icon/regigigas.png,df_pokemon.image_url
Giratina Origin Forme,giratina origin forme,https://img.pokemondb.net/sprites/sword-shield/icon/giratina-origin.png,df_pokemon.image_url
Giratina Altered Forme,giratina altered forme,https://img.pokemondb.net/sprites/sword-shield/icon/giratina-altered.png,df_pokemon.image_url
Cresselia,cresselia,https://img.pokemondb.net/sprites/sword-shield/icon/cresselia.png,df_pokemon.image_url
Phione,phione,https://img.pokemondb.net/sprites/sword-shield/icon/phione.png,df_pokemon.image_url
Manaphy,manaphy,https://img.pokemondb.net/sprites/sword-shield/icon/manaphy.png,df_pokemon.image_url
Darkrai,darkrai,https://img.pokemondb.net/sprites/sword-shield/icon/darkrai.png,df_pokemon.image_url
Shaymin Land Forme,shaymin land forme,https://img.pokemondb.net/sprites/sword-shield/icon/shaymin-land.png,df_pokemon.image_url
Shaymin Sky Forme,shaymin sky forme,https://img.pokemondb.net/sprites/sword-shield/icon/shaymin-sky.png,df_pokemon.image_url
Arceus,arceus,https://img.pokemondb.net/sprites/sword-shield/icon/arceus.png,df_pokemon.image_url
Victini,victini,https://img.pokemondb.net/sprites/sword-shield/icon/victini.png,df_pokemon.image_url
Snivy,snivy,https://img.pokemondb.net/sprites/sword-shield/icon/snivy.png,df_pokemon.image_url
Servine,servine,https://img.pokemondb.net/sprites/sword-shield/icon/servine.png,df_pokemon.image_url
Serperior,serperior,https://img.pokemondb.net/sprites/sword-shield/icon/serperior.png,df_pokemon.image_url
Tepig,tepig,https://img.pokemondb.net/sprites/sword-shield/icon/tepig.png,df_pokemon.image_url
Pignite,pignite,https://img.pokemondb.net/sprites/sword-shield/icon/pignite.png,df_pokemon.image_url
Emboar,emboar,https://img.pokemondb.net/sprites/sword-shield/icon/emboar.png,df_pokemon.image_url
Oshawott,oshawott,https://img.pokemondb.net/sprites/sword-shield/icon/oshawott.png,df_pokemon.image_url
Dewott,dewott,https://img.pokemondb.net/sprites/sword-shield/icon/dewott.png,df_pokemon.image_url
Samurott,samurott,https://img.pokemondb.net/sprites/sword-shield/icon/samurott.png,df_pokemon.image_url
Hisuian Samurott,hisuian samurott,https://img.pokemondb.net/s.png,df_pokemon.image_url
Patrat,patrat,https://img.pokemondb.net/sprites/sword-shield/icon/patrat.png,df_pokemon.image_url
Watchog,watchog,https://img.pokemondb.net/sprites/sword-shield/icon/watchog.png,df_pokemon.image_url
Lillipup,lillipup,https://img.pokemondb.net/sprites/sword-shield/icon/lillipup.png,df_pokemon.image_url
Herdier,herdier,https://img.pokemondb.net/sprites/sword-shield/icon/herdier.png,df_pokemon.image_url
Stoutland,stoutland,https://img.pokemondb.net/sprites/sword-shield/icon/stoutland.png,df_pokemon.image_url
Purrloin,purrloin,https://img.pokemondb.net/sprites/sword-shield/icon/purrloin.png,df_pokemon.image_url
Liepard,liepard,https://img.pokemondb.net/sprites/sword-shield/icon/liepard.png,df_pokemon.image_url
Pansage,pansage,https://img.pokemondb.net/sprites/sword-shield/icon/pansage.png,df_pokemon.image_url
Simisage,simisage,https://img.pokemondb.net/sprites/sword-shield/icon/simisage.png,df_pokemon.image_url
Pansear,pansear,https://img.pokemondb.net/sprites/sword-shield/icon/pansear.png,df_pokemon.image_url
Simisear,simisear,https://img.pokemondb.net/sprites/sword-shield/icon/simisear.png,df_pokemon.image_url
Panpour,panpour,https://img.pokemondb.net/sprites/sword-shield/icon/panpour.png,df_pokemon.image_url
Simipour,simipour,https://img.pokemondb.net/sprites/sword-shield/icon/simipour.png,df_pokemon.image_url
Munna,munna,https://img.pokemondb.net/sprites/sword-shield/icon/munna.png,df_pokemon.image_url
Musharna,musharna,https://img.pokemondb.net/sprites/sword-shield/icon/musharna.png,df_pokemon.image_url
Pidove,pidove,https://img.pokemondb.net/sprites/sword-shield/icon/pidove.png,df_pokemon.image_url
Tranquill,tranquill,https://img.pokemondb.net/sprites/sword-shield/icon/tranquill.png,df_pokemon.image_url
Unfezant,unfezant,https://img.pokemondb.net/sprites/sword-shield/icon/unfezant.png,df_pokemon.image_url
Blitzle,blitzle,https://img.pokemondb.net/sprites/sword-shield/icon/blitzle.png,df_pokemon.image_url
Zebstrika,zebstrika,https://img.pokemondb.net/sprites/sword-shield/icon/zebstrika.png,df_pokemon.image_url
Roggenrola,roggenrola,https://img.pokemondb.net/sprites/sword-shield/icon/roggenrola.png,df_pokemon.image_url
Boldore,boldore,https://img.pokemondb.net/sprites/sword-shield/icon/boldore.png,df_pokemon.image_url
Gigalith,gigalith,https://img.pokemondb.net/sprites/sword-shield/icon/gigalith.png,df_pokemon.image_url
Woobat,woobat,https://img.pokemondb.net/sprites/sword-shield/icon/woobat.png,df_pokemon.image_url
Swoobat,swoobat,https://img.pokemondb.net/sprites/sword-shield/icon/swoobat.png,df_pokemon.image_url
Drilbur,drilbur,https://img.pokemondb.net/sprites/sword-shield/icon/drilbur.png,df_pokemon.image_url
Excadrill,excadrill,https://img.pokemondb.net/sprites/sword-shield/icon/excadrill.png,df_pokemon.image_url
Mega Audino,mega audino,https://img.pokemondb.net/sprites/sword-shield/icon/audino-mega.png,df_pokemon.image_url
Audino,audino,https://img.pokemondb.net/sprites/sword-shield/icon/audino.png,df_pokemon.image_url
Timburr,timburr,https://img.pokemondb.net/sprites/sword-shield/icon/timburr.png,df_pokemon.image_url
Gurdurr,gurdurr,https://img.pokemondb.net/sprites/sword-shield/icon/gurdurr.png,df_pokemon.image_url
Conkeldurr,conkeldurr,https://img.pokemondb.net/sprites/sword-shield/icon/conkeldurr.png,df_pokemon.image_url
Tympole,tympole,https://img.pokemondb.net/sprites/sword-shield/icon/tympole.png,df_pokemon.image_url
Palpitoad,palpitoad,https://img.pokemondb.net/sprites/sword-shield/icon/palpitoad.png,df_pokemon.image_url
Seismitoad,seismitoad,https://img.pokemondb.net/sprites/sword-shield/icon/seismitoad.png,df_pokemon.image_url
Throh,throh,https://img.pokemondb.net/sprites/sword-shield/icon/throh.png,df_pokemon.image_url
Sawk,sawk,https://img.pokemondb.net/sprites/sword-shield/icon/sawk.png,df_pokemon.image_url
Sewaddle,sewaddle,https://img.pokemondb.net/sprites/sword-shield/icon/sewaddle.png,df_pokemon.image_url
Swadloon,swadloon,https://img.pokemondb.net/sprites/sword-shield/icon/swadloon.png,df_pokemon.image_url
Leavanny,leavanny,https://img.pokemondb.net/sprites/sword-shield/icon/leavanny.png,df_pokemon.image_url
Venipede,venipede,https://img.pokemondb.net/sprites/sword-shield/icon/venipede.png,df_pokemon.image_url
Whirlipede,whirlipede,https://img.pokemondb.net/sprites/sword-shield/icon/whirlipede.png,df_pokemon.image_url
Scolipede,scolipede,https://img.pokemondb.net/sprites/sword-shield/icon/scolipede.png,df_pokemon.image_url
Cottonee,cottonee,https://img.pokemondb.net/sprites/sword-shield/icon/cottonee.png,df_pokemon.image_url
Whimsicott,whimsicott,https://img.pokemondb.net/sprites/sword-shield/icon/whimsicott.png,df_pokemon.image_url
Petilil,petilil,https://img.pokemondb.net/sprites/sword-shield/icon/petilil.png,df_pokemon.image_url
Hisuian Lilligant,hisuian lilligant,https://img.pokemondb.net/s.png,df_pokemon.image_url
Lilligant,lilligant,https://img.pokemondb.net/sprites/sword-shield/icon/lilligant.png,df_pokemon.image_url
Basculin White-Striped Form,basculin white striped form,https://img.pokemondb.net/s.png,df_pokemon.image_url
Basculin Blue-Striped Form,basculin blue striped form,https://img.pokemondb.net/sprites/sword-shield/icon/basculin-blue-striped.png,df_pokemon.image_url
Basculin Red-Striped Form,basculin red striped form,https://img.pokemondb.net/sprites/sword-shield/icon/basculin-red-striped.png,df_pokemon.image_url
Sandile,sandile,https://img.pokemondb.net/sprites/sword-shield/icon/sandile.png,df_pokemon.image_url
Krokorok,krokorok,https://img.pokemondb.net/sprites/sword-shield/icon/krokorok.png,df_pokemon.image_url
Krookodile,krookodile,https://img.pokemondb.net/sprites/sword-shield/icon/krookodile.png,df_pokemon.image_url
Galarian Darumaka,galarian darumaka,https://img.pokemondb.net/sprites/sword-shield/icon/darumaka-galarian.png,df_pokemon.image_url
Darumaka,darumaka,https://img.pokemondb.net/sprites/sword-shield/icon/darumaka.png,df_pokemon.image_url
Darmanitan Standard Mode,darmanitan standard mode,https://img.pokemondb.net/sprites/sword-shield/icon/darmanitan-standard.png,df_pokemon.image_url
Darmanitan Galarian Zen Mode,darmanitan galarian zen mode,https://img.pokemondb.net/sprites/sword-shield/icon/darmanitan-galarian-zen.png,df_pokemon.image_url
Darmanitan Galarian Standard Mode,darmanitan galarian standard mode,https://img.pokemondb.net/sprites/sword-shield/icon/darmanitan-galarian-standard.png,df_pokemon.image_url
Darmanitan Zen Mode,darmanitan zen mode,https://img.pokemondb.net/sprites/sword-shield/icon/darmanitan-zen.png,df_pokemon.image_url
Maractus,maractus,https://img.pokemondb.net/sprites/sword-shield/icon/maractus.png,df_pokemon.image_url
Dwebble,dwebble,https://img.pokemondb.net/sprites/sword-shield/icon/dwebble.png,df_pokemon.image_url
Crustle,crustle,https://img.pokemondb.net/sprites/sword-shield/icon/crustle.png,df_pokemon.image_url
Scraggy,scraggy,https://img.pokemondb.net/sprites/sword-shield/icon/scraggy.png,df_pokemon.image_url
Scrafty,scrafty,https://img.pokemondb.net/sprites/sword-shield/icon/scrafty.png,df_pokemon.image_url
Sigilyph,sigilyph,https://img.pokemondb.net/sprites/sword-shield/icon/sigilyph.png,df_pokemon.image_url
Galarian Yamask,galarian yamask,https://img.pokemondb.net/sprites/sword-shield/icon/yamask-galarian.png,df_pokemon.image_url
Yamask,yamask,https://img.pokemondb.net/sprites/sword-shield/icon/yamask.png,df_pokemon.image_url
Cofagrigus,cofagrigus,https://img.pokemondb.net/sprites/sword-shield/icon/cofagrigus.png,df_pokemon.image_url
Tirtouga,tirtouga,https://img.pokemondb.net/sprites/sword-shield/icon/tirtouga.png,df_pokemon.image_url
Carracosta,carracosta,https://img.pokemondb.net/sprites/sword-shield/icon/carracosta.png,df_pokemon.image_url
Archen,archen,https://img.pokemondb.net/sprites/sword-shield/icon/archen.png,df_pokemon.image_url
Archeops,archeops,https://img.pokemondb.net/sprites/sword-shield/icon/archeops.png,df_pokemon.image_url
Trubbish,trubbish,https://img.pokemondb.net/sprites/sword-shield/icon/trubbish.png,df_pokemon.image_url
Garbodor Gigantamax,garbodor gigantamax,https://archives.bulbagarden.net/media/upload/f/ff/569GiMS8.png,df_pokemon.image_url
Garbodor,garbodor,https://img.pokemondb.net/sprites/sword-shield/icon/garbodor.png,df_pokemon.image_url
Zorua,zorua,https://img.pokemondb.net/sprites/sword-shield/icon/zorua.png,df_pokemon.image_url
Hisuian Zorua,hisuian zorua,https://img.pokemondb.net/s.png,df_pokemon.image_url
Zoroark,zoroark,https://img.pokemondb.net/sprites/sword-shield/icon/zoroark.png,df_pokemon.image_url
Hisuian Zoroark,hisuian zoroark,https://img.pokemondb.net/s.png,df_pokemon.image_url
Minccino,minccino,https://img.pokemondb.net/sprites/sword-shield/icon/minccino.png,df_pokemon.image_url
Cinccino,cinccino,https://img.pokemondb.net/sprites/sword-shield/icon/cinccino.png,df_pokemon.image_url
Gothita,gothita,https://img.pokemondb.net/sprites/sword-shield/icon/gothita.png,df_pokemon.image_url
Gothorita,gothorita,https://img.pokemondb.net/sprites/sword-shield/icon/gothorita.png,df_pokemon.image_url
Gothitelle,gothitelle,https://img.pokemondb.net/sprites/sword-shield/icon/gothitelle.png,df_pokemon.image_url
Solosis,solosis,https://img.pokemondb.net/sprites/sword-shield/icon/solosis.png,df_pokemon.image_url
Duosion,duosion,https://img.pokemondb.net/sprites/sword-shield/icon/duosion.png,df_pokemon.image_url
Reuniclus,reuniclus,https://img.pokemondb.net/sprites/sword-shield/icon/reuniclus.png,df_pokemon.image_url
Ducklett,ducklett,https://img.pokemondb.net/sprites/sword-shield/icon/ducklett.png,df_pokemon.image_url
Swanna,swanna,https://img.pokemondb.net/sprites/sword-shield/icon/swanna.png,df_pokemon.image_url
Vanillite,vanillite,https://img.pokemondb.net/sprites/sword-shield/icon/vanillite.png,df_pokemon.image_url
Vanillish,vanillish,https://img.pokemondb.net/sprites/sword-shield/icon/vanillish.png,df_pokemon.image_url
Vanilluxe,vanilluxe,https://img.pokemondb.net/sprites/sword-shield/icon/vanilluxe.png,df_pokemon.image_url
Deerling,deerling,https://img.pokemondb.net/sprites/sword-shield/icon/deerling.png,df_pokemon.image_url
Sawsbuck,sawsbuck,https://img.pokemondb.net/sprites/sword-shield/icon/sawsbuck.png,df_pokemon.image_url
Emolga,emolga,https://img.pokemondb.net/sprites/sword-shield/icon/emolga.png,df_pokemon.image_url
Karrablast,karrablast,https://img.pokemondb.net/sprites/sword-shield/icon/karrablast.png,df_pokemon.image_url
Escavalier,escavalier,https://img.pokemondb.net/sprites/sword-shield/icon/escavalier.png,df_pokemon.image_url
Foongus,foongus,https://img.pokemondb.net/sprites/sword-shield/icon/foongus.png,df_pokemon.image_url
Amoonguss,amoonguss,https://img.pokemondb.net/sprites/sword-shield/icon/amoonguss.png,df_pokemon.image_url
Frillish,frillish,https://img.pokemondb.net/sprites/sword-shield/icon/frillish.png,df_pokemon.image_url
Jellicent,jellicent,https://img.pokemondb.net/sprites/sword-shield/icon/jellicent.png,df_pokemon.image_url
Alomomola,alomomola,https://img.pokemondb.net/sprites/sword-shield/icon/alomomola.png,df_pokemon.image_url
Joltik,joltik,https://img.pokemondb.net/sprites/sword-shield/icon/joltik.png,df_pokemon.image_url
Galvantula,galvantula,https://img.pokemondb.net/sprites/sword-shield/icon/galvantula.png,df_pokemon.image_url
Ferroseed,ferroseed,https://img.pokemondb.net/sprites/sword-shield/icon/ferroseed.png,df_pokemon.image_url
Ferrothorn,ferrothorn,https://img.pokemondb.net/sprites/sword-shield/icon/ferrothorn.png,df_pokemon.image_url
Klink,klink,https://img.pokemondb.net/sprites/sword-shield/icon/klink.png,df_pokemon.image_url
Klang,klang,https://img.pokemondb.net/sprites/sword-shield/icon/klang.png,df_pokemon.image_url
Klinklang,klinklang,https://img.pokemondb.net/sprites/sword-shield/icon/klinklang.png,df_pokemon.image_url
Tynamo,tynamo,https://img.pokemondb.net/sprites/sword-shield/icon/tynamo.png,df_pokemon.image_url
Eelektrik,eelektrik,https://img.pokemondb.net/sprites/sword-shield/icon/eelektrik.png,df_pokemon.image_url
Eelektross,eelektross,https://img.pokemondb.net/sprites/sword-shield/icon/eelektross.png,df_pokemon.image_url
Elgyem,elgyem,https://img.pokemondb.net/sprites/sword-shield/icon/elgyem.png,df_pokemon.image_url
Beheeyem,beheeyem,https://img.pokemondb.net/sprites/sword-shield/icon/beheeyem.png,df_pokemon.image_url
Litwick,litwick,https://img.pokemondb.net/sprites/sword-shield/icon/litwick.png,df_pokemon.image_url
Lampent,lampent,https://img.pokemondb.net/sprites/sword-shield/icon/lampent.png,df_pokemon.image_url
Chandelure,chandelure,https://img.pokemondb.net/sprites/sword-shield/icon/chandelure.png,df_pokemon.image_url
Axew,axew,https://img.pokemondb.net/sprites/sword-shield/icon/axew.png,df_pokemon.image_url
Fraxure,fraxure,https://img.pokemondb.net/sprites/sword-shield/icon/fraxure.png,df_pokemon.image_url
Haxorus,haxorus,https://img.pokemondb.net/sprites/sword-shield/icon/haxorus.png,df_pokemon.image_url
Cubchoo,cubchoo,https://img.pokemondb.net/sprites/sword-shield/icon/cubchoo.png,df_pokemon.image_url
Beartic,beartic,https://img.pokemondb.net/sprites/sword-shield/icon/beartic.png,df_pokemon.image_url
Cryogonal,cryogonal,https://img.pokemondb.net/sprites/sword-shield/icon/cryogonal.png,df_pokemon.image_url
Shelmet,shelmet,https://img.pokemondb.net/sprites/sword-shield/icon/shelmet.png,df_pokemon.image_url
Accelgor,accelgor,https://img.pokemondb.net/sprites/sword-shield/icon/accelgor.png,df_pokemon.image_url
Stunfisk,stunfisk,https://img.pokemondb.net/sprites/sword-shield/icon/stunfisk.png,df_pokemon.image_url
Galarian Stunfisk,galarian stunfisk,https://img.pokemondb.net/sprites/sword-shield/icon/stunfisk-galarian.png,df_pokemon.image_url
Mienfoo,mienfoo,https://img.pokemondb.net/sprites/sword-shield/icon/mienfoo.png,df_pokemon.image_url
Mienshao,mienshao,https://img.pokemondb.net/sprites/sword-shield/icon/mienshao.png,df_pokemon.image_url
Druddigon,druddigon,https://img.pokemondb.net/sprites/sword-shield/icon/druddigon.png,df_pokemon.image_url
Golett,golett,https://img.pokemondb.net/sprites/sword-shield/icon/golett.png,df_pokemon.image_url
Golurk,golurk,https://img.pokemondb.net/sprites/sword-shield/icon/golurk.png,df_pokemon.image_url
Pawniard,pawniard,https://img.pokemondb.net/sprites/sword-shield/icon/pawniard.png,df_pokemon.image_url
Bisharp,bisharp,https://img.pokemondb.net/sprites/sword-shield/icon/bisharp.png,df_pokemon.image_url
Bouffalant,bouffalant,https://img.pokemondb.net/sprites/sword-shield/icon/bouffalant.png,df_pokemon.image_url
Rufflet,rufflet,https://img.pokemondb.net/sprites/sword-shield/icon/rufflet.png,df_pokemon.image_url
Hisuian Braviary,hisuian braviary,https://img.pokemondb.net/s.png,df_pokemon.image_url
Braviary,braviary,https://img.pokemondb.net/sprites/sword-shield/icon/braviary.png,df_pokemon.image_url
Vullaby,vullaby,https://img.pokemondb.net/sprites/sword-shield/icon/vullaby.png,df_pokemon.image_url
Mandibuzz,mandibuzz,https://img.pokemondb.net/sprites/sword-shield/icon/mandibuzz.png,df_pokemon.image_url
Heatmor,heatmor,https://img.pokemondb.net/sprites/sword-shield/icon/heatmor.png,df_pokemon.image_url
Durant,durant,https://img.pokemondb.net/sprites/sword-shield/icon/durant.png,df_pokemon.image_url
Deino,deino,https://img.pokemondb.net/sprites/sword-shield/icon/deino.png,df_pokemon.image_url
Zweilous,zweilous,https://img.pokemondb.net/sprites/sword-shield/icon/zweilous.png,df_pokemon.image_url
Hydreigon,hydreigon,https://img.pokemondb.net/sprites/sword-shield/icon/hydreigon.png,df_pokemon.image_url
Larvesta,larvesta,https://img.pokemondb.net/sprites/sword-shield/icon/larvesta.png,df_pokemon.image_url
Volcarona,volcarona,https://img.pokemondb.net/sprites/sword-shield/icon/volcarona.png,df_pokemon.image_url
Cobalion,cobalion,https://img.pokemondb.net/sprites/sword-shield/icon/cobalion.png,df_pokemon.image_url
Terrakion,terrakion,https://img.pokemondb.net/sprites/sword-shield/icon/terrakion.png,df_pokemon.image_url
Virizion,virizion,https://img.pokemondb.net/sprites/sword-shield/icon/virizion.png,df_pokemon.image_url
Tornadus Incarnate Forme,tornadus incarnate forme,https://img.pokemondb.net/sprites/sword-shield/icon/tornadus-incarnate.png,df_pokemon.image_url
Tornadus Therian Forme,tornadus therian forme,https://img.pokemondb.net/sprites/sword-shield/icon/tornadus-therian.png,df_pokemon.image_url
Thundurus Therian Forme,thundurus therian forme,https://img.pokemondb.net/sprites/sword-shield/icon/thundurus-therian.png,df_pokemon.image_url
Thundurus Incarnate Forme,thundurus incarnate forme,https://img.pokemondb.net/sprites/sword-shield/icon/thundurus-incarnate.png,df_pokemon.image_url
Reshiram,reshiram,https://img.pokemondb.net/sprites/sword-shield/icon/reshiram.png,df_pokemon.image_url
Zekrom,zekrom,https://img.pokemondb.net/sprites/sword-shield/icon/zekrom.png,df_pokemon.image_url
Landorus Incarnate Forme,landorus incarnate forme,https://img.pokemondb.net/sprites/sword-shield/icon/landorus-incarnate.png,df_pokemon.image_url
Landorus Therian Forme,landorus therian forme,https://img.pokemondb.net/sprites/sword-shield/icon/landorus-therian.png,df_pokemon.image_url
Kyurem,kyurem,https://img.pokemondb.net/sprites/sword-shield/icon/kyurem.png,df_pokemon.image_url
Black Kyurem,black kyurem,https://img.pokemondb.net/sprites/sword-shield/icon/kyurem-black.png,df_pokemon.image_url
White Kyurem,white kyurem,https://img.pokemondb.net/sprites/sword-shield/icon/kyurem-white.png,df_pokemon.image_url
Keldeo Resolute Form,keldeo resolute form,https://img.pokemondb.net/sprites/sword-shield/icon/keldeo-resolute.png,df_pokemon.image_url
Keldeo Ordinary Form,keldeo ordinary form,https://img.pokemondb.net/sprites/sword-shield/icon/keldeo-ordinary.png,df_pokemon.image_url
Meloetta Pirouette Forme,meloetta pirouette forme,https://img.pokemondb.net/sprites/sword-shield/icon/meloetta-pirouette.png,df_pokemon.image_url
Meloetta Aria Forme,meloetta aria forme,https://img.pokemondb.net/sprites/sword-shield/icon/meloetta-aria.png,df_pokemon.image_url
Genesect,genesect,https://img.pokemondb.net/sprites/sword-shield/icon/genesect.png,df_pokemon.image_url
Chespin,chespin,https://img.pokemondb.net/sprites/sword-shield/icon/chespin.png,df_pokemon.image_url
Quilladin,quilladin,https://img.pokemondb.net/sprites/sword-shield/icon/quilladin.png,df_pokemon.image_url
Chesnaught,chesnaught,https://img.pokemondb.net/sprites/sword-shield/icon/chesnaught.png,df_pokemon.image_url
Fennekin,fennekin,https://img.pokemondb.net/sprites/sword-shield/icon/fennekin.png,df_pokemon.image_url
Braixen,braixen,https://img.pokemondb.net/sprites/sword-shield/icon/braixen.png,df_pokemon.image_url
Delphox,delphox,https://img.pokemondb.net/sprites/sword-shield/icon/delphox.png,df_pokemon.image_url
Froakie,froakie,https://img.pokemondb.net/sprites/sword-shield/icon/froakie.png,df_pokemon.image_url
Frogadier,frogadier,https://img.pokemondb.net/sprites/sword-shield/icon/frogadier.png,df_pokemon.image_url
Greninja,greninja,https://img.pokemondb.net/sprites/sword-shield/icon/greninja.png,df_pokemon.image_url
Ash-Greninja,ash greninja,https://img.pokemondb.net/sprites/sword-shield/icon/greninja-ash.png,df_pokemon.image_url
Bunnelby,bunnelby,https://img.pokemondb.net/sprites/sword-shield/icon/bunnelby.png,df_pokemon.image_url
Diggersby,diggersby,https://img.pokemondb.net/sprites/sword-shield/icon/diggersby.png,df_pokemon.image_url
Fletchling,fletchling,https://img.pokemondb.net/sprites/sword-shield/icon/fletchling.png,df_pokemon.image_url
Fletchinder,fletchinder,https://img.pokemondb.net/sprites/sword-shield/icon/fletchinder.png,df_pokemon.image_url
Talonflame,talonflame,https://img.pokemondb.net/sprites/sword-shield/icon/talonflame.png,df_pokemon.image_url
Scatterbug,scatterbug,https://img.pokemondb.net/sprites/sword-shield/icon/scatterbug.png,df_pokemon.image_url
Spewpa,spewpa,https://img.pokemondb.net/sprites/sword-shield/icon/spewpa.png,df_pokemon.image_url
Vivillon,vivillon,https://img.pokemondb.net/sprites/sword-shield/icon/vivillon.png,df_pokemon.image_url
Litleo,litleo,https://img.pokemondb.net/sprites/sword-shield/icon/litleo.png,df_pokemon.image_url
Pyroar,pyroar,https://img.pokemondb.net/sprites/sword-shield/icon/pyroar.png,df_pokemon.image_url
Flabébé,flabebe,https://img.pokemondb.net/sprites/sword-shield/icon/flabebe.png,df_pokemon.image_url
Floette,floette,https://img.pokemondb.net/sprites/sword-shield/icon/floette.png,df_pokemon.image_url
Florges,florges,https://img.pokemondb.net/sprites/sword-shield/icon/florges.png,df_pokemon.image_url
Skiddo,skiddo,https://img.pokemondb.net/sprites/sword-shield/icon/skiddo.png,df_pokemon.image_url
Gogoat,gogoat,https://img.pokemondb.net/sprites/sword-shield/icon/gogoat.png,df_pokemon.image_url
Pancham,pancham,https://img.pokemondb.net/sprites/sword-shield/icon/pancham.png,df_pokemon.image_url
Pangoro,pangoro,https://img.pokemondb.net/sprites/sword-shield/icon/pangoro.png,df_pokemon.image_url
Furfrou,furfrou,https://img.pokemondb.net/sprites/sword-shield/icon/furfrou.png,df_pokemon.image_url
Espurr,espurr,https://img.pokemondb.net/sprites/sword-shield/icon/espurr.png,df_pokemon.image_url
Meowstic Female,meowstic female,https://img.pokemondb.net/sprites/sword-shield/icon/meowstic-female.png,df_pokemon.image_url
Meowstic Male,meowstic male,https://img.pokemondb.net/sprites/sword-shield/icon/meowstic-male.png,df_pokemon.image_url
Honedge,honedge,https://img.pokemondb.net/sprites/sword-shield/icon/honedge.png,df_pokemon.image_url
Doublade,doublade,https://img.pokemondb.net/sprites/sword-shield/icon/doublade.png,df_pokemon.image_url
Aegislash Blade Forme,aegislash blade forme,https://img.pokemondb.net/sprites/sword-shield/icon/aegislash-blade.png,df_pokemon.image_url
Aegislash Shield Forme,aegislash shield forme,https://img.pokemondb.net/sprites/sword-shield/icon/aegislash-shield.png,df_pokemon.image_url
Spritzee,spritzee,https://img.pokemondb.net/sprites/sword-shield/icon/spritzee.png,df_pokemon.image_url
Aromatisse,aromatisse,https://img.pokemondb.net/sprites/sword-shield/icon/aromatisse.png,df_pokemon.image_url
Swirlix,swirlix,https://img.pokemondb.net/sprites/sword-shield/icon/swirlix.png,df_pokemon.image_url
Slurpuff,slurpuff,https://img.pokemondb.net/sprites/sword-shield/icon/slurpuff.png,df_pokemon.image_url
Inkay,inkay,https://img.pokemondb.net/sprites/sword-shield/icon/inkay.png,df_pokemon.image_url
Malamar,malamar,https://img.pokemondb.net/sprites/sword-shield/icon/malamar.png,df_pokemon.image_url
Binacle,binacle,https://img.pokemondb.net/sprites/sword-shield/icon/binacle.png,df_pokemon.image_url
Barbaracle,barbaracle,https://img.pokemondb.net/sprites/sword-shield/icon/barbaracle.png,df_pokemon.image_url
Skrelp,skrelp,https://img.pokemondb.net/sprites/sword-shield/icon/skrelp.png,df_pokemon.image_url
Dragalge,dragalge,https://img.pokemondb.net/sprites/sword-shield/icon/dragalge.png,df_pokemon.image_url
Clauncher,clauncher,https://img.pokemondb.net/sprites/sword-shield/icon/clauncher.png,df_pokemon.image_url
Clawitzer,clawitzer,https://img.pokemondb.net/sprites/sword-shield/icon/clawitzer.png,df_pokemon.image_url
Helioptile,helioptile,https://img.pokemondb.net/sprites/sword-shield/icon/helioptile.png,df_pokemon.image_url
Heliolisk,heliolisk,https://img.pokemondb.net/sprites/sword-shield/icon/heliolisk.png,df_pokemon.image_url
Tyrunt,tyrunt,https://img.pokemondb.net/sprites/sword-shield/icon/tyrunt.png,df_pokemon.image_url
Tyrantrum,tyrantrum,https://img.pokemondb.net/sprites/sword-shield/icon/tyrantrum.png,df_pokemon.image_url
Amaura,amaura,https://img.pokemondb.net/sprites/sword-shield/icon/amaura.png,df_pokemon.image_url
Aurorus,aurorus,https://img.pokemondb.net/sprites/sword-shield/icon/aurorus.png,df_pokemon.image_url
Sylveon,sylveon,https://img.pokemondb.net/sprites/sword-shield/icon/sylveon.png,df_pokemon.image_url
Hawlucha,hawlucha,https://img.pokemondb.net/sprites/sword-shield/icon/hawlucha.png,df_pokemon.image_url
Dedenne,dedenne,https://img.pokemondb.net/sprites/sword-shield/icon/dedenne.png,df_pokemon.image_url
Carbink,carbink,https://img.pokemondb.net/sprites/sword-shield/icon/carbink.png,df_pokemon.image_url
Goomy,goomy,https://img.pokemondb.net/sprites/sword-shield/icon/goomy.png,df_pokemon.image_url
Hisuian Sliggoo,hisuian sliggoo,https://img.pokemondb.net/s.png,df_pokemon.image_url
Sliggoo,sliggoo,https://img.pokemondb.net/sprites/sword-shield/icon/sliggoo.png,df_pokemon.image_url
Goodra,goodra,https://img.pokemondb.net/sprites/sword-shield/icon/goodra.png,df_pokemon.image_url
Hisuian Goodra,hisuian goodra,https://img.pokemondb.net/s.png,df_pokemon.image_url
Klefki,klefki,https://img.pokemondb.net/sprites/sword-shield/icon/klefki.png,df_pokemon.image_url
Phantump,phantump,https://img.pokemondb.net/sprites/sword-shield/icon/phantump.png,df_pokemon.image_url
Trevenant,trevenant,https://img.pokemondb.net/sprites/sword-shield/icon/trevenant.png,df_pokemon.image_url
Pumpkaboo Super Size,pumpkaboo super size,https://img.pokemondb.net/sprites/sword-shield/icon/pumpkaboo-super.png,df_pokemon.image_url
Pumpkaboo Large Size,pumpkaboo large size,https://img.pokemondb.net/sprites/sword-shield/icon/pumpkaboo-large.png,df_pokemon.image_url
Pumpkaboo Small Size,pumpkaboo small size,https://img.pokemondb.net/sprites/sword-shield/icon/pumpkaboo-small.png,df_pokemon.image_url
Pumpkaboo Average Size,pumpkaboo average size,https://img.pokemondb.net/sprites/sword-shield/icon/pumpkaboo-average.png,df_pokemon.image_url
Gourgeist Super Size,gourgeist super size,https://img.pokemondb.net/sprites/sword-shield/icon/gourgeist-super.png,df_pokemon.image_url
Gourgeist Large Size,gourgeist large size,https://img.pokemondb.net/sprites/sword-shield/icon/gourgeist-large.png,df_pokemon.image_url
Gourgeist Small Size,gourgeist small size,https://img.pokemondb.net/sprites/sword-shield/icon/gourgeist-small.png,df_pokemon.image_url
Gourgeist Average Size,gourgeist average size,https://img.pokemondb.net/sprites/sword-shield/icon/gourgeist-average.png,df_pokemon.image_url
Bergmite,bergmite,https://img.pokemondb.net/sprites/sword-shield/icon/bergmite.png,df_pokemon.image_url
Hisuian Avalugg,hisuian avalugg,https://img.pokemondb.net/s.png,df_pokemon.image_url
Avalugg,avalugg,https://img.pokemondb.net/sprites/sword-shield/icon/avalugg.png,df_pokemon.image_url
Noibat,noibat,https://img.pokemondb.net/sprites/sword-shield/icon/noibat.png,df_pokemon.image_url
Noivern,noivern,https://img.pokemondb.net/sprites/sword-shield/icon/noivern.png,df_pokemon.image_url
Xerneas,xerneas,https://img.pokemondb.net/sprites/sword-shield/icon/xerneas.png,df_pokemon.image_url
Yveltal,yveltal,https://img.pokemondb.net/sprites/sword-shield/icon/yveltal.png,df_pokemon.image_url
Zygarde Complete Forme,zygarde complete forme,https://img.pokemondb.net/sprites/sword-shield/icon/zygarde-complete.png,df_pokemon.image_url
Zygarde 10% Forme,zygarde 10 forme,https://img.pokemondb.net/sprites/sword-shield/icon/zygarde-10.png,df_pokemon.image_url
Zygarde 50% Forme,zygarde 50 forme,https://img.pokemondb.net/sprites/sword-shield/icon/zygarde-50.png,df_pokemon.image_url
Mega Diancie,mega diancie,https://img.pokemondb.net/sprites/sword-shield/icon/diancie-mega.png,df_pokemon.image_url
Diancie,diancie,https://img.pokemondb.net/sprites/sword-shield/icon/diancie.png,df_pokemon.image_url
Hoopa Unbound,hoopa unbound,https://img.pokemondb.net/sprites/sword-shield/icon/hoopa-unbound.png,df_pokemon.image_url
Hoopa Confined,hoopa confined,https://img.pokemondb.net/sprites/sword-shield/icon/hoopa-confined.png,df_pokemon.image_url
Volcanion,volcanion,https://img.pokemondb.net/sprites/sword-shield/icon/volcanion.png,df_pokemon.image_url
Rowlet,rowlet,https://img.pokemondb.net/sprites/sword-shield/icon/rowlet.png,df_pokemon.image_url
Dartrix,dartrix,https://img.pokemondb.net/sprites/sword-shield/icon/dartrix.png,df_pokemon.image_url
Hisuian Decidueye,hisuian decidueye,https://img.pokemondb.net/s.png,df_pokemon.image_url
Decidueye,decidueye,https://img.pokemondb.net/sprites/sword-shield/icon/decidueye.png,df_pokemon.image_url
Litten,litten,https://img.pokemondb.net/sprites/sword-shield/icon/litten.png,df_pokemon.image_url
Torracat,torracat,https://img.pokemondb.net/sprites/sword-shield/icon/torracat.png,df_pokemon.image_url
Incineroar,incineroar,https://img.pokemondb.net/sprites/sword-shield/icon/incineroar.png,df_pokemon.image_url
Popplio,popplio,https://img.pokemondb.net/sprites/sword-shield/icon/popplio.png,df_pokemon.image_url
Brionne,brionne,https://img.pokemondb.net/sprites/sword-shield/icon/brionne.png,df_pokemon.image_url
Primarina,primarina,https://img.pokemondb.net/sprites/sword-shield/icon/primarina.png,df_pokemon.image_url
Pikipek,pikipek,https://img.pokemondb.net/sprites/sword-shield/icon/pikipek.png,df_pokemon.image_url
Trumbeak,trumbeak,https://img.pokemondb.net/sprites/sword-shield/icon/trumbeak.png,df_pokemon.image_url
Toucannon,toucannon,https://img.pokemondb.net/sprites/sword-shield/icon/toucannon.png,df_pokemon.image_url
Yungoos,yungoos,https://img.pokemondb.net/sprites/sword-shield/icon/yungoos.png,df_pokemon.image_url
Gumshoos,gumshoos,https://img.pokemondb.net/sprites/sword-shield/icon/gumshoos.png,df_pokemon.image_url
Grubbin,grubbin,https://img.pokemondb.net/sprites/sword-shield/icon/grubbin.png,df_pokemon.image_url
Charjabug,charjabug,https://img.pokemondb.net/sprites/sword-shield/icon/charjabug.png,df_pokemon.image_url
Vikavolt,vikavolt,https://img.pokemondb.net/sprites/sword-shield/icon/vikavolt.png,df_pokemon.image_url
Crabrawler,crabrawler,https://img.pokemondb.net/sprites/sword-shield/icon/crabrawler.png,df_pokemon.image_url
Crabominable,crabominable,https://img.pokemondb.net/sprites/sword-shield/icon/crabominable.png,df_pokemon.image_url
Oricorio Pa'u Style,oricorio pau style,https://img.pokemondb.net/sprites/sword-shield/icon/oricorio-pau.png,df_pokemon.image_url
Oricorio Pom-Pom Style,oricorio pom pom style,https://img.pokemondb.net/sprites/sword-shield/icon/oricorio-pom-pom.png,df_pokemon.image_url
Oricorio Sensu Style,oricorio sensu style,https://img.pokemondb.net/sprites/sword-shield/icon/oricorio-sensu.png,df_pokemon.image_url
Oricorio Baile Style,oricorio baile style,https://img.pokemondb.net/sprites/sword-shield/icon/oricorio-baile.png,df_pokemon.image_url
Cutiefly,cutiefly,https://img.pokemondb.net/sprites/sword-shield/icon/cutiefly.png,df_pokemon.image_url
Ribombee,ribombee,https://img.pokemondb.net/sprites/sword-shield/icon/ribombee.png,df_pokemon.image_url
Rockruff,rockruff,https://img.pokemondb.net/sprites/sword-shield/icon/rockruff.png,df_pokemon.image_url
Own Tempo Rockruff,own tempo rockruff,https://img.pokemondb.net/sprites/sword-shield/icon/rockruff-own-tempo.png,df_pokemon.image_url
Lycanroc Midday Form,lycanroc midday form,https://img.pokemondb.net/sprites/sword-shield/icon/lycanroc-midday.png,df_pokemon.image_url
Lycanroc Midnight Form,lycanroc midnight form,https://img.pokemondb.net/sprites/sword-shield/icon/lycanroc-midnight.png,df_pokemon.image_url
Lycanroc Dusk Form,lycanroc dusk form,https://img.pokemondb.net/sprites/sword-shield/icon/lycanroc-dusk.png,df_pokemon.image_url
Wishiwashi Solo Form,wishiwashi solo form,https://img.pokemondb.net/sprites/sword-shield/icon/wishiwashi-solo.png,df_pokemon.image_url
Wishiwashi School Form,wishiwashi school form,https://img.pokemondb.net/sprites/sword-shield/icon/wishiwashi-school.png,df_pokemon.image_url
Mareanie,mareanie,https://img.pokemondb.net/sprites/sword-shield/icon/mareanie.png,df_pokemon.image_url
Toxapex,toxapex,https://img.pokemondb.net/sprites/sword-shield/icon/toxapex.png,df_pokemon.image_url
Mudbray,mudbray,https://img.pokemondb.net/sprites/sword-shield/icon/mudbray.png,df_pokemon.image_url
Mudsdale,mudsdale,https://img.pokemondb.net/sprites/sword-shield/icon/mudsdale.png,df_pokemon.image_url
Dewpider,dewpider,https://img.pokemondb.net/sprites/sword-shield/icon/dewpider.png,df_pokemon.image_url
Araquanid,araquanid,https://img.pokemondb.net/sprites/sword-shield/icon/araquanid.png,df_pokemon.image_url
Fomantis,fomantis,https://img.pokemondb.net/sprites/sword-shield/icon/fomantis.png,df_pokemon.image_url
Lurantis,lurantis,https://img.pokemondb.net/sprites/sword-shield/icon/lurantis.png,df_pokemon.image_url
Morelull,morelull,https://img.pokemondb.net/sprites/sword-shield/icon/morelull.png,df_pokemon.image_url
Shiinotic,shiinotic,https://img.pokemondb.net/sprites/sword-shield/icon/shiinotic.png,df_pokemon.image_url
Salandit,salandit,https://img.pokemondb.net/sprites/sword-shield/icon/salandit.png,df_pokemon.image_url
Salazzle,salazzle,https://img.pokemondb.net/sprites/sword-shield/icon/salazzle.png,df_pokemon.image_url
Stufful,stufful,https://img.pokemondb.net/sprites/sword-shield/icon/stufful.png,df_pokemon.image_url
Bewear,bewear,https://img.pokemondb.net/sprites/sword-shield/icon/bewear.png,df_pokemon.image_url
Bounsweet,bounsweet,https://img.pokemondb.net/sprites/sword-shield/icon/bounsweet.png,df_pokemon.image_url
Steenee,steenee,https://img.pokemondb.net/sprites/sword-shield/icon/steenee.png,df_pokemon.image_url
Tsareena,tsareena,https://img.pokemondb.net/sprites/sword-shield/icon/tsareena.png,df_pokemon.image_url
Comfey,comfey,https://img.pokemondb.net/sprites/sword-shield/icon/comfey.png,df_pokemon.image_url
Oranguru,oranguru,https://img.pokemondb.net/sprites/sword-shield/icon/oranguru.png,df_pokemon.image_url
Passimian,passimian,https://img.pokemondb.net/sprites/sword-shield/icon/passimian.png,df_pokemon.image_url
Wimpod,wimpod,https://img.pokemondb.net/sprites/sword-shield/icon/wimpod.png,df_pokemon.image_url
Golisopod,golisopod,https://img.pokemondb.net/sprites/sword-shield/icon/golisopod.png,df_pokemon.image_url
Sandygast,sandygast,https://img.pokemondb.net/sprites/sword-shield/icon/sandygast.png,df_pokemon.image_url
Palossand,palossand,https://img.pokemondb.net/sprites/sword-shield/icon/palossand.png,df_pokemon.image_url
Pyukumuku,pyukumuku,https://img.pokemondb.net/sprites/sword-shield/icon/pyukumuku.png,df_pokemon.image_url
Type: Null,type null,https://img.pokemondb.net/sprites/sword-shield/icon/type-null.png,df_pokemon.image_url
Silvally,silvally,https://img.pokemondb.net/sprites/sword-shield/icon/silvally.png,df_pokemon.image_url
Minior Meteor Form,minior meteor form,https://img.pokemondb.net/sprites/sword-shield/icon/minior-meteor.png,df_pokemon.image_url
Minior Core Form,minior core form,https://img.pokemondb.net/sprites/sword-shield/icon/minior-core.png,df_pokemon.image_url
Komala,komala,https://img.pokemondb.net/sprites/sword-shield/icon/komala.png,df_pokemon.image_url
Turtonator,turtonator,https://img.pokemondb.net/sprites/sword-shield/icon/turtonator.png,df_pokemon.image_url
Togedemaru,togedemaru,https://img.pokemondb.net/sprites/sword-shield/icon/togedemaru.png,df_pokemon.image_url
Mimikyu,mimikyu,https://img.pokemondb.net/sprites/sword-shield/icon/mimikyu.png,df_pokemon.image_url
Bruxish,bruxish,https://img.pokemondb.net/sprites/sword-shield/icon/bruxish.png,df_pokemon.image_url
Drampa,drampa,https://img.pokemondb.net/sprites/sword-shield/icon/drampa.png,df_pokemon.image_url
Dhelmise,dhelmise,https://img.pokemondb.net/sprites/sword-shield/icon/dhelmise.png,df_pokemon.image_url
Jangmo-o,jangmo o,https://img.pokemondb.net/sprites/sword-shield/icon/jangmo-o.png,df_pokemon.image_url
Hakamo-o,hakamo o,https://img.pokemondb.net/sprites/sword-shield/icon/hakamo-o.png,df_pokemon.image_url
Kommo-o,kommo o,https://img.pokemondb.net/sprites/sword-shield/icon/kommo-o.png,df_pokemon.image_url
Tapu Koko,tapu koko,https://img.pokemondb.net/sprites/sword-shield/icon/tapu-koko.png,df_pokemon.image_url
Tapu Lele,tapu lele,https://img.pokemondb.net/sprites/sword-shield/icon/tapu-lele.png,df_pokemon.image_url
Tapu Bulu,tapu bulu,https://img.pokemondb.net/sprites/sword-shield/icon/tapu-bulu.png,df_pokemon.image_url
Tapu Fini,tapu fini,https://img.pokemondb.net/sprites/sword-shield/icon/tapu-fini.png,df_pokemon.image_url
Cosmog,cosmog,https://img.pokemondb.net/sprites/sword-shield/icon/cosmog.png,df_pokemon.image_url
Cosmoem,cosmoem,https://img.pokemondb.net/sprites/sword-shield/icon/cosmoem.png,df_pokemon.image_url
Solgaleo,solgaleo,https://img.pokemondb.net/sprites/sword-shield/icon/solgaleo.png,df_pokemon.image_url
Lunala,lunala,https://img.pokemondb.net/sprites/sword-shield/icon/lunala.png,df_pokemon.image_url
Nihilego,nihilego,https://img.pokemondb.net/sprites/sword-shield/icon/nihilego.png,df_pokemon.image_url
Buzzwole,buzzwole,https://img.pokemondb.net/sprites/sword-shield/icon/buzzwole.png,df_pokemon.image_url
Pheromosa,pheromosa,https://img.pokemondb.net/sprites/sword-shield/icon/pheromosa.png,df_pokemon.image_url
Xurkitree,xurkitree,https://img.pokemondb.net/sprites/sword-shield/icon/xurkitree.png,df_pokemon.image_url
Celesteela,celesteela,https://img.pokemondb.net/sprites/sword-shield/icon/celesteela.png,df_pokemon.image_url
Kartana,kartana,https://img.pokemondb.net/sprites/sword-shield/icon/kartana.png,df_pokemon.image_url
Guzzlord,guzzlord,https://img.pokemondb.net/sprites/sword-shield/icon/guzzlord.png,df_pokemon.image_url
Dusk Mane Necrozma,dusk mane necrozma,https://img.pokemondb.net/sprites/sword-shield/icon/necrozma-dusk-mane.png,df_pokemon.image_url
Necrozma,necrozma,https://img.pokemondb.net/sprites/sword-shield/icon/necrozma.png,df_pokemon.image_url
Dawn Wings Necrozma,dawn wings necrozma,https://img.pokemondb.net/sprites/sword-shield/icon/necrozma-dawn-wings.png,df_pokemon.image_url
Ultra Necrozma,ultra necrozma,https://img.pokemondb.net/sprites/sword-shield/icon/necrozma-ultra.png,df_pokemon.image_url
Magearna,magearna,https://img.pokemondb.net/sprites/sword-shield/icon/magearna.png,df_pokemon.image_url
Marshadow,marshadow,https://img.pokemondb.net/sprites/sword-shield/icon/marshadow.png,df_pokemon.image_url
Poipole,poipole,https://img.pokemondb.net/sprites/sword-shield/icon/poipole.png,df_pokemon.image_url
Naganadel,naganadel,https://img.pokemondb.net/sprites/sword-shield/icon/naganadel.png,df_pokemon.image_url
Stakataka,stakataka,https://img.pokemondb.net/sprites/sword-shield/icon/stakataka.png,df_pokemon.image_url
Blacephalon,blacephalon,https://img.pokemondb.net/sprites/sword-shield/icon/blacephalon.png,df_pokemon.image_url
Zeraora,zeraora,https://img.pokemondb.net/sprites/sword-shield/icon/zeraora.png,df_pokemon.image_url
Meltan,meltan,https://img.pokemondb.net/sprites/sword-shield/icon/meltan.png,df_pokemon.image_url
Melmetal Gigantamax,melmetal gigantamax,https://archives.bulbagarden.net/media/upload/8/8d/809GiMS8.png,df_pokemon.image_url
Melmetal,melmetal,https://img.pokemondb.net/sprites/sword-shield/icon/melmetal.png,df_pokemon.image_url
Grookey,grookey,https://img.pokemondb.net/sprites/sword-shield/icon/grookey.png,df_pokemon.image_url
Thwackey,thwackey,https://img.pokemondb.net/sprites/sword-shield/icon/thwackey.png,df_pokemon.image_url
Rillaboom Gigantamax,rillaboom gigantamax,https://archives.bulbagarden.net/media/upload/1/15/812GiMS8.png,df_pokemon.image_url
Rillaboom,rillaboom,https://img.pokemondb.net/sprites/sword-shield/icon/rillaboom.png,df_pokemon.image_url
Scorbunny,scorbunny,https://img.pokemondb.net/sprites/sword-shield/icon/scorbunny.png,df_pokemon.image_url
Raboot,raboot,https://img.pokemondb.net/sprites/sword-shield/icon/raboot.png,df_pokemon.image_url
Cinderace Gigantamax,cinderace gigantamax,https://archives.bulbagarden.net/media/upload/c/c6/815GiMS8.png,df_pokemon.image_url
Cinderace,cinderace,https://img.pokemondb.net/sprites/sword-shield/icon/cinderace.png,df_pokemon.image_url
Sobble,sobble,https://img.pokemondb.net/sprites/sword-shield/icon/sobble.png,df_pokemon.image_url
Drizzile,drizzile,https://img.pokemondb.net/sprites/sword-shield/icon/drizzile.png,df_pokemon.image_url
Inteleon Gigantamax,inteleon gigantamax,https://archives.bulbagarden.net/media/upload/9/9f/818GiMS8.png,df_pokemon.image_url
Inteleon,inteleon,https://img.pokemondb.net/sprites/sword-shield/icon/inteleon.png,df_pokemon.image_url
Skwovet,skwovet,https://img.pokemondb.net/sprites/sword-shield/icon/skwovet.png,df_pokemon.image_url
Greedent,greedent,https://img.pokemondb.net/sprites/sword-shield/icon/greedent.png,df_pokemon.image_url
Rookidee,rookidee,https://img.pokemondb.net/sprites/sword-shield/icon/rookidee.png,df_pokemon.image_url
Corvisquire,corvisquire,https://img.pokemondb.net/sprites/sword-shield/icon/corvisquire.png,df_pokemon.image_url
Corviknight,corviknight,https://img.pokemondb.net/sprites/sword-shield/icon/corviknight.png,df_pokemon.image_url
Corviknight Gigantamax,corviknight gigantamax,https://archives.bulbagarden.net/media/upload/9/92/823GiMS8.png,df_pokemon.image_url
Blipbug,blipbug,https://img.pokemondb.net/sprites/sword-shield/icon/blipbug.png,df_pokemon.image_url
Dottler,dottler,https://img.pokemondb.net/sprites/sword-shield/icon/dottler.png,df_pokemon.image_url
Orbeetle,orbeetle,https://img.pokemondb.net/sprites/sword-shield/icon/orbeetle.png,df_pokemon.image_url
Orbeetle Gigantamax,orbeetle gigantamax,https://archives.bulbagarden.net/media/upload/f/f2/826GiMS8.png,df_pokemon.image_url
Nickit,nickit,https://img.pokemondb.net/sprites/sword-shield/icon/nickit.png,df_pokemon.image_url
Thievul,thievul,https://img.pokemondb.net/sprites/sword-shield/icon/thievul.png,df_pokemon.image_url
Gossifleur,gossifleur,https://img.pokemondb.net/sprites/sword-shield/icon/gossifleur.png,df_pokemon.image_url
Eldegoss,eldegoss,https://img.pokemondb.net/sprites/sword-shield/icon/eldegoss.png,df_pokemon.image_url
Wooloo,wooloo,https://img.pokemondb.net/sprites/sword-shield/icon/wooloo.png,df_pokemon.image_url
Dubwool,dubwool,https://img.pokemondb.net/sprites/sword-shield/icon/dubwool.png,df_pokemon.image_url
Chewtle,chewtle,https://img.pokemondb.net/sprites/sword-shield/icon/chewtle.png,df_pokemon.image_url
Drednaw Gigantamax,drednaw gigantamax,https://archives.bulbagarden.net/media/upload/7/73/834GiMS8.png,df_pokemon.image_url
Drednaw,drednaw,https://img.pokemondb.net/sprites/sword-shield/icon/drednaw.png,df_pokemon.image_url
Yamper,yamper,https://img.pokemondb.net/sprites/sword-shield/icon/yamper.png,df_pokemon.image_url
Boltund,boltund,https://img.pokemondb.net/sprites/sword-shield/icon/boltund.png,df_pokemon.image_url
Rolycoly,rolycoly,https://img.pokemondb.net/sprites/sword-shield/icon/rolycoly.png,df_pokemon.image_url
Carkol,carkol,https://img.pokemondb.net/sprites/sword-shield/icon/carkol.png,df_pokemon.image_url
Coalossal Gigantamax,coalossal gigantamax,https://archives.bulbagarden.net/media/upload/d/df/839GiMS8.png,df_pokemon.image_url
Coalossal,coalossal,https://img.pokemondb.net/sprites/sword-shield/icon/coalossal.png,df_pokemon.image_url
Applin,applin,https://img.pokemondb.net/sprites/sword-shield/icon/applin.png,df_pokemon.image_url
Flapple,flapple,https://img.pokemondb.net/sprites/sword-shield/icon/flapple.png,df_pokemon.image_url
Flapple Gigantamax,flapple gigantamax,https://archives.bulbagarden.net/media/upload/2/2f/841GiMS8.png,df_pokemon.image_url
Appletun,appletun,https://img.pokemondb.net/sprites/sword-shield/icon/appletun.png,df_pokemon.image_url
Appletun Gigantamax,appletun gigantamax,https://archives.bulbagarden.net/media/upload/2/2f/841GiMS8.png,df_pokemon.image_url
Silicobra,silicobra,https://img.pokemondb.net/sprites/sword-shield/icon/silicobra.png,df_pokemon.image_url
Sandaconda Gigantamax,sandaconda gigantamax,https://archives.bulbagarden.net/media/upload/e/e0/844GiMS8.png,df_pokemon.image_url
Sandaconda,sandaconda,https://img.pokemondb.net/sprites/sword-shield/icon/sandaconda.png,df_pokemon.image_url
Cramorant,cramorant,https://img.pokemondb.net/sprites/sword-shield/icon/cramorant.png,df_pokemon.image_url
Arrokuda,arrokuda,https://img.pokemondb.net/sprites/sword-shield/icon/arrokuda.png,df_pokemon.image_url
Barraskewda,barraskewda,https://img.pokemondb.net/sprites/sword-shield/icon/barraskewda.png,df_pokemon.image_url
Toxel,toxel,https://img.pokemondb.net/sprites/sword-shield/icon/toxel.png,df_pokemon.image_url
Toxtricity Amped Form,toxtricity amped form,https://img.pokemondb.net/sprites/sword-shield/icon/toxtricity-amped.png,df_pokemon.image_url
Toxtricity Low Key Form,toxtricity low key form,https://img.pokemondb.net/sprites/sword-shield/icon/toxtricity-low-key.png,df_pokemon.image_url
Sizzlipede,sizzlipede,https://img.pokemondb.net/sprites/sword-shield/icon/sizzlipede.png,df_pokemon.image_url
Centiskorch Gigantamax,centiskorch gigantamax,https://archives.bulbagarden.net/media/upload/1/10/851GiMS8.png,df_pokemon.image_url
Centiskorch,centiskorch,https://img.pokemondb.net/sprites/sword-shield/icon/centiskorch.png,df_pokemon.image_url
Clobbopus,clobbopus,https://img.pokemondb.net/sprites/sword-shield/icon/clobbopus.png,df_pokemon.image_url
Grapploct,grapploct,https://img.pokemondb.net/sprites/sword-shield/icon/grapploct.png,df_pokemon.image_url
Sinistea,sinistea,https://img.pokemondb.net/sprites/sword-shield/icon/sinistea.png,df_pokemon.image_url
Polteageist,polteageist,https://img.pokemondb.net/sprites/sword-shield/icon/polteageist.png,df_pokemon.image_url
Hatenna,hatenna,https://img.pokemondb.net/sprites/sword-shield/icon/hatenna.png,df_pokemon.image_url
Hattrem,hattrem,https://img.pokemondb.net/sprites/sword-shield/icon/hattrem.png,df_pokemon.image_url
Hatterene,hatterene,https://img.pokemondb.net/sprites/sword-shield/icon/hatterene.png,df_pokemon.image_url
Hatterene Gigantamax,hatterene gigantamax,https://archives.bulbagarden.net/media/upload/3/35/858GiMS8.png,df_pokemon.image_url
Impidimp,impidimp,https://img.pokemondb.net/sprites/sword-shield/icon/impidimp.png,df_pokemon.image_url
Morgrem,morgrem,https://img.pokemondb.net/sprites/sword-shield/icon/morgrem.png,df_pokemon.image_url
Grimmsnarl Gigantamax,grimmsnarl gigantamax,https://archives.bulbagarden.net/media/upload/c/ce/861GiMS8.png,df_pokemon.image_url
Grimmsnarl,grimmsnarl,https://img.pokemondb.net/sprites/sword-shield/icon/grimmsnarl.png,df_pokemon.image_url
Obstagoon,obstagoon,https://img.pokemondb.net/sprites/sword-shield/icon/obstagoon.png,df_pokemon.image_url
Perrserker,perrserker,https://img.pokemondb.net/sprites/sword-shield/icon/perrserker.png,df_pokemon.image_url
Cursola,cursola,https://img.pokemondb.net/sprites/sword-shield/icon/cursola.png,df_pokemon.image_url
Sirfetch'd,sirfetchd,https://img.pokemondb.net/sprites/sword-shield/icon/sirfetchd.png,df_pokemon.image_url
Mr. Rime,mr rime,https://img.pokemondb.net/sprites/sword-shield/icon/mr-rime.png,df_pokemon.image_url
Runerigus,runerigus,https://img.pokemondb.net/sprites/sword-shield/icon/runerigus.png,df_pokemon.image_url
Milcery,milcery,https://img.pokemondb.net/sprites/sword-shield/icon/milcery.png,df_pokemon.image_url
Alcremie,alcremie,https://img.pokemondb.net/sprites/sword-shield/icon/alcremie.png,df_pokemon.image_url
Alcremie Gigantamax,alcremie gigantamax,https://archives.bulbagarden.net/media/upload/b/bc/869GiMS8.png,df_pokemon.image_url
Falinks,falinks,https://img.pokemondb.net/sprites/sword-shield/icon/falinks.png,df_pokemon.image_url
Pincurchin,pincurchin,https://img.pokemondb.net/sprites/sword-shield/icon/pincurchin.png,df_pokemon.image_url
Snom,snom,https://img.pokemondb.net/sprites/sword-shield/icon/snom.png,df_pokemon.image_url
Frosmoth,frosmoth,https://img.pokemondb.net/sprites/sword-shield/icon/frosmoth.png,df_pokemon.image_url
Stonjourner,stonjourner,https://img.pokemondb.net/sprites/sword-shield/icon/stonjourner.png,df_pokemon.image_url
Eiscue Noice Face,eiscue noice face,https://img.pokemondb.net/sprites/sword-shield/icon/eiscue-noice.png,df_pokemon.image_url
Eiscue Ice Face,eiscue ice face,https://img.pokemondb.net/sprites/sword-shield/icon/eiscue-ice.png,df_pokemon.image_url
Indeedee Female,indeedee female,https://img.pokemondb.net/sprites/sword-shield/icon/indeedee-female.png,df_pokemon.image_url
Indeedee Male,indeedee male,https://img.pokemondb.net/sprites/sword-shield/icon/indeedee-male.png,df_pokemon.image_url
Morpeko Hangry Mode,morpeko hangry mode,https://img.pokemondb.net/sprites/sword-shield/icon/morpeko-hangry.png,df_pokemon.image_url
Morpeko Full Belly Mode,morpeko full belly mode,https://img.pokemondb.net/sprites/sword-shield/icon/morpeko-full-belly.png,df_pokemon.image_url
Cufant,cufant,https://img.pokemondb.net/sprites/sword-shield/icon/cufant.png,df_pokemon.image_url
Copperajah Gigantamax,copperajah gigantamax,https://archives.bulbagarden.net/media/upload/3/3a/879GiMS8.png,df_pokemon.image_url
Copperajah,copperajah,https://img.pokemondb.net/sprites/sword-shield/icon/copperajah.png,df_pokemon.image_url
Dracozolt,dracozolt,https://img.pokemondb.net/sprites/sword-shield/icon/dracozolt.png,df_pokemon.image_url
Arctozolt,arctozolt,https://img.pokemondb.net/sprites/sword-shield/icon/arctozolt.png,df_pokemon.image_url
Dracovish,dracovish,https://img.pokemondb.net/sprites/sword-shield/icon/dracovish.png,df_pokemon.image_url
Arctovish,arctovish,https://img.pokemondb.net/sprites/sword-shield/icon/arctovish.png,df_pokemon.image_url
Duraludon,duraludon,https://img.pokemondb.net/sprites/sword-shield/icon/duraludon.png,df_pokemon.image_url
Duraludon Gigantamax,duraludon gigantamax,https://archives.bulbagarden.net/media/upload/b/ba/884GiMS8.png,df_pokemon.image_url
Dreepy,dreepy,https://img.pokemondb.net/sprites/sword-shield/icon/dreepy.png,df_pokemon.image_url
Drakloak,drakloak,https://img.pokemondb.net/sprites/sword-shield/icon/drakloak.png,df_pokemon.image_url
Dragapult,dragapult,https://img.pokemondb.net/sprites/sword-shield/icon/dragapult.png,df_pokemon.image_url
Zacian Hero of Many Battles,zacian hero of many battles,https://img.pokemondb.net/sprites/sword-shield/icon/zacian-hero.png,df_pokemon.image_url
Zacian Crowned Sword,zacian crowned sword,https://img.pokemondb.net/sprites/sword-shield/icon/zacian-crowned.png,df_pokemon.image_url
Zamazenta Crowned Shield,zamazenta crowned shield,https://img.pokemondb.net/sprites/sword-shield/icon/zamazenta-crowned.png,df_pokemon.image_url
Zamazenta Hero of Many Battles,zamazenta hero of many battles,https://img.pokemondb.net/sprites/sword-shield/icon/zamazenta-hero.png,df_pokemon.image_url
Eternatus Eternamax,eternatus eternamax,https://img.pokemondb.net/sprites/sword-shield/icon/eternatus-eternamax.png,df_pokemon.image_url
Eternatus,eternatus,https://img.pokemondb.net/sprites/sword-shield/icon/eternatus.png,df_pokemon.image_url
Kubfu,kubfu,https://img.pokemondb.net/sprites/sword-shield/icon/kubfu.png,df_pokemon.image_url
Urshifu (Single Strike) Gigantamax,urshifu single strike gigantamax,https://archives.bulbagarden.net/media/upload/8/83/892GiMS8.png,df_pokemon.image_url
Urshifu (Rapid Strike) Gigantamax,urshifu rapid strike gigantamax,https://archives.bulbagarden.net/media/upload/b/b8/892RGiMS8.png,df_pokemon.image_url
Urshifu Single Strike Style,urshifu single strike style,https://img.pokemondb.net/sprites/sword-shield/icon/urshifu-single-strike.png,df_pokemon.image_url
Urshifu Rapid Strike Style,urshifu rapid strike style,https://img.pokemondb.net/sprites/sword-shield/icon/urshifu-rapid-strike.png,df_pokemon.image_url
Zarude,zarude,https://img.pokemondb.net/sprites/sword-shield/icon/zarude.png,df_pokemon.image_url
Regieleki,regieleki,https://img.pokemondb.net/sprites/sword-shield/icon/regieleki.png,df_pokemon.image_url
Regidrago,regidrago,https://img.pokemondb.net/sprites/sword-shield/icon/regidrago.png,df_pokemon.image_url
Glastrier,glastrier,https://img.pokemondb.net/sprites/sword-shield/icon/glastrier.png,df_pokemon.image_url
Spectrier,spectrier,https://img.pokemondb.net/sprites/sword-shield/icon/spectrier.png,df_pokemon.image_url
Calyrex,calyrex,https://img.pokemondb.net/sprites/sword-shield/icon/calyrex.png,df_pokemon.image_url
Calyrex Shadow Rider,calyrex shadow rider,https://img.pokemondb.net/sprites/sword-shield/icon/calyrex-shadow-rider.png,df_pokemon.image_url
Calyrex Ice Rider,calyrex ice rider,https://img.pokemondb.net/sprites/sword-shield/icon/calyrex-ice-rider.png,df_pokemon.image_url
