pokemon,category,name,usage_percent
Abomasnow,ability,Snow Warning,99.999
Abomasnow,ability,Soundproof,0.001
Abomasnow,item,Assault Vest,53.551
Abomasnow,item,Light Clay,25.977
Abomasnow,item,Focus Sash,19.537
Abomasnow,move,Blizzard,74.712
Abomasnow,move,Ice Shard,56.567
Abomasnow,move,Aurora Veil,45.985
Abomasnow,move,Earth Power,39.411
Accelgor,ability,Unburden,70.479
Accelgor,ability,Sticky Hold,23.132
Accelgor,item,Focus Sash,80.752
Accelgor,item,Leftovers,6.055
Accelgor,item,Other,4.708
Accelgor,move,Water Shuriken,80.733
Accelgor,move,Yawn,67.568
Accelgor,move,Protect,64.083
Accelgor,move,Encore,51.536
Aegislash Shield Forme,ability,Stance Change,100.0
Aegislash Shield Forme,item,Leftovers,30.836
Aegislash Shield Forme,item,Life Orb,28.889
Aegislash Shield Forme,item,Iron Ball,15.587
Aegislash Shield Forme,move,Kings Shield,98.243
Aegislash Shield Forme,move,Shadow Sneak,67.253
Aegislash Shield Forme,move,Shadow Ball,61.221
Aegislash Shield Forme,move,Flash Cannon,57.482
Aerodactyl,ability,Unnerve,74.095
Aerodactyl,ability,Rock Head,14.632
Aerodactyl,item,Focus Sash,81.442
Aerodactyl,item,Life Orb,8.68
Aerodactyl,item,Choice Scarf,4.43
Aerodactyl,move,Rock Slide,90.163
Aerodactyl,move,Tailwind,87.621
Aerodactyl,move,Wide Guard,85.889
Aerodactyl,move,Dual Wingbeat,78.699
Alakazam,ability,Magic Guard,81.76
Alakazam,ability,Inner Focus,14.202
Alakazam,item,Life Orb,44.445
Alakazam,item,Focus Sash,36.549
Alakazam,item,Choice Specs,9.725
Alakazam,move,Expanding Force,99.281
Alakazam,move,Dazzling Gleam,75.536
Alakazam,move,Protect,53.21
Alakazam,move,Trick Room,31.882
Alcremie,ability,Aroma Veil,70.927
Alcremie,ability,Sweet Veil,29.073
Alcremie,item,Leftovers,68.167
Alcremie,item,Focus Sash,19.467
Alcremie,item,Sitrus Berry,6.415
Alcremie,move,Recover,74.765
Alcremie,move,Calm Mind,67.626
Alcremie,move,Acid Armor,66.589
Alcremie,move,Stored Power,66.412
Alolan Exeggutor,ability,Frisk,58.873
Alolan Exeggutor,ability,Harvest,41.127
Alolan Exeggutor,item,Sitrus Berry,73.617
Alolan Exeggutor,item,Psychic Seed,9.849
Alolan Exeggutor,item,Yache Berry,7.878
Alolan Exeggutor,move,Trick Room,99.562
Alolan Exeggutor,move,Sleep Powder,83.252
Alolan Exeggutor,move,Grass Knot,43.084
Alolan Exeggutor,move,Brutal Swing,38.672
Alolan Marowak,ability,Lightning Rod,82.874
Alolan Marowak,ability,Rock Head,10.217
Alolan Marowak,item,Thick Club,99.938
Alolan Marowak,item,Other,0.062
Alolan Marowak,move,Flare Blitz,99.748
Alolan Marowak,move,Protect,61.602
Alolan Marowak,move,Shadow Bone,58.438
Alolan Marowak,move,Bonemerang,52.538
Alolan Ninetales,ability,Snow Warning,99.852
Alolan Ninetales,ability,Snow Cloak,0.148
Alolan Ninetales,item,Focus Sash,40.959
Alolan Ninetales,item,Light Clay,31.186
Alolan Ninetales,item,Choice Scarf,14.938
Alolan Ninetales,move,Blizzard,75.578
Alolan Ninetales,move,Freeze Dry,70.517
Alolan Ninetales,move,Aurora Veil,67.6
Alolan Ninetales,move,Icy Wind,46.024
Alolan Persian,ability,Fur Coat,98.708
Alolan Persian,ability,Rattled,1.287
Alolan Persian,item,Focus Sash,86.597
Alolan Persian,item,Roseli Berry,6.239
Alolan Persian,item,Other,3.262
Alolan Persian,move,Foul Play,98.558
Alolan Persian,move,Icy Wind,94.652
Alolan Persian,move,Fake Out,94.099
Alolan Persian,move,Fake Tears,82.176
Alolan Raichu,ability,Surge Surfer,100.0
Alolan Raichu,item,Choice Specs,27.238
Alolan Raichu,item,Focus Sash,22.574
Alolan Raichu,item,Magnet,22.47
Alolan Raichu,move,Expanding Force,93.056
Alolan Raichu,move,Rising Voltage,90.9
Alolan Raichu,move,Fake Out,43.195
Alolan Raichu,move,Protect,40.703
Alolan Sandslash,ability,Slush Rush,99.585
Alolan Sandslash,ability,Snow Cloak,0.415
Alolan Sandslash,item,Life Orb,62.151
Alolan Sandslash,item,Focus Sash,15.764
Alolan Sandslash,item,Assault Vest,7.375
Alolan Sandslash,move,Iron Head,64.331
Alolan Sandslash,move,Protect,56.919
Alolan Sandslash,move,Drill Run,54.276
Alolan Sandslash,move,Icicle Crash,50.796
Altaria,ability,Cloud Nine,99.797
Altaria,ability,Natural Cure,0.203
Altaria,item,Mago Berry,61.367
Altaria,item,Focus Sash,28.807
Altaria,item,Sitrus Berry,6.059
Altaria,move,Tailwind,99.835
Altaria,move,Breaking Swipe,64.512
Altaria,move,Haze,61.551
Altaria,move,Dual Wingbeat,61.366
Amoonguss,ability,Regenerator,97.913
Amoonguss,ability,Effect Spore,2.087
Amoonguss,item,Coba Berry,50.111
Amoonguss,item,Mental Herb,16.966
Amoonguss,item,Focus Sash,15.017
Amoonguss,move,Spore,99.938
Amoonguss,move,Rage Powder,99.642
Amoonguss,move,Protect,87.546
Amoonguss,move,Pollen Puff,46.926
Appletun,ability,Thick Fat,95.609
Appletun,ability,Ripen,4.382
Appletun,item,Sitrus Berry,41.473
Appletun,item,Leftovers,28.644
Appletun,item,Choice Specs,19.493
Appletun,move,Protect,77.286
Appletun,move,Leech Seed,74.628
Appletun,move,Draco Meteor,61.082
Appletun,move,Giga Drain,39.789
Araquanid,ability,Water Bubble,99.627
Araquanid,ability,Water Absorb,0.373
Araquanid,item,Safety Goggles,38.966
Araquanid,item,Iron Ball,20.633
Araquanid,item,Life Orb,18.728
Araquanid,move,Wide Guard,97.829
Araquanid,move,Liquidation,91.623
Araquanid,move,Protect,63.689
Araquanid,move,Leech Life,43.037
Arcanine,ability,Intimidate,94.35
Arcanine,ability,Justified,5.489
Arcanine,item,Focus Sash,46.913
Arcanine,item,Rocky Helmet,11.384
Arcanine,item,Sitrus Berry,10.225
Arcanine,move,Will O Wisp,89.474
Arcanine,move,Snarl,66.137
Arcanine,move,Safeguard,50.625
Arcanine,move,Heat Wave,48.54
Arctovish,ability,Water Absorb,99.977
Arctovish,ability,Ice Body,0.023
Arctovish,item,Weakness Policy,95.378
Arctovish,item,Other,4.622
Arctovish,move,Fishious Rend,99.981
Arctovish,move,Protect,98.319
Arctovish,move,Freeze Dry,97.435
Arctovish,move,Icicle Spear,96.61
Arctozolt,ability,Volt Absorb,93.586
Arctozolt,ability,Static,6.414
Arctozolt,item,Weakness Policy,24.96
Arctozolt,item,Magnet,21.542
Arctozolt,item,Assault Vest,20.999
Arctozolt,move,Bolt Beak,97.917
Arctozolt,move,Icicle Crash,96.658
Arctozolt,move,Stomping Tantrum,71.558
Arctozolt,move,Protect,54.673
Aromatisse,ability,Aroma Veil,87.03
Aromatisse,ability,Healer,12.97
Aromatisse,item,Babiri Berry,80.999
Aromatisse,item,Light Clay,13.098
Aromatisse,item,Other,4.152
Aromatisse,move,Trick Room,99.68
Aromatisse,move,Dazzling Gleam,82.277
Aromatisse,move,Heal Pulse,70.075
Aromatisse,move,Helping Hand,46.579
Articuno,ability,Snow Cloak,55.412
Articuno,ability,Pressure,44.588
Articuno,item,Life Orb,52.814
Articuno,item,Babiri Berry,31.76
Articuno,item,Weakness Policy,10.774
Articuno,move,Tailwind,85.309
Articuno,move,Freeze Dry,67.208
Articuno,move,Hurricane,67.066
Articuno,move,Weather Ball,47.691
Azumarill,ability,Sap Sipper,77.089
Azumarill,ability,Huge Power,22.903
Azumarill,item,Sitrus Berry,82.03
Azumarill,item,Assault Vest,8.581
Azumarill,item,Other,3.498
Azumarill,move,Protect,86.11
Azumarill,move,Scald,76.433
Azumarill,move,Perish Song,76.382
Azumarill,move,Sing,76.263
Barraskewda,ability,Swift Swim,94.017
Barraskewda,ability,Propeller Tail,5.983
Barraskewda,item,Life Orb,78.3
Barraskewda,item,White Herb,11.576
Barraskewda,item,Choice Scarf,5.501
Barraskewda,move,Liquidation,84.181
Barraskewda,move,Bounce,83.742
Barraskewda,move,Drill Run,63.825
Barraskewda,move,Throat Chop,55.04
Beartic,ability,Slush Rush,76.245
Beartic,ability,Swift Swim,23.592
Beartic,item,Life Orb,33.198
Beartic,item,Choice Band,28.503
Beartic,item,Assault Vest,24.972
Beartic,move,Icicle Crash,99.809
Beartic,move,Liquidation,62.331
Beartic,move,Superpower,52.894
Beartic,move,Play Rough,51.433
Beheeyem,ability,Analytic,93.409
Beheeyem,ability,Telepathy,5.687
Beheeyem,item,Life Orb,40.397
Beheeyem,item,Power Herb,39.385
Beheeyem,item,Focus Sash,9.3
Beheeyem,move,Expanding Force,93.324
Beheeyem,move,Energy Ball,90.038
Beheeyem,move,Flash Cannon,73.532
Beheeyem,move,Thunderbolt,45.944
Bewear,ability,Fluffy,99.822
Bewear,ability,Unnerve,0.176
Bewear,item,Leftovers,81.296
Bewear,item,Assault Vest,13.436
Bewear,item,Lum Berry,3.722
Bewear,move,Drain Punch,92.737
Bewear,move,Darkest Lariat,91.567
Bewear,move,Protect,86.025
Bewear,move,Bulk Up,81.476
Bisharp,ability,Defiant,97.829
Bisharp,ability,Inner Focus,2.171
Bisharp,item,Focus Sash,43.1
Bisharp,item,Life Orb,24.06
Bisharp,item,Black Glasses,22.243
Bisharp,move,Sucker Punch,96.162
Bisharp,move,Iron Head,78.545
Bisharp,move,Low Kick,46.327
Bisharp,move,Stone Edge,34.534
Blacephalon,ability,Beast Boost,100.0
Blacephalon,item,Choice Scarf,75.549
Blacephalon,item,Life Orb,16.947
Blacephalon,item,Other,3.786
Blacephalon,move,Shadow Ball,83.472
Blacephalon,move,Mind Blown,81.186
Blacephalon,move,Trick,64.784
Blacephalon,move,Solar Beam,42.024
Black Kyurem,ability,Teravolt,100.0
Black Kyurem,item,Babiri Berry,25.146
Black Kyurem,item,Weakness Policy,23.62
Black Kyurem,item,Power Herb,22.706
Black Kyurem,move,Fusion Bolt,92.083
Black Kyurem,move,Protect,87.031
Black Kyurem,move,Icicle Spear,64.503
Black Kyurem,move,Dragon Claw,39.873
Blastoise,ability,Torrent,86.365
Blastoise,ability,Rain Dish,13.635
Blastoise,item,Wacan Berry,60.82
Blastoise,item,Assault Vest,21.366
Blastoise,item,Mystic Water,8.865
Blastoise,move,Hydro Cannon,85.941
Blastoise,move,Fake Out,60.24
Blastoise,move,Yawn,59.178
Blastoise,move,Blizzard,52.957
Blaziken,ability,Speed Boost,99.99
Blaziken,ability,Blaze,0.01
Blaziken,item,Focus Sash,29.963
Blaziken,item,Wide Lens,19.22
Blaziken,item,Air Balloon,17.931
Blaziken,move,Protect,78.281
Blaziken,move,Heat Wave,65.534
Blaziken,move,Close Combat,30.935
Blaziken,move,Coaching,29.875
Blissey,ability,Serene Grace,69.948
Blissey,ability,Natural Cure,26.999
Blissey,item,Choice Scarf,58.463
Blissey,item,Leftovers,39.97
Blissey,item,Other,1.567
Blissey,move,Helping Hand,83.865
Blissey,move,Life Dew,58.644
Blissey,move,Body Slam,58.495
Blissey,move,Rock Slide,58.463
Boltund,ability,Competitive,99.574
Boltund,ability,Strong Jaw,0.426
Boltund,item,Focus Sash,95.921
Boltund,item,Other,4.079
Boltund,move,Electrify,52.913
Boltund,move,Snarl,50.59
Boltund,move,Thunderbolt,50.185
Boltund,move,Nuzzle,49.07
Bouffalant,ability,Sap Sipper,99.032
Bouffalant,ability,Soundproof,0.55
Bouffalant,item,Assault Vest,75.369
Bouffalant,item,Life Orb,12.927
Bouffalant,item,Other,4.372
Bouffalant,move,Head Charge,89.719
Bouffalant,move,High Horsepower,85.37
Bouffalant,move,Close Combat,81.375
Bouffalant,move,Lash Out,61.087
Braviary,ability,Defiant,99.876
Braviary,ability,Keen Eye,0.104
Braviary,item,Lum Berry,49.678
Braviary,item,Safety Goggles,18.173
Braviary,item,Life Orb,14.766
Braviary,move,Brave Bird,99.987
Braviary,move,Close Combat,97.334
Braviary,move,Protect,70.32
Braviary,move,Rock Slide,46.238
Bronzong,ability,Levitate,99.369
Bronzong,ability,Heatproof,0.625
Bronzong,item,Leftovers,73.326
Bronzong,item,Mental Herb,7.286
Bronzong,item,Sitrus Berry,7.268
Bronzong,move,Body Press,90.996
Bronzong,move,Trick Room,89.1
Bronzong,move,Ally Switch,82.713
Bronzong,move,Iron Defense,82.208
Butterfree,ability,Compound Eyes,99.334
Butterfree,ability,Tinted Lens,0.666
Butterfree,item,Focus Sash,89.068
Butterfree,item,Choice Scarf,6.238
Butterfree,item,Other,4.694
Butterfree,move,Sleep Powder,96.23
Butterfree,move,Rage Powder,81.326
Butterfree,move,Pollen Puff,79.36
Butterfree,move,Tailwind,66.78
Calyrex Ice Rider,item,Weakness Policy,39.275
Calyrex Ice Rider,item,Babiri Berry,32.411
Calyrex Ice Rider,item,White Herb,11.253
Calyrex Ice Rider,move,Glacial Lance,99.987
Calyrex Ice Rider,move,High Horsepower,81.641
Calyrex Ice Rider,move,Trick Room,80.271
Calyrex Ice Rider,move,Protect,50.254
Calyrex Shadow Rider,item,Focus Sash,61.341
Calyrex Shadow Rider,item,Choice Specs,19.098
Calyrex Shadow Rider,item,Life Orb,14.525
Calyrex Shadow Rider,move,Astral Barrage,99.995
Calyrex Shadow Rider,move,Protect,71.432
Calyrex Shadow Rider,move,Expanding Force,44.349
Calyrex Shadow Rider,move,Will O Wisp,42.417
Celesteela,ability,Beast Boost,100.0
Celesteela,item,Assault Vest,28.431
Celesteela,item,Sitrus Berry,20.166
Celesteela,item,Leftovers,16.158
Celesteela,move,Air Slash,61.181
Celesteela,move,Flash Cannon,58.062
Celesteela,move,Protect,56.26
Celesteela,move,Meteor Beam,45.651
Centiskorch,ability,White Smoke,99.043
Centiskorch,ability,Flash Fire,0.957
Centiskorch,item,Coba Berry,54.127
Centiskorch,item,Safety Goggles,21.084
Centiskorch,item,Leftovers,16.943
Centiskorch,move,Flare Blitz,94.147
Centiskorch,move,Power Whip,93.6
Centiskorch,move,Leech Life,86.706
Centiskorch,move,Protect,53.474
Chandelure,ability,Flash Fire,96.273
Chandelure,ability,Infiltrator,3.642
Chandelure,item,Safety Goggles,40.519
Chandelure,item,Focus Sash,31.743
Chandelure,item,Sitrus Berry,19.876
Chandelure,move,Heat Wave,85.717
Chandelure,move,Shadow Ball,83.892
Chandelure,move,Trick Room,73.539
Chandelure,move,Imprison,61.233
Chansey,ability,Natural Cure,57.598
Chansey,ability,Healer,31.382
Chansey,item,Eviolite,98.059
Chansey,item,Other,1.941
Chansey,move,Seismic Toss,99.814
Chansey,move,Soft Boiled,99.724
Chansey,move,Minimize,67.107
Chansey,move,Ally Switch,34.467
Charizard,ability,Solar Power,99.348
Charizard,ability,Blaze,0.652
Charizard,item,Lum Berry,39.492
Charizard,item,Life Orb,28.879
Charizard,item,Charti Berry,21.713
Charizard,move,Blast Burn,88.243
Charizard,move,Protect,83.021
Charizard,move,Hurricane,80.422
Charizard,move,Ancient Power,48.995
Charjabug,ability,Battery,100.0
Charjabug,item,Power Lens,76.569
Charjabug,item,Eviolite,16.998
Charjabug,item,Other,3.226
Charjabug,move,Light Screen,94.869
Charjabug,move,Round,90.095
Charjabug,move,Eerie Impulse,84.456
Charjabug,move,Bug Bite,82.394
Cherrim,ability,Flower Gift,100.0
Cherrim,item,Focus Sash,78.532
Cherrim,item,Miracle Seed,9.329
Cherrim,item,Other,4.81
Cherrim,move,Helping Hand,91.494
Cherrim,move,Pollen Puff,82.623
Cherrim,move,Protect,74.909
Cherrim,move,Petal Blizzard,35.447
Cinccino,ability,Skill Link,89.304
Cinccino,ability,Technician,10.696
Cinccino,item,Choice Scarf,64.809
Cinccino,item,Focus Sash,14.727
Cinccino,item,Expert Belt,10.712
Cinccino,move,Triple Axel,86.956
Cinccino,move,Bullet Seed,85.481
Cinccino,move,Rock Blast,85.25
Cinccino,move,Tail Slap,72.288
Cinderace,ability,Libero,99.701
Cinderace,ability,Blaze,0.299
Cinderace,item,Life Orb,41.424
Cinderace,item,White Herb,33.648
Cinderace,item,Focus Sash,15.05
Cinderace,move,Sucker Punch,92.159
Cinderace,move,Bounce,80.27
Cinderace,move,High Jump Kick,80.067
Cinderace,move,Pyro Ball,73.923
Clawitzer,ability,Mega Launcher,100.0
Clawitzer,item,Life Orb,38.251
Clawitzer,item,Choice Specs,18.107
Clawitzer,item,Assault Vest,13.47
Clawitzer,move,Water Pulse,89.989
Clawitzer,move,Terrain Pulse,79.634
Clawitzer,move,Aura Sphere,66.612
Clawitzer,move,Dark Pulse,51.133
Claydol,ability,Levitate,100.0
Claydol,item,Aguav Berry,48.911
Claydol,item,Leftovers,22.161
Claydol,item,Iron Ball,10.93
Claydol,move,Trick Room,86.003
Claydol,move,Imprison,72.714
Claydol,move,Ally Switch,67.222
Claydol,move,Body Press,49.779
Clefable,ability,Unaware,88.634
Clefable,ability,Magic Guard,8.446
Clefable,item,Babiri Berry,82.981
Clefable,item,Leftovers,11.29
Clefable,item,Focus Sash,3.026
Clefable,move,Follow Me,93.001
Clefable,move,Protect,89.806
Clefable,move,Helping Hand,84.697
Clefable,move,Mystical Fire,82.886
Clefairy,ability,Friend Guard,99.864
Clefairy,ability,Cute Charm,0.111
Clefairy,item,Eviolite,86.232
Clefairy,item,Focus Sash,13.145
Clefairy,item,Other,0.623
Clefairy,move,Follow Me,98.9
Clefairy,move,Helping Hand,94.232
Clefairy,move,Protect,87.372
Clefairy,move,Moonblast,31.046
Cloyster,ability,Skill Link,99.96
Cloyster,ability,Overcoat,0.039
Cloyster,item,Focus Sash,68.264
Cloyster,item,White Herb,26.789
Cloyster,item,Other,4.947
Cloyster,move,Icicle Spear,99.961
Cloyster,move,Rock Blast,99.599
Cloyster,move,Liquidation,68.399
Cloyster,move,Protect,60.618
Coalossal,ability,Steam Engine,99.731
Coalossal,ability,Flame Body,0.209
Coalossal,item,Weakness Policy,93.952
Coalossal,item,Room Service,3.744
Coalossal,item,Other,2.305
Coalossal,move,Protect,95.081
Coalossal,move,Meteor Beam,92.932
Coalossal,move,Heat Wave,92.384
Coalossal,move,Solar Beam,91.809
Cobalion,ability,Justified,100.0
Cobalion,item,Assault Vest,81.598
Cobalion,item,Life Orb,15.128
Cobalion,item,Other,3.273
Cobalion,move,Iron Head,90.211
Cobalion,move,Close Combat,88.937
Cobalion,move,Stone Edge,81.122
Cobalion,move,Bounce,76.306
Cofagrigus,ability,Mummy,100.0
Cofagrigus,item,Colbur Berry,55.098
Cofagrigus,item,Mental Herb,19.563
Cofagrigus,item,Sitrus Berry,10.38
Cofagrigus,move,Trick Room,97.278
Cofagrigus,move,Ally Switch,71.905
Cofagrigus,move,Shadow Ball,63.942
Cofagrigus,move,Body Press,52.355
Comfey,ability,Triage,99.754
Comfey,ability,Flower Veil,0.245
Comfey,item,Babiri Berry,61.098
Comfey,item,Focus Sash,19.302
Comfey,item,Mental Herb,16.553
Comfey,move,Floral Healing,98.635
Comfey,move,Draining Kiss,81.263
Comfey,move,Trick Room,61.193
Comfey,move,Ally Switch,53.806
Conkeldurr,ability,Guts,72.659
Conkeldurr,ability,Iron Fist,25.85
Conkeldurr,item,Flame Orb,74.91
Conkeldurr,item,Assault Vest,13.355
Conkeldurr,item,Life Orb,9.282
Conkeldurr,move,Ice Punch,72.094
Conkeldurr,move,Mach Punch,56.263
Conkeldurr,move,Close Combat,48.927
Conkeldurr,move,Protect,45.108
Copperajah,ability,Sheer Force,85.824
Copperajah,ability,Heavy Metal,14.176
Copperajah,item,Assault Vest,30.805
Copperajah,item,Weakness Policy,29.296
Copperajah,item,Life Orb,19.829
Copperajah,move,Iron Head,61.24
Copperajah,move,High Horsepower,49.202
Copperajah,move,Rock Slide,44.164
Copperajah,move,Power Whip,41.499
Corsola,ability,Hustle,100.0
Corsola,ability,Regenerator,0.0
Corsola,item,Weakness Policy,99.266
Corsola,item,Other,0.734
Corsola,move,Protect,99.994
Corsola,move,Liquidation,99.994
Corsola,move,Head Smash,99.994
Corsola,move,Throat Chop,94.336
Corviknight,ability,Mirror Armor,97.174
Corviknight,ability,Pressure,2.274
Corviknight,item,Leftovers,67.236
Corviknight,item,Rocky Helmet,11.889
Corviknight,item,Occa Berry,10.75
Corviknight,move,Brave Bird,89.734
Corviknight,move,Roost,81.883
Corviknight,move,Tailwind,77.586
Corviknight,move,Iron Head,60.238
Cradily,ability,Storm Drain,99.993
Cradily,ability,Suction Cups,0.007
Cradily,item,Leftovers,47.894
Cradily,item,Power Herb,42.168
Cradily,item,Other,3.211
Cradily,move,Protect,76.158
Cradily,move,Giga Drain,51.129
Cradily,move,Leech Seed,50.409
Cradily,move,Meteor Beam,42.174
Crawdaunt,ability,Adaptability,91.071
Crawdaunt,ability,Hyper Cutter,8.929
Crawdaunt,item,Life Orb,43.352
Crawdaunt,item,Assault Vest,19.958
Crawdaunt,item,Mystic Water,18.918
Crawdaunt,move,Aqua Jet,92.698
Crawdaunt,move,Knock Off,66.303
Crawdaunt,move,Crabhammer,54.524
Crawdaunt,move,Crunch,40.591
Cresselia,ability,Levitate,100.0
Cresselia,item,Leftovers,38.119
Cresselia,item,Mental Herb,18.978
Cresselia,item,Kee Berry,17.991
Cresselia,move,Trick Room,71.706
Cresselia,move,Helping Hand,52.563
Cresselia,move,Moonlight,46.023
Cresselia,move,Ally Switch,34.486
Crobat,ability,Inner Focus,79.033
Crobat,ability,Infiltrator,20.967
Crobat,item,Focus Sash,68.577
Crobat,item,Mental Herb,26.423
Crobat,item,Wide Lens,2.661
Crobat,move,Tailwind,99.06
Crobat,move,Haze,83.127
Crobat,move,Brave Bird,74.159
Crobat,move,Hypnosis,53.85
Crustle,ability,Weak Armor,86.481
Crustle,ability,Sturdy,13.509
Crustle,item,Weakness Policy,68.372
Crustle,item,Focus Sash,16.91
Crustle,item,White Herb,13.241
Crustle,move,X Scissor,98.898
Crustle,move,Earthquake,94.413
Crustle,move,Rock Slide,82.689
Crustle,move,Rock Wrecker,67.011
Cursola,ability,Perish Body,81.619
Cursola,ability,Weak Armor,18.381
Cursola,item,Power Herb,19.598
Cursola,item,Focus Sash,18.92
Cursola,item,Weakness Policy,16.755
Cursola,move,Shadow Ball,99.079
Cursola,move,Earth Power,63.529
Cursola,move,Burning Jealousy,46.833
Cursola,move,Giga Drain,29.145
Darmanitan Galarian Standard Mode,ability,Gorilla Tactics,99.777
Darmanitan Galarian Standard Mode,ability,Zen Mode,0.223
Darmanitan Galarian Standard Mode,item,Choice Scarf,98.092
Darmanitan Galarian Standard Mode,item,Other,1.908
Darmanitan Galarian Standard Mode,move,Icicle Crash,99.805
Darmanitan Galarian Standard Mode,move,Flare Blitz,99.507
Darmanitan Galarian Standard Mode,move,U Turn,58.343
Darmanitan Galarian Standard Mode,move,Superpower,49.018
Darmanitan Standard Mode,ability,Sheer Force,99.903
Darmanitan Standard Mode,ability,Zen Mode,0.097
Darmanitan Standard Mode,item,Choice Scarf,87.895
Darmanitan Standard Mode,item,Life Orb,9.677
Darmanitan Standard Mode,item,Other,2.428
Darmanitan Standard Mode,move,Flare Blitz,97.886
Darmanitan Standard Mode,move,U Turn,88.11
Darmanitan Standard Mode,move,Rock Slide,82.09
Darmanitan Standard Mode,move,Earthquake,46.316
Dawn Wings Necrozma,ability,Prism Armor,100.0
Dawn Wings Necrozma,item,Power Herb,95.899
Dawn Wings Necrozma,item,Other,4.101
Dawn Wings Necrozma,move,Moongeist Beam,99.996
Dawn Wings Necrozma,move,Trick Room,98.313
Dawn Wings Necrozma,move,Meteor Beam,95.905
Dawn Wings Necrozma,move,Gravity,67.415
Decidueye,ability,Overgrow,72.437
Decidueye,ability,Long Reach,27.563
Decidueye,item,Assault Vest,38.667
Decidueye,item,Choice Specs,19.346
Decidueye,item,Life Orb,13.526
Decidueye,move,Leaf Blade,50.742
Decidueye,move,Poltergeist,48.827
Decidueye,move,U Turn,33.197
Decidueye,move,Brave Bird,30.498
Dedenne,ability,Cheek Pouch,67.092
Dedenne,ability,Pickup,20.966
Dedenne,item,Aguav Berry,37.886
Dedenne,item,Sitrus Berry,27.526
Dedenne,item,Choice Scarf,19.245
Dedenne,move,Nuzzle,83.039
Dedenne,move,Electroweb,58.466
Dedenne,move,Volt Switch,46.859
Dedenne,move,Ally Switch,43.42
Dhelmise,ability,Steelworker,100.0
Dhelmise,item,Weakness Policy,27.678
Dhelmise,item,Assault Vest,22.91
Dhelmise,item,Iron Ball,20.09
Dhelmise,move,Poltergeist,83.651
Dhelmise,move,Power Whip,72.612
Dhelmise,move,Anchor Shot,54.891
Dhelmise,move,Grassy Glide,41.392
Dialga,ability,Pressure,58.21
Dialga,ability,Telepathy,41.79
Dialga,item,Life Orb,76.991
Dialga,item,Adamant Orb,10.411
Dialga,item,Weakness Policy,5.436
Dialga,move,Earth Power,87.838
Dialga,move,Roar Of Time,83.577
Dialga,move,Flash Cannon,81.213
Dialga,move,Trick Room,34.785
Diggersby,ability,Huge Power,100.0
Diggersby,ability,Pickup,0.0
Diggersby,item,Assault Vest,49.621
Diggersby,item,Life Orb,43.344
Diggersby,item,White Herb,6.428
Diggersby,move,Foul Play,99.644
Diggersby,move,High Horsepower,90.169
Diggersby,move,Protect,50.219
Diggersby,move,Rock Slide,49.671
Ditto,ability,Imposter,99.969
Ditto,ability,Limber,0.031
Ditto,item,Choice Scarf,92.212
Ditto,item,Other,3.718
Ditto,item,Sitrus Berry,2.117
Ditto,move,Transform,100.0
Dracovish,ability,Strong Jaw,85.684
Dracovish,ability,Sand Rush,7.501
Dracovish,item,Iron Ball,28.129
Dracovish,item,Choice Band,25.899
Dracovish,item,Choice Scarf,17.511
Dracovish,move,Fishious Rend,99.997
Dracovish,move,Psychic Fangs,62.715
Dracovish,move,Crunch,50.063
Dracovish,move,Protect,45.752
Dracozolt,ability,Hustle,68.885
Dracozolt,ability,Sand Rush,29.76
Dracozolt,item,Life Orb,80.082
Dracozolt,item,Choice Band,15.819
Dracozolt,item,Other,4.099
Dracozolt,move,Bolt Beak,99.987
Dracozolt,move,Protect,77.202
Dracozolt,move,Fire Fang,39.85
Dracozolt,move,Bulldoze,37.996
Dragalge,ability,Adaptability,99.169
Dragalge,ability,Poison Point,0.805
Dragalge,item,Weakness Policy,51.06
Dragalge,item,Life Orb,34.982
Dragalge,item,Safety Goggles,6.299
Dragalge,move,Protect,92.448
Dragalge,move,Draco Meteor,88.575
Dragalge,move,Sludge Bomb,86.902
Dragalge,move,Thunderbolt,45.673
Dragapult,ability,Clear Body,96.639
Dragapult,ability,Infiltrator,1.73
Dragapult,item,Focus Sash,43.349
Dragapult,item,Life Orb,28.191
Dragapult,item,Assault Vest,6.433
Dragapult,move,Dragon Darts,83.82
Dragapult,move,Phantom Force,75.683
Dragapult,move,Fly,69.188
Dragapult,move,Will O Wisp,48.47
Dragonite,ability,Multiscale,68.634
Dragonite,ability,Inner Focus,31.366
Dragonite,item,Choice Band,33.999
Dragonite,item,Weakness Policy,19.822
Dragonite,item,Expert Belt,13.94
Dragonite,move,Dual Wingbeat,87.537
Dragonite,move,Extreme Speed,51.549
Dragonite,move,Earthquake,38.584
Dragonite,move,Breaking Swipe,38.497
Drampa,ability,Cloud Nine,87.48
Drampa,ability,Sap Sipper,8.813
Drampa,item,Assault Vest,84.051
Drampa,item,Life Orb,12.481
Drampa,item,Other,3.469
Drampa,move,Hyper Voice,94.163
Drampa,move,Flamethrower,87.07
Drampa,move,Draco Meteor,58.197
Drampa,move,Snarl,47.343
Drapion,ability,Battle Armor,80.102
Drapion,ability,Sniper,19.843
Drapion,item,Shuca Berry,27.881
Drapion,item,Safety Goggles,26.379
Drapion,item,Assault Vest,24.041
Drapion,move,Knock Off,82.58
Drapion,move,Taunt,60.279
Drapion,move,Protect,46.477
Drapion,move,Toxic,34.385
Drednaw,ability,Swift Swim,99.997
Drednaw,ability,Strong Jaw,0.003
Drednaw,item,Choice Band,85.405
Drednaw,item,Life Orb,8.145
Drednaw,item,Other,4.436
Drednaw,move,Liquidation,99.611
Drednaw,move,Rock Slide,92.731
Drednaw,move,Head Smash,90.018
Drednaw,move,Megahorn,84.826
Drifblim,ability,Unburden,99.957
Drifblim,ability,Aftermath,0.028
Drifblim,item,Psychic Seed,94.111
Drifblim,item,Misty Seed,3.228
Drifblim,item,Other,2.662
Drifblim,move,Tailwind,99.749
Drifblim,move,Will O Wisp,95.559
Drifblim,move,Weather Ball,92.09
Drifblim,move,Sunny Day,92.09
Druddigon,ability,Rough Skin,92.085
Druddigon,ability,Sheer Force,6.207
Druddigon,item,Rocky Helmet,92.811
Druddigon,item,Life Orb,5.177
Druddigon,item,Other,2.011
Druddigon,move,Fire Punch,97.474
Druddigon,move,Dragon Claw,94.407
Druddigon,move,Glare,92.875
Druddigon,move,Superpower,92.253
Dugtrio,ability,Arena Trap,97.967
Dugtrio,ability,Sand Veil,2.026
Dugtrio,item,Focus Sash,99.123
Dugtrio,item,Other,0.877
Dugtrio,move,Sucker Punch,95.402
Dugtrio,move,Earthquake,90.913
Dugtrio,move,Memento,88.412
Dugtrio,move,Ally Switch,86.068
Dunsparce,ability,Serene Grace,55.668
Dunsparce,ability,Rattled,44.332
Dunsparce,item,Leftovers,48.323
Dunsparce,item,Choice Scarf,15.581
Dunsparce,item,Choice Band,11.026
Dunsparce,move,Rock Slide,53.596
Dunsparce,move,Coil,52.707
Dunsparce,move,Roost,46.221
Dunsparce,move,Amnesia,45.857
Duraludon,ability,Stalwart,92.912
Duraludon,ability,Light Metal,6.695
Duraludon,item,Assault Vest,26.922
Duraludon,item,Shuca Berry,21.323
Duraludon,item,Choice Specs,17.54
Duraludon,move,Flash Cannon,92.256
Duraludon,move,Draco Meteor,79.107
Duraludon,move,Thunderbolt,55.3
Duraludon,move,Dark Pulse,44.908
Durant,ability,Hustle,99.831
Durant,ability,Swarm,0.133
Durant,item,Life Orb,53.866
Durant,item,Expert Belt,43.898
Durant,item,Other,2.235
Durant,move,Iron Head,100.0
Durant,move,Rock Slide,95.859
Durant,move,Stomping Tantrum,83.167
Durant,move,Protect,52.899
Dusclops,ability,Frisk,98.723
Dusclops,ability,Pressure,1.277
Dusclops,item,Eviolite,99.568
Dusclops,item,Other,0.432
Dusclops,move,Trick Room,99.72
Dusclops,move,Night Shade,67.739
Dusclops,move,Taunt,66.251
Dusclops,move,Shadow Sneak,62.111
Dusk Mane Necrozma,ability,Prism Armor,100.0
Dusk Mane Necrozma,item,Weakness Policy,88.874
Dusk Mane Necrozma,item,Other,4.037
Dusk Mane Necrozma,item,Assault Vest,3.163
Dusk Mane Necrozma,move,Sunsteel Strike,85.426
Dusk Mane Necrozma,move,Earthquake,68.895
Dusk Mane Necrozma,move,Trick Room,67.44
Dusk Mane Necrozma,move,Psychic Fangs,24.367
Dusknoir,ability,Frisk,94.745
Dusknoir,ability,Pressure,5.255
Dusknoir,item,Life Orb,46.318
Dusknoir,item,Colbur Berry,15.255
Dusknoir,item,Weakness Policy,15.012
Dusknoir,move,Poltergeist,92.839
Dusknoir,move,Trick Room,91.525
Dusknoir,move,Thunder Punch,34.781
Dusknoir,move,Fire Punch,25.177
Eiscue Ice Face,ability,Ice Face,100.0
Eiscue Ice Face,item,Sitrus Berry,80.486
Eiscue Ice Face,item,Salac Berry,6.532
Eiscue Ice Face,item,Weakness Policy,5.846
Eiscue Ice Face,move,Icicle Crash,95.947
Eiscue Ice Face,move,Belly Drum,91.653
Eiscue Ice Face,move,Protect,81.742
Eiscue Ice Face,move,Head Smash,67.256
Eldegoss,ability,Cotton Down,92.851
Eldegoss,ability,Regenerator,6.593
Eldegoss,item,Wide Lens,85.111
Eldegoss,item,Leftovers,5.815
Eldegoss,item,Heavy-Duty Boots,5.373
Eldegoss,move,Pollen Puff,94.13
Eldegoss,move,Charm,90.365
Eldegoss,move,Sleep Powder,88.358
Eldegoss,move,Giga Drain,84.389
Electivire,ability,Motor Drive,99.953
Electivire,ability,Vital Spirit,0.047
Electivire,item,Assault Vest,91.626
Electivire,item,Other,4.243
Electivire,item,Choice Band,4.13
Electivire,move,Darkest Lariat,95.84
Electivire,move,Ice Punch,95.004
Electivire,move,Wild Charge,93.735
Electivire,move,Earthquake,91.903
Emolga,ability,Motor Drive,77.116
Emolga,ability,Static,22.884
Emolga,item,Safety Goggles,37.307
Emolga,item,Choice Scarf,32.253
Emolga,item,Aguav Berry,14.192
Emolga,move,Nuzzle,93.289
Emolga,move,Helping Hand,54.204
Emolga,move,Taunt,48.955
Emolga,move,Charm,48.128
Entei,ability,Inner Focus,99.878
Entei,ability,Pressure,0.122
Entei,item,Choice Scarf,56.319
Entei,item,Assault Vest,19.525
Entei,item,Life Orb,15.764
Entei,move,Sacred Fire,88.425
Entei,move,Stone Edge,77.952
Entei,move,Flare Blitz,57.003
Entei,move,Crunch,51.432
Escavalier,ability,Overcoat,97.221
Escavalier,ability,Swarm,2.107
Escavalier,item,Expert Belt,38.695
Escavalier,item,Assault Vest,29.047
Escavalier,item,Lum Berry,17.3
Escavalier,move,Iron Head,99.473
Escavalier,move,Drill Run,94.319
Escavalier,move,Protect,61.313
Escavalier,move,Close Combat,47.328
Espeon,ability,Magic Bounce,99.567
Espeon,ability,Synchronize,0.433
Espeon,item,Focus Sash,60.468
Espeon,item,Choice Scarf,22.267
Espeon,item,Life Orb,11.6
Espeon,move,Ally Switch,80.589
Espeon,move,Expanding Force,54.43
Espeon,move,Weather Ball,48.143
Espeon,move,Trick Room,46.119
Eternatus,ability,Pressure,100.0
Eternatus,item,Black Sludge,32.695
Eternatus,item,Life Orb,21.417
Eternatus,item,Dragon Fang,15.35
Eternatus,move,Flamethrower,72.593
Eternatus,move,Dynamax Cannon,71.187
Eternatus,move,Sludge Bomb,55.993
Eternatus,move,Protect,52.181
Excadrill,ability,Sand Rush,55.376
Excadrill,ability,Mold Breaker,44.601
Excadrill,item,Focus Sash,33.961
Excadrill,item,Assault Vest,27.201
Excadrill,item,Life Orb,18.854
Excadrill,move,Iron Head,97.594
Excadrill,move,Rock Slide,87.735
Excadrill,move,Protect,52.241
Excadrill,move,Earthquake,51.834
Exeggutor,ability,Harvest,82.502
Exeggutor,ability,Chlorophyll,17.498
Exeggutor,item,Sitrus Berry,81.96
Exeggutor,item,Blunder Policy,12.363
Exeggutor,item,Psychic Seed,4.871
Exeggutor,move,Skill Swap,94.994
Exeggutor,move,Protect,94.922
Exeggutor,move,Leech Seed,82.452
Exeggutor,move,Energy Ball,82.448
Exploud,ability,Soundproof,61.751
Exploud,ability,Scrappy,38.249
Exploud,item,Choice Specs,62.177
Exploud,item,Throat Spray,30.025
Exploud,item,Life Orb,6.443
Exploud,move,Boomburst,96.703
Exploud,move,Flamethrower,64.579
Exploud,move,Ice Beam,50.262
Exploud,move,Hyper Voice,42.862
Falinks,ability,Defiant,96.91
Falinks,ability,Battle Armor,3.09
Falinks,item,Life Orb,33.746
Falinks,item,Psychic Seed,16.373
Falinks,item,Weakness Policy,14.71
Falinks,move,No Retreat,95.948
Falinks,move,Close Combat,93.997
Falinks,move,Iron Head,61.839
Falinks,move,Rock Slide,43.329
Fan Rotom,ability,Levitate,100.0
Fan Rotom,item,Sitrus Berry,85.332
Fan Rotom,item,Life Orb,7.053
Fan Rotom,item,Other,4.904
Fan Rotom,move,Air Slash,100.0
Fan Rotom,move,Protect,95.162
Fan Rotom,move,Thunderbolt,93.107
Fan Rotom,move,Nasty Plot,88.403
Ferrothorn,ability,Iron Barbs,99.799
Ferrothorn,ability,Anticipation,0.201
Ferrothorn,item,Leftovers,81.215
Ferrothorn,item,Assault Vest,14.35
Ferrothorn,item,Other,4.435
Ferrothorn,move,Protect,81.649
Ferrothorn,move,Body Press,74.99
Ferrothorn,move,Leech Seed,71.176
Ferrothorn,move,Iron Defense,64.478
Flapple,ability,Hustle,93.71
Flapple,ability,Ripen,6.289
Flapple,item,Life Orb,77.662
Flapple,item,Choice Band,5.75
Flapple,item,Wide Lens,5.685
Flapple,move,Grav Apple,88.344
Flapple,move,Dragon Rush,83.851
Flapple,move,Protect,75.794
Flapple,move,Fly,73.574
Flareon,ability,Guts,94.976
Flareon,ability,Flash Fire,5.024
Flareon,item,Toxic Orb,90.428
Flareon,item,Choice Scarf,7.29
Flareon,item,Other,2.281
Flareon,move,Flare Blitz,98.294
Flareon,move,Superpower,95.825
Flareon,move,Iron Tail,67.686
Flareon,move,Protect,65.353
Flygon,ability,Levitate,100.0
Flygon,item,Life Orb,75.35
Flygon,item,Choice Band,8.993
Flygon,item,Expert Belt,3.668
Flygon,move,Protect,77.894
Flygon,move,Earth Power,73.564
Flygon,move,Flamethrower,73.147
Flygon,move,Dragon Pulse,61.955
Froslass,ability,Cursed Body,98.382
Froslass,ability,Snow Cloak,1.618
Froslass,item,Focus Sash,53.211
Froslass,item,Adrenaline Orb,38.513
Froslass,item,Safety Goggles,6.508
Froslass,move,Ally Switch,89.322
Froslass,move,Will O Wisp,51.433
Froslass,move,Icy Wind,47.103
Froslass,move,Fake Tears,40.278
Frost Rotom,ability,Levitate,100.0
Frost Rotom,item,Expert Belt,57.415
Frost Rotom,item,Wiki Berry,17.454
Frost Rotom,item,Grassy Seed,13.075
Frost Rotom,move,Blizzard,99.999
Frost Rotom,move,Thunderbolt,99.008
Frost Rotom,move,Protect,75.251
Frost Rotom,move,Thunder,39.983
Galarian Articuno,ability,Competitive,100.0
Galarian Articuno,item,Leftovers,38.696
Galarian Articuno,item,Iron Ball,29.572
Galarian Articuno,item,Weakness Policy,9.456
Galarian Articuno,move,Hurricane,87.905
Galarian Articuno,move,Trick Room,70.209
Galarian Articuno,move,Freezing Glare,66.235
Galarian Articuno,move,Calm Mind,41.204
Galarian Corsola,ability,Cursed Body,99.197
Galarian Corsola,ability,Weak Armor,0.803
Galarian Corsola,item,Eviolite,99.513
Galarian Corsola,item,Other,0.487
Galarian Corsola,move,Strength Sap,99.563
Galarian Corsola,move,Will O Wisp,78.589
Galarian Corsola,move,Haze,54.89
Galarian Corsola,move,Night Shade,52.4
Galarian Moltres,ability,Berserk,100.0
Galarian Moltres,item,Assault Vest,31.089
Galarian Moltres,item,Life Orb,15.398
Galarian Moltres,item,Weakness Policy,14.37
Galarian Moltres,move,Fiery Wrath,91.103
Galarian Moltres,move,Protect,64.149
Galarian Moltres,move,Air Slash,49.827
Galarian Moltres,move,Nasty Plot,42.43
Galarian Slowbro,ability,Quick Draw,83.932
Galarian Slowbro,ability,Regenerator,13.946
Galarian Slowbro,item,Psychic Seed,49.835
Galarian Slowbro,item,Safety Goggles,12.307
Galarian Slowbro,item,Quick Claw,12.002
Galarian Slowbro,move,Expanding Force,93.646
Galarian Slowbro,move,Trick Room,82.873
Galarian Slowbro,move,Shell Side Arm,82.17
Galarian Slowbro,move,Bulldoze,47.886
Galarian Weezing,ability,Neutralizing Gas,99.77
Galarian Weezing,ability,Misty Surge,0.223
Galarian Weezing,item,Babiri Berry,68.363
Galarian Weezing,item,Shuca Berry,24.469
Galarian Weezing,item,Other,4.576
Galarian Weezing,move,Protect,98.182
Galarian Weezing,move,Will O Wisp,93.353
Galarian Weezing,move,Strange Steam,72.417
Galarian Weezing,move,Substitute,69.009
Galarian Zapdos,ability,Defiant,100.0
Galarian Zapdos,item,Assault Vest,40.633
Galarian Zapdos,item,Choice Band,12.784
Galarian Zapdos,item,Choice Scarf,10.807
Galarian Zapdos,move,Brave Bird,93.244
Galarian Zapdos,move,Thunderous Kick,67.987
Galarian Zapdos,move,Stomping Tantrum,50.526
Galarian Zapdos,move,Close Combat,34.009
Gallade,ability,Justified,85.462
Gallade,ability,Steadfast,14.538
Gallade,item,Assault Vest,38.301
Gallade,item,Life Orb,14.512
Gallade,item,Focus Sash,7.441
Gallade,move,Close Combat,74.369
Gallade,move,Psycho Cut,58.452
Gallade,move,Knock Off,49.485
Gallade,move,Trick Room,27.514
Galvantula,ability,Compound Eyes,99.552
Galvantula,ability,Unnerve,0.448
Galvantula,item,Focus Sash,81.587
Galvantula,item,Assault Vest,11.132
Galvantula,item,Life Orb,6.186
Galvantula,move,Electroweb,88.152
Galvantula,move,Struggle Bug,75.494
Galvantula,move,Protect,66.57
Galvantula,move,Screech,59.272
Garbodor,ability,Weak Armor,99.792
Garbodor,ability,Aftermath,0.184
Garbodor,item,Weakness Policy,99.797
Garbodor,item,Other,0.203
Garbodor,move,Gunk Shot,99.828
Garbodor,move,Protect,99.3
Garbodor,move,Stomping Tantrum,97.933
Garbodor,move,Rock Blast,88.219
Garchomp,ability,Rough Skin,83.814
Garchomp,ability,Sand Veil,16.186
Garchomp,item,Life Orb,62.633
Garchomp,item,Choice Band,7.764
Garchomp,item,Yache Berry,7.168
Garchomp,move,Earthquake,85.835
Garchomp,move,Rock Slide,82.668
Garchomp,move,Protect,78.372
Garchomp,move,Outrage,54.128
Gardevoir,ability,Trace,92.987
Gardevoir,ability,Telepathy,3.627
Gardevoir,item,Psychic Seed,70.289
Gardevoir,item,Focus Sash,6.589
Gardevoir,item,Choice Scarf,4.174
Gardevoir,move,Expanding Force,95.954
Gardevoir,move,Trick Room,84.948
Gardevoir,move,Imprison,83.492
Gardevoir,move,Dazzling Gleam,73.77
Gastrodon,ability,Storm Drain,99.593
Gastrodon,ability,Sticky Hold,0.403
Gastrodon,item,Leftovers,84.781
Gastrodon,item,Rindo Berry,6.8
Gastrodon,item,Sitrus Berry,6.223
Gastrodon,move,Earth Power,98.795
Gastrodon,move,Yawn,96.989
Gastrodon,move,Protect,96.36
Gastrodon,move,Ice Beam,79.866
Gengar,ability,Cursed Body,100.0
Gengar,item,Focus Sash,44.902
Gengar,item,Choice Scarf,16.502
Gengar,item,Life Orb,10.474
Gengar,move,Shadow Ball,85.18
Gengar,move,Sludge Bomb,64.906
Gengar,move,Dazzling Gleam,37.986
Gengar,move,Trick Room,31.653
Gigalith,ability,Sand Stream,97.928
Gigalith,ability,Sand Force,1.874
Gigalith,item,Weakness Policy,51.724
Gigalith,item,Babiri Berry,30.233
Gigalith,item,Assault Vest,15.512
Gigalith,move,Rock Slide,98.421
Gigalith,move,Stomping Tantrum,64.555
Gigalith,move,Iron Head,52.682
Gigalith,move,Superpower,46.658
Giratina Altered Forme,ability,Pressure,71.964
Giratina Altered Forme,ability,Telepathy,28.036
Giratina Altered Forme,item,Weakness Policy,61.733
Giratina Altered Forme,item,Leftovers,21.063
Giratina Altered Forme,item,Assault Vest,12.923
Giratina Altered Forme,move,Protect,71.993
Giratina Altered Forme,move,Shadow Force,52.602
Giratina Altered Forme,move,Earth Power,34.199
Giratina Altered Forme,move,Earthquake,27.481
Giratina Origin Forme,ability,Levitate,100.0
Giratina Origin Forme,item,Griseous Orb,100.0
Giratina Origin Forme,move,Shadow Sneak,95.597
Giratina Origin Forme,move,Protect,89.46
Giratina Origin Forme,move,Shadow Force,85.557
Giratina Origin Forme,move,Poltergeist,82.311
Glaceon,ability,Snow Cloak,98.784
Glaceon,ability,Ice Body,1.216
Glaceon,item,Focus Sash,50.875
Glaceon,item,Life Orb,36.281
Glaceon,item,Never-Melt Ice,11.259
Glaceon,move,Freeze Dry,99.721
Glaceon,move,Protect,98.813
Glaceon,move,Yawn,50.966
Glaceon,move,Copycat,50.875
Glastrier,ability,Chilling Neigh,100.0
Glastrier,item,Lum Berry,52.918
Glastrier,item,Babiri Berry,16.92
Glastrier,item,Assault Vest,14.209
Glastrier,move,High Horsepower,99.988
Glastrier,move,Icicle Crash,92.194
Glastrier,move,Heavy Slam,77.675
Glastrier,move,Protect,72.366
Golduck,ability,Cloud Nine,86.812
Golduck,ability,Swift Swim,12.989
Golduck,item,Choice Scarf,41.004
Golduck,item,Rindo Berry,25.965
Golduck,item,Focus Sash,13.61
Golduck,move,Aqua Jet,63.646
Golduck,move,Surf,51.792
Golduck,move,Flip Turn,43.931
Golduck,move,Yawn,43.566
Golisopod,ability,Emergency Exit,100.0
Golisopod,item,Assault Vest,35.357
Golisopod,item,Weakness Policy,15.797
Golisopod,item,Room Service,12.637
Golisopod,move,Liquidation,90.634
Golisopod,move,Leech Life,78.255
Golisopod,move,First Impression,52.463
Golisopod,move,Aqua Jet,42.398
Golurk,ability,No Guard,70.41
Golurk,ability,Iron Fist,28.228
Golurk,item,Life Orb,60.413
Golurk,item,Weakness Policy,19.724
Golurk,item,Assault Vest,9.524
Golurk,move,Protect,82.856
Golurk,move,High Horsepower,80.024
Golurk,move,Poltergeist,75.387
Golurk,move,Dynamic Punch,71.032
Goodra,ability,Sap Sipper,86.732
Goodra,ability,Hydration,11.135
Goodra,item,Assault Vest,68.715
Goodra,item,Blunder Policy,10.415
Goodra,item,Leftovers,6.71
Goodra,move,Breaking Swipe,54.358
Goodra,move,Draco Meteor,34.108
Goodra,move,Sludge Bomb,32.545
Goodra,move,Flamethrower,32.067
Gothitelle,ability,Shadow Tag,99.614
Gothitelle,ability,Competitive,0.385
Gothitelle,item,Focus Sash,69.977
Gothitelle,item,Mental Herb,14.358
Gothitelle,item,Safety Goggles,7.837
Gothitelle,move,Helping Hand,96.715
Gothitelle,move,Fake Out,93.331
Gothitelle,move,Hypnosis,77.277
Gothitelle,move,Ally Switch,74.335
Gourgeist Large Size,ability,Frisk,100.0
Gourgeist Large Size,ability,Pickup,0.0
Gourgeist Large Size,item,Figy Berry,99.986
Gourgeist Large Size,item,Other,0.014
Gourgeist Large Size,move,Power Whip,100.0
Gourgeist Large Size,move,Trick Room,99.986
Gourgeist Large Size,move,Imprison,99.986
Gourgeist Large Size,move,Shadow Sneak,99.986
Gourgeist Small Size,ability,Frisk,98.646
Gourgeist Small Size,ability,Pickup,1.354
Gourgeist Small Size,item,Focus Sash,90.73
Gourgeist Small Size,item,Sitrus Berry,5.267
Gourgeist Small Size,item,Other,4.003
Gourgeist Small Size,move,Trick Room,74.028
Gourgeist Small Size,move,Imprison,56.075
Gourgeist Small Size,move,Grassy Glide,50.633
Gourgeist Small Size,move,Trick Or Treat,49.872
Gourgeist Super Size,ability,Frisk,96.738
Gourgeist Super Size,ability,Insomnia,3.163
Gourgeist Super Size,item,Coba Berry,69.529
Gourgeist Super Size,item,Figy Berry,15.773
Gourgeist Super Size,item,Colbur Berry,8.338
Gourgeist Super Size,move,Trick Room,97.989
Gourgeist Super Size,move,Will O Wisp,78.352
Gourgeist Super Size,move,Seed Bomb,77.473
Gourgeist Super Size,move,Trick Or Treat,74.892
Grapploct,ability,Limber,85.148
Grapploct,ability,Technician,14.852
Grapploct,item,Aguav Berry,35.781
Grapploct,item,Sitrus Berry,22.242
Grapploct,item,Leftovers,19.364
Grapploct,move,Octolock,93.923
Grapploct,move,Drain Punch,87.835
Grapploct,move,Soak,60.977
Grapploct,move,Detect,54.959
Greedent,ability,Cheek Pouch,100.0
Greedent,ability,Gluttony,0.0
Greedent,item,Sitrus Berry,99.826
Greedent,item,Other,0.174
Greedent,move,Belly Drum,99.812
Greedent,move,Facade,99.693
Greedent,move,Earthquake,87.034
Greedent,move,Gyro Ball,86.833
Grimmsnarl,ability,Prankster,99.959
Grimmsnarl,ability,Frisk,0.037
Grimmsnarl,item,Light Clay,57.116
Grimmsnarl,item,Iron Ball,20.017
Grimmsnarl,item,Lagging Tail,10.226
Grimmsnarl,move,Reflect,75.872
Grimmsnarl,move,Light Screen,63.992
Grimmsnarl,move,Thunder Wave,55.346
Grimmsnarl,move,Spirit Break,52.745
Groudon,ability,Drought,100.0
Groudon,item,Assault Vest,50.974
Groudon,item,Sitrus Berry,22.661
Groudon,item,Weakness Policy,5.618
Groudon,move,Precipice Blades,99.792
Groudon,move,Rock Slide,54.962
Groudon,move,Protect,42.589
Groudon,move,Stone Edge,38.319
Gyarados,ability,Intimidate,89.587
Gyarados,ability,Moxie,10.413
Gyarados,item,Assault Vest,32.114
Gyarados,item,Life Orb,29.638
Gyarados,item,Sitrus Berry,21.928
Gyarados,move,Waterfall,99.407
Gyarados,move,Bounce,72.574
Gyarados,move,Power Whip,72.523
Gyarados,move,Protect,36.337
Hatterene,ability,Healer,50.68
Hatterene,ability,Magic Bounce,49.32
Hatterene,item,Life Orb,77.349
Hatterene,item,Focus Sash,11.564
Hatterene,item,Other,4.748
Hatterene,move,Dazzling Gleam,98.52
Hatterene,move,Expanding Force,84.501
Hatterene,move,Trick Room,84.068
Hatterene,move,Mystical Fire,82.513
Hawlucha,ability,Unburden,86.197
Hawlucha,ability,Mold Breaker,13.704
Hawlucha,item,Focus Sash,45.365
Hawlucha,item,Psychic Seed,41.198
Hawlucha,item,Expert Belt,8.049
Hawlucha,move,Coaching,75.565
Hawlucha,move,Ally Switch,51.218
Hawlucha,move,Close Combat,45.632
Hawlucha,move,Acrobatics,45.147
Haxorus,ability,Mold Breaker,97.616
Haxorus,ability,Unnerve,2.301
Haxorus,item,Choice Scarf,84.72
Haxorus,item,Life Orb,7.72
Haxorus,item,Other,4.76
Haxorus,move,Earthquake,90.029
Haxorus,move,Breaking Swipe,81.479
Haxorus,move,Rock Tomb,81.401
Haxorus,move,Snarl,81.397
Heat Rotom,ability,Levitate,100.0
Heat Rotom,item,Safety Goggles,59.055
Heat Rotom,item,Sitrus Berry,28.421
Heat Rotom,item,Life Orb,6.161
Heat Rotom,move,Overheat,99.979
Heat Rotom,move,Thunderbolt,98.385
Heat Rotom,move,Nasty Plot,60.352
Heat Rotom,move,Will O Wisp,56.661
Heatran,ability,Flash Fire,97.556
Heatran,ability,Flame Body,2.444
Heatran,item,Air Balloon,57.449
Heatran,item,Leftovers,13.694
Heatran,item,Shuca Berry,8.076
Heatran,move,Earth Power,90.586
Heatran,move,Flash Cannon,70.739
Heatran,move,Protect,63.329
Heatran,move,Heat Wave,55.981
Heliolisk,ability,Dry Skin,86.216
Heliolisk,ability,Solar Power,11.701
Heliolisk,item,Focus Sash,81.331
Heliolisk,item,Choice Scarf,6.675
Heliolisk,item,Choice Specs,5.394
Heliolisk,move,Weather Ball,83.581
Heliolisk,move,Electroweb,79.314
Heliolisk,move,Thunder,77.345
Heliolisk,move,Glare,76.717
Heracross,ability,Moxie,51.673
Heracross,ability,Guts,47.992
Heracross,item,Flame Orb,41.887
Heracross,item,Lum Berry,14.9
Heracross,item,Choice Scarf,13.669
Heracross,move,Close Combat,97.664
Heracross,move,Megahorn,97.194
Heracross,move,Rock Slide,65.246
Heracross,move,Protect,53.783
Hippowdon,ability,Sand Stream,92.875
Hippowdon,ability,Sand Force,7.125
Hippowdon,item,Sitrus Berry,22.55
Hippowdon,item,Rindo Berry,22.019
Hippowdon,item,Iapapa Berry,17.819
Hippowdon,move,Yawn,72.347
Hippowdon,move,Slack Off,70.251
Hippowdon,move,High Horsepower,61.767
Hippowdon,move,Protect,47.416
Hitmonlee,ability,Unburden,99.204
Hitmonlee,ability,Reckless,0.795
Hitmonlee,item,Psychic Seed,32.861
Hitmonlee,item,Weakness Policy,28.109
Hitmonlee,item,Grassy Seed,26.315
Hitmonlee,move,Close Combat,63.549
Hitmonlee,move,Bounce,61.059
Hitmonlee,move,Fake Out,46.212
Hitmonlee,move,Throat Chop,34.112
Hitmontop,ability,Intimidate,99.935
Hitmontop,ability,Technician,0.065
Hitmontop,item,Eject Button,76.446
Hitmontop,item,Focus Sash,13.308
Hitmontop,item,Other,4.156
Hitmontop,move,Fake Out,97.021
Hitmontop,move,Wide Guard,78.786
Hitmontop,move,Close Combat,77.873
Hitmontop,move,Feint,52.647
Ho-oh,ability,Regenerator,97.028
Ho-oh,ability,Pressure,2.972
Ho-oh,item,Weakness Policy,47.93
Ho-oh,item,Safety Goggles,13.807
Ho-oh,item,Assault Vest,7.135
Ho-oh,move,Sacred Fire,84.238
Ho-oh,move,Brave Bird,81.065
Ho-oh,move,Protect,80.609
Ho-oh,move,Earthquake,56.709
Hydreigon,ability,Levitate,100.0
Hydreigon,item,Assault Vest,67.212
Hydreigon,item,Safety Goggles,16.907
Hydreigon,item,Life Orb,12.242
Hydreigon,move,Earth Power,93.957
Hydreigon,move,Dark Pulse,83.482
Hydreigon,move,Draco Meteor,59.592
Hydreigon,move,Flash Cannon,46.602
Incineroar,ability,Intimidate,99.927
Incineroar,ability,Blaze,0.073
Incineroar,item,Shuca Berry,36.082
Incineroar,item,Safety Goggles,23.39
Incineroar,item,Sitrus Berry,14.031
Incineroar,move,Fake Out,99.796
Incineroar,move,Flare Blitz,98.84
Incineroar,move,Parting Shot,96.074
Incineroar,move,Darkest Lariat,40.006
Indeedee Female,ability,Psychic Surge,98.79
Indeedee Female,ability,Synchronize,0.888
Indeedee Female,item,Psychic Seed,64.443
Indeedee Female,item,Focus Sash,23.447
Indeedee Female,item,Safety Goggles,9.133
Indeedee Female,move,Follow Me,99.822
Indeedee Female,move,Helping Hand,92.2
Indeedee Female,move,Protect,86.716
Indeedee Female,move,Expanding Force,86.47
Indeedee Male,ability,Psychic Surge,99.23
Indeedee Male,ability,Inner Focus,0.68
Indeedee Male,item,Focus Sash,71.746
Indeedee Male,item,Choice Scarf,16.316
Indeedee Male,item,Psychic Seed,8.783
Indeedee Male,move,Expanding Force,99.251
Indeedee Male,move,Trick Room,81.248
Indeedee Male,move,Imprison,78.776
Indeedee Male,move,Helping Hand,61.219
Inteleon,ability,Sniper,82.305
Inteleon,ability,Torrent,17.695
Inteleon,item,Scope Lens,71.31
Inteleon,item,Life Orb,13.966
Inteleon,item,Mystic Water,4.181
Inteleon,move,Snipe Shot,95.029
Inteleon,move,Air Slash,77.367
Inteleon,move,Focus Energy,66.68
Inteleon,move,Icy Wind,54.36
Jellicent,ability,Water Absorb,94.582
Jellicent,ability,Cursed Body,5.418
Jellicent,item,Focus Sash,46.971
Jellicent,item,Wacan Berry,16.086
Jellicent,item,Lum Berry,15.841
Jellicent,move,Trick Room,97.28
Jellicent,move,Strength Sap,70.026
Jellicent,move,Shadow Ball,59.488
Jellicent,move,Water Spout,57.229
Jolteon,ability,Volt Absorb,86.987
Jolteon,ability,Quick Feet,13.013
Jolteon,item,Life Orb,47.007
Jolteon,item,Focus Sash,27.731
Jolteon,item,Magnet,10.602
Jolteon,move,Shadow Ball,44.096
Jolteon,move,Rising Voltage,38.965
Jolteon,move,Thunder,37.509
Jolteon,move,Volt Switch,32.355
Kabutops,ability,Weak Armor,87.176
Kabutops,ability,Swift Swim,12.822
Kabutops,item,Weakness Policy,87.997
Kabutops,item,Life Orb,11.767
Kabutops,item,Other,0.236
Kabutops,move,Protect,82.275
Kabutops,move,Liquidation,81.599
Kabutops,move,Stone Edge,69.793
Kabutops,move,Dig,61.483
Kangaskhan,ability,Scrappy,99.569
Kangaskhan,ability,Inner Focus,0.431
Kangaskhan,item,Flame Orb,68.999
Kangaskhan,item,Assault Vest,22.102
Kangaskhan,item,Other,3.265
Kangaskhan,move,Fake Out,99.887
Kangaskhan,move,Sucker Punch,98.244
Kangaskhan,move,Facade,69.465
Kangaskhan,move,Fling,68.999
Kartana,ability,Beast Boost,100.0
Kartana,item,Assault Vest,73.383
Kartana,item,Life Orb,20.575
Kartana,item,Other,3.106
Kartana,move,Leaf Blade,99.828
Kartana,move,Smart Strike,98.388
Kartana,move,Aerial Ace,90.58
Kartana,move,Sacred Sword,79.657
Kingdra,ability,Swift Swim,99.999
Kingdra,ability,Sniper,0.001
Kingdra,item,Life Orb,91.604
Kingdra,item,Focus Sash,5.955
Kingdra,item,Other,2.442
Kingdra,move,Hurricane,70.551
Kingdra,move,Draco Meteor,67.739
Kingdra,move,Protect,63.421
Kingdra,move,Hydro Pump,57.369
Kingler,ability,Hyper Cutter,99.99
Kingler,ability,Sheer Force,0.01
Kingler,item,Wacan Berry,35.456
Kingler,item,Assault Vest,22.583
Kingler,item,Life Orb,20.541
Kingler,move,Crabhammer,88.5
Kingler,move,Wide Guard,61.137
Kingler,move,Ally Switch,59.192
Kingler,move,High Horsepower,42.267
Klefki,ability,Prankster,100.0
Klefki,ability,Magician,0.0
Klefki,item,Light Clay,71.158
Klefki,item,Safety Goggles,14.903
Klefki,item,Leftovers,6.833
Klefki,move,Thunder Wave,92.238
Klefki,move,Reflect,78.803
Klefki,move,Light Screen,78.689
Klefki,move,Sunny Day,39.137
Klinklang,ability,Clear Body,99.769
Klinklang,ability,Minus,0.226
Klinklang,item,Focus Sash,75.959
Klinklang,item,Weakness Policy,23.889
Klinklang,item,Other,0.151
Klinklang,move,Gear Grind,99.916
Klinklang,move,Wild Charge,99.837
Klinklang,move,Shift Gear,99.543
Klinklang,move,Trick Room,76.27
Kommo-o,ability,Overcoat,52.187
Kommo-o,ability,Soundproof,47.81
Kommo-o,item,Sitrus Berry,45.309
Kommo-o,item,Throat Spray,40.391
Kommo-o,item,Assault Vest,10.972
Kommo-o,move,Protect,87.442
Kommo-o,move,Clanging Scales,52.485
Kommo-o,move,Body Press,45.465
Kommo-o,move,Iron Defense,45.465
Krookodile,ability,Anger Point,45.194
Krookodile,ability,Intimidate,35.456
Krookodile,item,Adrenaline Orb,41.681
Krookodile,item,Choice Scarf,33.589
Krookodile,item,Weakness Policy,12.225
Krookodile,move,Earthquake,64.961
Krookodile,move,Protect,55.764
Krookodile,move,Rock Slide,54.858
Krookodile,move,Power Trip,43.976
Kyogre,ability,Drizzle,100.0
Kyogre,item,Mystic Water,34.414
Kyogre,item,Life Orb,20.986
Kyogre,item,Choice Scarf,14.993
Kyogre,move,Water Spout,93.603
Kyogre,move,Origin Pulse,77.789
Kyogre,move,Ice Beam,77.355
Kyogre,move,Protect,67.612
Landorus Incarnate Forme,ability,Sheer Force,98.745
Landorus Incarnate Forme,ability,Sand Force,1.255
Landorus Incarnate Forme,item,Expert Belt,61.022
Landorus Incarnate Forme,item,Life Orb,30.205
Landorus Incarnate Forme,item,Choice Scarf,5.178
Landorus Incarnate Forme,move,Earth Power,99.472
Landorus Incarnate Forme,move,Fly,79.577
Landorus Incarnate Forme,move,Stone Edge,64.116
Landorus Incarnate Forme,move,Substitute,50.252
Landorus Therian Forme,ability,Intimidate,100.0
Landorus Therian Forme,item,White Herb,42.077
Landorus Therian Forme,item,Life Orb,20.89
Landorus Therian Forme,item,Assault Vest,13.064
Landorus Therian Forme,move,Earthquake,93.103
Landorus Therian Forme,move,Fly,90.761
Landorus Therian Forme,move,Rock Slide,85.296
Landorus Therian Forme,move,Protect,38.395
Lapras,ability,Water Absorb,89.324
Lapras,ability,Shell Armor,8.678
Lapras,item,Light Clay,60.456
Lapras,item,Life Orb,19.71
Lapras,item,Weakness Policy,14.445
Lapras,move,Hydro Pump,93.473
Lapras,move,Freeze Dry,89.979
Lapras,move,Protect,75.603
Lapras,move,Helping Hand,50.981
Latias,ability,Levitate,100.0
Latias,item,Focus Sash,37.826
Latias,item,Safety Goggles,22.223
Latias,item,Sitrus Berry,13.337
Latias,move,Tailwind,77.583
Latias,move,Surf,59.229
Latias,move,Helping Hand,47.122
Latias,move,Heal Pulse,41.47
Leafeon,ability,Chlorophyll,99.788
Leafeon,ability,Leaf Guard,0.212
Leafeon,item,Life Orb,45.181
Leafeon,item,Choice Band,25.362
Leafeon,item,Assault Vest,25.215
Leafeon,move,Dig,73.021
Leafeon,move,X Scissor,69.857
Leafeon,move,Leaf Blade,51.141
Leafeon,move,Solar Blade,50.024
Lickilicky,ability,Cloud Nine,69.135
Lickilicky,ability,Own Tempo,30.243
Lickilicky,item,Assault Vest,39.115
Lickilicky,item,Weakness Policy,16.817
Lickilicky,item,Sitrus Berry,12.852
Lickilicky,move,Knock Off,74.209
Lickilicky,move,Steel Roller,45.104
Lickilicky,move,Icy Wind,34.512
Lickilicky,move,Hammer Arm,27.92
Liepard,ability,Prankster,99.998
Liepard,ability,Limber,0.001
Liepard,item,Focus Sash,97.584
Liepard,item,Other,2.416
Liepard,move,Copycat,94.071
Liepard,move,Fake Out,93.209
Liepard,move,Fake Tears,55.942
Liepard,move,Foul Play,53.759
Lilligant,ability,Chlorophyll,99.545
Lilligant,ability,Own Tempo,0.453
Lilligant,item,Wide Lens,46.914
Lilligant,item,Focus Sash,26.615
Lilligant,item,Figy Berry,16.976
Lilligant,move,After You,94.234
Lilligant,move,Sleep Powder,93.858
Lilligant,move,Leaf Storm,46.244
Lilligant,move,Protect,36.674
Lopunny,ability,Klutz,47.612
Lopunny,ability,Cute Charm,27.258
Lopunny,item,Assault Vest,48.075
Lopunny,item,Toxic Orb,24.857
Lopunny,item,Leftovers,6.876
Lopunny,move,Fake Out,68.36
Lopunny,move,Helping Hand,51.443
Lopunny,move,Switcheroo,51.275
Lopunny,move,Thunder Wave,49.45
Lucario,ability,Inner Focus,83.157
Lucario,ability,Justified,16.457
Lucario,item,Choice Scarf,73.236
Lucario,item,Life Orb,6.975
Lucario,item,Shuca Berry,6.681
Lucario,move,Aura Sphere,77.572
Lucario,move,Steel Beam,75.212
Lucario,move,Rock Tomb,73.229
Lucario,move,Bulldoze,73.229
Ludicolo,ability,Swift Swim,92.872
Ludicolo,ability,Rain Dish,7.128
Ludicolo,item,Life Orb,54.956
Ludicolo,item,Assault Vest,19.927
Ludicolo,item,Absorb Bulb,6.428
Ludicolo,move,Fake Out,61.956
Ludicolo,move,Protect,54.366
Ludicolo,move,Leaf Storm,41.766
Ludicolo,move,Ice Beam,34.866
Lugia,ability,Multiscale,99.9
Lugia,ability,Pressure,0.1
Lugia,item,Weakness Policy,89.577
Lugia,item,Life Orb,5.941
Lugia,item,Other,4.482
Lugia,move,Aeroblast,96.945
Lugia,move,Earth Power,95.189
Lugia,move,Recover,81.559
Lugia,move,Calm Mind,64.5
Lunala,ability,Shadow Shield,100.0
Lunala,item,Power Herb,94.005
Lunala,item,Other,4.802
Lunala,item,Life Orb,1.193
Lunala,move,Moongeist Beam,99.996
Lunala,move,Meteor Beam,94.444
Lunala,move,Trick Room,81.709
Lunala,move,Protect,58.956
Lurantis,ability,Contrary,99.998
Lurantis,ability,Leaf Guard,0.002
Lurantis,item,Sitrus Berry,82.803
Lurantis,item,Assault Vest,7.919
Lurantis,item,Aguav Berry,3.377
Lurantis,move,Superpower,99.995
Lurantis,move,Protect,88.577
Lurantis,move,Leaf Blade,76.994
Lurantis,move,Synthesis,68.249
Luxray,ability,Guts,86.43
Luxray,ability,Intimidate,13.57
Luxray,item,Flame Orb,86.43
Luxray,item,Iapapa Berry,10.721
Luxray,item,Other,2.849
Luxray,move,Wild Charge,98.432
Luxray,move,Protect,85.223
Luxray,move,Throat Chop,84.021
Luxray,move,Rain Dance,76.317
Lycanroc Dusk Form,ability,Tough Claws,100.0
Lycanroc Dusk Form,item,Focus Sash,60.968
Lycanroc Dusk Form,item,Life Orb,22.884
Lycanroc Dusk Form,item,Expert Belt,8.117
Lycanroc Dusk Form,move,Close Combat,89.49
Lycanroc Dusk Form,move,Accelerock,87.034
Lycanroc Dusk Form,move,Protect,72.383
Lycanroc Dusk Form,move,Rock Slide,54.998
Lycanroc Midday Form,ability,Sand Rush,97.601
Lycanroc Midday Form,ability,Steadfast,1.991
Lycanroc Midday Form,item,Focus Sash,35.039
Lycanroc Midday Form,item,Choice Band,27.49
Lycanroc Midday Form,item,Weakness Policy,22.291
Lycanroc Midday Form,move,Rock Slide,98.209
Lycanroc Midday Form,move,Close Combat,46.49
Lycanroc Midday Form,move,Play Rough,39.747
Lycanroc Midday Form,move,Protect,35.81
Lycanroc Midnight Form,ability,No Guard,79.701
Lycanroc Midnight Form,ability,Vital Spirit,20.287
Lycanroc Midnight Form,item,Razor Claw,48.287
Lycanroc Midnight Form,item,Life Orb,12.256
Lycanroc Midnight Form,item,Expert Belt,9.895
Lycanroc Midnight Form,move,Stone Edge,82.05
Lycanroc Midnight Form,move,Iron Tail,72.916
Lycanroc Midnight Form,move,Play Rough,56.621
Lycanroc Midnight Form,move,Protect,54.432
Machamp,ability,No Guard,94.555
Machamp,ability,Steadfast,4.02
Machamp,item,Lum Berry,79.752
Machamp,item,Focus Sash,8.929
Machamp,item,Other,3.512
Machamp,move,Wide Guard,94.075
Machamp,move,Dynamic Punch,90.146
Machamp,move,Stone Edge,85.961
Machamp,move,Protect,73.416
Magneton,ability,Analytic,69.106
Magneton,ability,Magnet Pull,20.648
Magneton,item,Eviolite,99.505
Magneton,item,Other,0.495
Magneton,move,Flash Cannon,91.962
Magneton,move,Protect,78.948
Magneton,move,Thunderbolt,54.47
Magneton,move,Rising Voltage,36.896
Magnezone,ability,Sturdy,64.126
Magnezone,ability,Analytic,31.935
Magnezone,item,Weakness Policy,39.405
Magnezone,item,Expert Belt,11.225
Magnezone,item,Grassy Seed,9.428
Magnezone,move,Flash Cannon,96.756
Magnezone,move,Protect,83.96
Magnezone,move,Thunderbolt,83.416
Magnezone,move,Body Press,62.438
Malamar,ability,Contrary,99.952
Malamar,ability,Infiltrator,0.048
Malamar,item,Sitrus Berry,57.552
Malamar,item,Leftovers,12.32
Malamar,item,Roseli Berry,8.546
Malamar,move,Superpower,99.825
Malamar,move,Throat Chop,75.328
Malamar,move,Trick Room,68.45
Malamar,move,Protect,58.104
Mamoswine,ability,Oblivious,99.774
Mamoswine,ability,Thick Fat,0.225
Mamoswine,item,Life Orb,46.877
Mamoswine,item,Babiri Berry,46.572
Mamoswine,item,Focus Sash,3.998
Mamoswine,move,Protect,98.706
Mamoswine,move,High Horsepower,92.386
Mamoswine,move,Ice Shard,88.54
Mamoswine,move,Icicle Crash,78.325
Mandibuzz,ability,Overcoat,62.594
Mandibuzz,ability,Weak Armor,37.405
Mandibuzz,item,Weakness Policy,37.405
Mandibuzz,item,Wacan Berry,27.604
Mandibuzz,item,Psychic Seed,24.165
Mandibuzz,move,Foul Play,62.585
Mandibuzz,move,Tailwind,62.371
Mandibuzz,move,Taunt,62.001
Mandibuzz,move,Protect,37.799
Manectric,ability,Lightning Rod,98.309
Manectric,ability,Minus,1.691
Manectric,item,Air Balloon,88.335
Manectric,item,Choice Specs,4.64
Manectric,item,Damp Rock,4.26
Manectric,move,Flamethrower,95.415
Manectric,move,Thunder,86.412
Manectric,move,Snarl,81.685
Manectric,move,Substitute,78.517
Mantine,ability,Swift Swim,99.842
Mantine,ability,Water Absorb,0.158
Mantine,item,Focus Sash,82.951
Mantine,item,Wacan Berry,11.011
Mantine,item,Sitrus Berry,5.075
Mantine,move,Hurricane,99.147
Mantine,move,Wide Guard,94.773
Mantine,move,Hydro Pump,82.963
Mantine,move,Ice Beam,82.954
Maractus,ability,Storm Drain,85.498
Maractus,ability,Water Absorb,13.502
Maractus,item,Leftovers,34.71
Maractus,item,Expert Belt,25.798
Maractus,item,Focus Sash,14.423
Maractus,move,Weather Ball,84.609
Maractus,move,Spiky Shield,65.895
Maractus,move,Giga Drain,47.49
Maractus,move,Leaf Storm,39.806
Marowak,ability,Lightning Rod,96.593
Marowak,ability,Battle Armor,3.302
Marowak,item,Thick Club,100.0
Marowak,item,Other,0.0
Marowak,move,Rock Slide,84.337
Marowak,move,Bonemerang,59.007
Marowak,move,Detect,43.44
Marowak,move,Fire Punch,43.0
Meowstic Male,ability,Prankster,99.52
Meowstic Male,ability,Keen Eye,0.462
Meowstic Male,item,Eject Button,47.023
Meowstic Male,item,Light Clay,25.748
Meowstic Male,item,Full Incense,14.726
Meowstic Male,move,Light Screen,80.128
Meowstic Male,move,Reflect,74.018
Meowstic Male,move,Skill Swap,48.484
Meowstic Male,move,Psyshock,47.127
Metagross,ability,Clear Body,99.996
Metagross,ability,Light Metal,0.004
Metagross,item,Weakness Policy,62.375
Metagross,item,Assault Vest,27.254
Metagross,item,Life Orb,6.162
Metagross,move,Stomping Tantrum,79.646
Metagross,move,Iron Head,75.875
Metagross,move,Ice Punch,58.683
Metagross,move,Thunder Punch,44.466
Mewtwo,ability,Unnerve,74.627
Mewtwo,ability,Pressure,25.373
Mewtwo,item,Assault Vest,31.391
Mewtwo,item,Weakness Policy,22.477
Mewtwo,item,Choice Scarf,16.311
Mewtwo,move,Psystrike,61.597
Mewtwo,move,Hurricane,53.419
Mewtwo,move,Flamethrower,44.143
Mewtwo,move,Shadow Ball,37.892
Mienshao,ability,Inner Focus,99.828
Mienshao,ability,Regenerator,0.109
Mienshao,item,Focus Sash,84.096
Mienshao,item,Black Belt,15.034
Mienshao,item,Other,0.869
Mienshao,move,Close Combat,99.302
Mienshao,move,Fake Out,98.84
Mienshao,move,Ally Switch,68.447
Mienshao,move,Wide Guard,48.488
Milotic,ability,Competitive,99.729
Milotic,ability,Marvel Scale,0.271
Milotic,item,Leftovers,62.33
Milotic,item,Weakness Policy,6.232
Milotic,item,Safety Goggles,6.02
Milotic,move,Muddy Water,65.185
Milotic,move,Coil,55.165
Milotic,move,Hypnosis,50.544
Milotic,move,Blizzard,44.307
Miltank,ability,Sap Sipper,88.596
Miltank,ability,Scrappy,8.06
Miltank,item,Assault Vest,68.91
Miltank,item,Leftovers,11.04
Miltank,item,Psychic Seed,5.635
Miltank,move,Steel Roller,84.409
Miltank,move,Body Press,70.578
Miltank,move,Play Rough,67.263
Miltank,move,Rock Slide,66.684
Mime Galarian Mr. Mime,ability,Vital Spirit,50.43
Mime Galarian Mr. Mime,ability,Screen Cleaner,49.553
Mime Galarian Mr. Mime,item,Focus Sash,50.418
Mime Galarian Mr. Mime,item,Eviolite,49.582
Mime Galarian Mr. Mime,item,Other,0.0
Mime Galarian Mr. Mime,move,Icy Wind,95.431
Mime Galarian Mr. Mime,move,Fake Out,94.73
Mime Galarian Mr. Mime,move,Skill Swap,52.608
Mime Galarian Mr. Mime,move,Hypnosis,51.111
Mime Jr.,ability,Soundproof,99.87
Mime Jr.,ability,Filter,0.13
Mime Jr.,item,Focus Sash,99.86
Mime Jr.,item,Other,0.14
Mime Jr.,move,Skill Swap,99.87
Mime Jr.,move,Protect,99.479
Mime Jr.,move,Taunt,96.89
Mime Jr.,move,Trick Room,91.199
Mimikyu,ability,Disguise,100.0
Mimikyu,item,Mental Herb,70.366
Mimikyu,item,Safety Goggles,11.942
Mimikyu,item,Babiri Berry,7.566
Mimikyu,move,Shadow Sneak,92.864
Mimikyu,move,Trick Room,90.227
Mimikyu,move,Will O Wisp,79.992
Mimikyu,move,Taunt,43.916
Moltres,ability,Flame Body,99.878
Moltres,ability,Pressure,0.122
Moltres,item,Life Orb,52.025
Moltres,item,Leftovers,28.452
Moltres,item,Rocky Helmet,9.633
Moltres,move,Hurricane,99.632
Moltres,move,Protect,70.513
Moltres,move,Heat Wave,51.684
Moltres,move,Weather Ball,51.643
Morpeko Full Belly Mode,ability,Hunger Switch,100.0
Morpeko Full Belly Mode,item,Focus Sash,90.979
Morpeko Full Belly Mode,item,Aguav Berry,3.87
Morpeko Full Belly Mode,item,Other,3.511
Morpeko Full Belly Mode,move,Aura Wheel,99.949
Morpeko Full Belly Mode,move,Parting Shot,94.834
Morpeko Full Belly Mode,move,Fake Out,90.552
Morpeko Full Belly Mode,move,Swagger,43.536
Mow Rotom,ability,Levitate,100.0
Mow Rotom,item,Occa Berry,40.403
Mow Rotom,item,Focus Sash,22.467
Mow Rotom,item,Sitrus Berry,18.87
Mow Rotom,move,Leaf Storm,99.954
Mow Rotom,move,Thunderbolt,82.7
Mow Rotom,move,Protect,54.646
Mow Rotom,move,Will O Wisp,43.491
Mr. Mime,ability,Soundproof,60.628
Mr. Mime,ability,Filter,36.799
Mr. Mime,item,Iron Ball,34.087
Mr. Mime,item,Babiri Berry,32.431
Mr. Mime,item,Power Anklet,25.023
Mr. Mime,move,Fake Out,92.115
Mr. Mime,move,Protect,59.983
Mr. Mime,move,Skill Swap,58.279
Mr. Mime,move,Helping Hand,35.364
Mr. Rime,ability,Screen Cleaner,98.763
Mr. Rime,ability,Ice Body,1.033
Mr. Rime,item,Focus Sash,98.728
Mr. Rime,item,Other,1.272
Mr. Rime,move,Fake Out,98.966
Mr. Rime,move,Trick Room,98.937
Mr. Rime,move,Helping Hand,98.721
Mr. Rime,move,Freeze Dry,98.571
Mudsdale,ability,Inner Focus,40.005
Mudsdale,ability,Own Tempo,36.643
Mudsdale,item,Assault Vest,43.262
Mudsdale,item,Iron Ball,38.922
Mudsdale,item,Weakness Policy,16.058
Mudsdale,move,High Horsepower,98.622
Mudsdale,move,Rock Slide,59.216
Mudsdale,move,Body Press,52.708
Mudsdale,move,Iron Head,49.988
Nihilego,ability,Beast Boost,100.0
Nihilego,item,Focus Sash,58.813
Nihilego,item,Power Herb,23.019
Nihilego,item,Adrenaline Orb,9.306
Nihilego,move,Sludge Bomb,87.91
Nihilego,move,Power Gem,87.349
Nihilego,move,Protect,79.896
Nihilego,move,Grass Knot,74.485
Ninetales,ability,Drought,99.868
Ninetales,ability,Flash Fire,0.132
Ninetales,item,Eject Pack,24.7
Ninetales,item,Choice Specs,18.971
Ninetales,item,Heat Rock,18.45
Ninetales,move,Heat Wave,79.378
Ninetales,move,Solar Beam,67.83
Ninetales,move,Protect,53.752
Ninetales,move,Overheat,48.736
Ninjask,ability,Speed Boost,98.908
Ninjask,ability,Infiltrator,1.092
Ninjask,item,Expert Belt,61.106
Ninjask,item,Focus Sash,33.582
Ninjask,item,Other,2.951
Ninjask,move,Leech Life,65.337
Ninjask,move,Baton Pass,62.772
Ninjask,move,Dual Wingbeat,62.12
Ninjask,move,Dig,61.564
Noctowl,ability,Tinted Lens,97.481
Noctowl,ability,Insomnia,2.519
Noctowl,item,Weakness Policy,56.892
Noctowl,item,Sharp Beak,25.683
Noctowl,item,Life Orb,7.174
Noctowl,move,Roost,91.575
Noctowl,move,Hurricane,90.912
Noctowl,move,Protect,87.569
Noctowl,move,Hyper Voice,65.412
Noivern,ability,Frisk,75.346
Noivern,ability,Infiltrator,16.234
Noivern,item,Focus Sash,51.788
Noivern,item,Lum Berry,23.306
Noivern,item,Life Orb,7.209
Noivern,move,Draco Meteor,91.591
Noivern,move,Tailwind,70.608
Noivern,move,Hurricane,42.069
Noivern,move,Air Slash,41.919
Obstagoon,ability,Defiant,92.337
Obstagoon,ability,Guts,7.593
Obstagoon,item,Focus Sash,64.875
Obstagoon,item,Adrenaline Orb,15.766
Obstagoon,item,Assault Vest,9.142
Obstagoon,move,Knock Off,97.547
Obstagoon,move,Taunt,44.258
Obstagoon,move,Icy Wind,44.255
Obstagoon,move,Surf,44.252
Oranguru,ability,Telepathy,47.056
Oranguru,ability,Inner Focus,34.194
Oranguru,item,Sitrus Berry,49.535
Oranguru,item,Mental Herb,11.378
Oranguru,item,Psychic Seed,10.516
Oranguru,move,Trick Room,94.086
Oranguru,move,Instruct,90.762
Oranguru,move,Ally Switch,77.416
Oranguru,move,Expanding Force,54.489
Orbeetle,ability,Frisk,89.856
Orbeetle,ability,Telepathy,8.055
Orbeetle,item,Weakness Policy,41.961
Orbeetle,item,Leftovers,23.147
Orbeetle,item,Sitrus Berry,12.684
Orbeetle,move,Trick Room,75.249
Orbeetle,move,Expanding Force,73.762
Orbeetle,move,Imprison,70.952
Orbeetle,move,Bug Buzz,69.579
Palkia,ability,Pressure,85.103
Palkia,ability,Telepathy,14.897
Palkia,item,Life Orb,46.74
Palkia,item,Lustrous Orb,28.547
Palkia,item,Safety Goggles,10.162
Palkia,move,Spacial Rend,95.295
Palkia,move,Hydro Pump,87.339
Palkia,move,Earth Power,72.407
Palkia,move,Trick Room,66.273
Palossand,ability,Water Compaction,100.0
Palossand,ability,Sand Veil,0.0
Palossand,item,Weakness Policy,83.017
Palossand,item,Leftovers,13.929
Palossand,item,Other,3.054
Palossand,move,Earth Power,98.134
Palossand,move,Shore Up,95.862
Palossand,move,Shadow Ball,79.464
Palossand,move,Energy Ball,48.861
Passimian,ability,Defiant,60.536
Passimian,ability,Receiver,39.464
Passimian,item,Assault Vest,40.401
Passimian,item,Weakness Policy,36.941
Passimian,item,Choice Scarf,6.15
Passimian,move,Close Combat,94.732
Passimian,move,Iron Head,77.228
Passimian,move,Earthquake,57.458
Passimian,move,Knock Off,40.541
Pelipper,ability,Drizzle,99.816
Pelipper,ability,Rain Dish,0.184
Pelipper,item,Focus Sash,72.006
Pelipper,item,Wacan Berry,16.779
Pelipper,item,Damp Rock,4.835
Pelipper,move,Hurricane,95.722
Pelipper,move,Scald,94.045
Pelipper,move,Protect,92.099
Pelipper,move,Tailwind,78.914
Perrserker,ability,Steely Spirit,71.525
Perrserker,ability,Tough Claws,28.448
Perrserker,item,Assault Vest,38.124
Perrserker,item,Choice Band,18.044
Perrserker,item,Life Orb,17.083
Perrserker,move,Iron Head,90.865
Perrserker,move,Fake Out,79.867
Perrserker,move,Close Combat,71.445
Perrserker,move,Play Rough,35.295
Pheromosa,ability,Beast Boost,100.0
Pheromosa,item,Focus Sash,80.996
Pheromosa,item,Choice Scarf,9.657
Pheromosa,item,Focus Band,4.329
Pheromosa,move,Close Combat,93.054
Pheromosa,move,Coaching,69.878
Pheromosa,move,Icy Wind,50.314
Pheromosa,move,Speed Swap,44.941
Pikachu,ability,Lightning Rod,98.783
Pikachu,ability,Static,1.217
Pikachu,item,Light Ball,99.945
Pikachu,item,Other,0.055
Pikachu,move,Fake Out,97.76
Pikachu,move,Surf,53.147
Pikachu,move,Volt Tackle,45.301
Pikachu,move,Thunderbolt,40.154
Pincurchin,ability,Electric Surge,98.667
Pincurchin,ability,Lightning Rod,1.333
Pincurchin,item,Life Orb,44.761
Pincurchin,item,Choice Specs,36.396
Pincurchin,item,Electric Seed,14.867
Pincurchin,move,Rising Voltage,84.385
Pincurchin,move,Sucker Punch,61.556
Pincurchin,move,Protect,59.938
Pincurchin,move,Scald,44.706
Politoed,ability,Drizzle,99.879
Politoed,ability,Water Absorb,0.121
Politoed,item,Sitrus Berry,75.745
Politoed,item,Wiki Berry,5.612
Politoed,item,Wacan Berry,5.044
Politoed,move,Scald,95.212
Politoed,move,Protect,91.495
Politoed,move,Helping Hand,83.949
Politoed,move,Icy Wind,83.058
Poliwrath,ability,Swift Swim,95.257
Poliwrath,ability,Water Absorb,4.742
Poliwrath,item,Sitrus Berry,69.668
Poliwrath,item,Weakness Policy,11.898
Poliwrath,item,Assault Vest,9.083
Poliwrath,move,Belly Drum,71.3
Poliwrath,move,Liquidation,58.636
Poliwrath,move,Protect,52.147
Poliwrath,move,Drain Punch,46.428
Polteageist,ability,Weak Armor,65.833
Polteageist,ability,Cursed Body,34.167
Polteageist,item,Weakness Policy,48.358
Polteageist,item,Rocky Helmet,24.847
Polteageist,item,Focus Sash,16.971
Polteageist,move,Shadow Ball,97.519
Polteageist,move,Giga Drain,78.716
Polteageist,move,Stored Power,63.631
Polteageist,move,Baton Pass,33.841
Porygon-Z,ability,Adaptability,99.959
Porygon-Z,ability,Analytic,0.028
Porygon-Z,item,Life Orb,52.519
Porygon-Z,item,Silk Scarf,33.092
Porygon-Z,item,Assault Vest,12.818
Porygon-Z,move,Hyper Beam,90.706
Porygon-Z,move,Tri Attack,53.847
Porygon-Z,move,Dark Pulse,45.551
Porygon-Z,move,Protect,45.254
Porygon2,ability,Download,50.905
Porygon2,ability,Trace,28.727
Porygon2,item,Eviolite,99.999
Porygon2,item,Other,0.001
Porygon2,move,Trick Room,89.721
Porygon2,move,Recover,67.506
Porygon2,move,Foul Play,44.718
Porygon2,move,Shadow Ball,37.299
Primarina,ability,Liquid Voice,89.378
Primarina,ability,Torrent,10.622
Primarina,item,Wacan Berry,58.272
Primarina,item,Throat Spray,13.511
Primarina,item,Choice Specs,9.405
Primarina,move,Moonblast,85.87
Primarina,move,Hyper Voice,78.479
Primarina,move,Water Pledge,67.558
Primarina,move,Life Dew,58.569
Qwilfish,ability,Intimidate,99.325
Qwilfish,ability,Swift Swim,0.669
Qwilfish,item,Assault Vest,94.662
Qwilfish,item,Focus Sash,3.498
Qwilfish,item,Other,1.84
Qwilfish,move,Aqua Jet,98.485
Qwilfish,move,Surf,94.75
Qwilfish,move,Icy Wind,94.663
Qwilfish,move,Acid Spray,94.512
Raichu,ability,Lightning Rod,99.067
Raichu,ability,Static,0.933
Raichu,item,Focus Sash,86.27
Raichu,item,Assault Vest,6.598
Raichu,item,Air Balloon,4.274
Raichu,move,Fake Out,98.544
Raichu,move,Nuzzle,84.644
Raichu,move,Helping Hand,70.022
Raichu,move,Electroweb,67.333
Raikou,ability,Inner Focus,97.995
Raikou,ability,Pressure,2.005
Raikou,item,Light Clay,44.364
Raikou,item,Air Balloon,29.454
Raikou,item,Choice Scarf,20.488
Raikou,move,Thunderbolt,55.702
Raikou,move,Bulldoze,53.102
Raikou,move,Reflect,47.943
Raikou,move,Light Screen,44.365
Rayquaza,ability,Air Lock,100.0
Rayquaza,item,Life Orb,44.555
Rayquaza,item,Lum Berry,28.418
Rayquaza,item,Assault Vest,11.609
Rayquaza,move,Draco Meteor,58.059
Rayquaza,move,Earth Power,55.012
Rayquaza,move,Protect,51.967
Rayquaza,move,Hurricane,46.563
Regidrago,item,Choice Specs,72.827
Regidrago,item,Dragon Fang,23.14
Regidrago,item,Other,4.034
Regidrago,move,Dragon Energy,99.997
Regidrago,move,Dragon Pulse,93.75
Regidrago,move,Draco Meteor,89.562
Regidrago,move,Hyper Beam,60.189
Regieleki,ability,Transistor,100.0
Regieleki,item,Life Orb,29.152
Regieleki,item,Focus Sash,28.769
Regieleki,item,Magnet,18.534
Regieleki,move,Electroweb,84.902
Regieleki,move,Protect,72.095
Regieleki,move,Thunderbolt,38.147
Regieleki,move,Bounce,36.589
Regigigas,ability,Slow Start,100.0
Regigigas,item,Life Orb,86.114
Regigigas,item,Lum Berry,11.639
Regigigas,item,Other,2.247
Regigigas,move,Giga Impact,99.433
Regigigas,move,High Horsepower,97.573
Regigigas,move,Ice Punch,74.543
Regigigas,move,Wide Guard,60.199
Registeel,ability,Clear Body,97.969
Registeel,ability,Light Metal,2.031
Registeel,item,Leftovers,96.182
Registeel,item,Other,3.818
Registeel,move,Protect,98.265
Registeel,move,Body Press,97.884
Registeel,move,Iron Defense,96.185
Registeel,move,Amnesia,84.199
Reshiram,ability,Turboblaze,100.0
Reshiram,item,Assault Vest,46.598
Reshiram,item,Life Orb,40.011
Reshiram,item,Safety Goggles,6.958
Reshiram,move,Draco Meteor,93.071
Reshiram,move,Earth Power,86.059
Reshiram,move,Blue Flare,74.391
Reshiram,move,Protect,50.583
Reuniclus,ability,Magic Guard,50.299
Reuniclus,ability,Overcoat,47.848
Reuniclus,item,Colbur Berry,42.579
Reuniclus,item,Life Orb,27.187
Reuniclus,item,Mental Herb,9.338
Reuniclus,move,Trick Room,94.054
Reuniclus,move,Expanding Force,81.611
Reuniclus,move,Focus Blast,58.935
Reuniclus,move,Recover,27.734
Rhyperior,ability,Solid Rock,58.073
Rhyperior,ability,Lightning Rod,41.908
Rhyperior,item,Weakness Policy,33.591
Rhyperior,item,Custap Berry,24.724
Rhyperior,item,Zoom Lens,14.64
Rhyperior,move,Earthquake,60.126
Rhyperior,move,Protect,58.95
Rhyperior,move,Rock Slide,52.657
Rhyperior,move,High Horsepower,38.663
Ribombee,ability,Shield Dust,54.465
Ribombee,ability,Sweet Veil,44.542
Ribombee,item,Focus Sash,89.934
Ribombee,item,Mental Herb,4.448
Ribombee,item,Other,4.015
Ribombee,move,Speed Swap,82.033
Ribombee,move,Pollen Puff,74.437
Ribombee,move,Moonblast,53.771
Ribombee,move,Helping Hand,46.642
Rillaboom,ability,Grassy Surge,99.847
Rillaboom,ability,Overgrow,0.153
Rillaboom,item,Assault Vest,41.249
Rillaboom,item,Miracle Seed,29.114
Rillaboom,item,Rose Incense,15.973
Rillaboom,move,Grassy Glide,99.878
Rillaboom,move,Fake Out,97.616
Rillaboom,move,High Horsepower,62.281
Rillaboom,move,U Turn,48.902
Riolu,ability,Prankster,99.996
Riolu,ability,Steadfast,0.004
Riolu,item,Focus Sash,89.668
Riolu,item,Mental Herb,8.316
Riolu,item,Other,2.016
Riolu,move,Coaching,99.35
Riolu,move,Copycat,70.238
Riolu,move,Quick Guard,43.442
Riolu,move,Detect,38.05
Roserade,ability,Natural Cure,90.973
Roserade,ability,Poison Point,8.69
Roserade,item,Focus Sash,73.19
Roserade,item,Wide Lens,13.062
Roserade,item,Choice Specs,6.574
Roserade,move,Sludge Bomb,99.818
Roserade,move,Sleep Powder,92.891
Roserade,move,Leaf Storm,91.298
Roserade,move,Protect,90.387
Runerigus,ability,Wandering Spirit,100.0
Runerigus,item,Room Service,24.939
Runerigus,item,Weakness Policy,20.736
Runerigus,item,Leftovers,16.247
Runerigus,move,Trick Room,87.217
Runerigus,move,Body Press,71.581
Runerigus,move,Curse,43.187
Runerigus,move,Guard Split,39.034
Sableye,ability,Prankster,99.777
Sableye,ability,Keen Eye,0.223
Sableye,item,Focus Sash,41.563
Sableye,item,Safety Goggles,25.833
Sableye,item,Iron Ball,14.422
Sableye,move,Will O Wisp,86.776
Sableye,move,Quash,83.107
Sableye,move,Fake Out,60.813
Sableye,move,Shadow Sneak,36.811
Salamence,ability,Intimidate,94.95
Salamence,ability,Moxie,5.05
Salamence,item,Life Orb,64.867
Salamence,item,Lum Berry,19.394
Salamence,item,Choice Scarf,8.552
Salamence,move,Protect,85.435
Salamence,move,Hurricane,68.782
Salamence,move,Flamethrower,68.506
Salamence,move,Rock Slide,66.503
Salazzle,ability,Corrosion,52.985
Salazzle,ability,Oblivious,47.015
Salazzle,item,Focus Sash,57.047
Salazzle,item,Air Balloon,12.741
Salazzle,item,Safety Goggles,10.258
Salazzle,move,Fake Out,76.824
Salazzle,move,Sludge Wave,65.158
Salazzle,move,Heat Wave,60.429
Salazzle,move,Beat Up,38.801
Sandaconda,ability,Shed Skin,55.896
Sandaconda,ability,Sand Spit,33.014
Sandaconda,item,Weakness Policy,31.602
Sandaconda,item,Passho Berry,27.201
Sandaconda,item,Leftovers,16.823
Sandaconda,move,High Horsepower,80.172
Sandaconda,move,Protect,79.327
Sandaconda,move,Rock Slide,64.103
Sandaconda,move,Coil,36.854
Sandslash,ability,Sand Rush,99.76
Sandslash,ability,Sand Veil,0.24
Sandslash,item,Assault Vest,58.981
Sandslash,item,Life Orb,18.352
Sandslash,item,Expert Belt,14.834
Sandslash,move,Steel Roller,95.351
Sandslash,move,Rock Slide,70.676
Sandslash,move,Drill Run,69.881
Sandslash,move,Bulldoze,61.897
Sceptile,ability,Unburden,95.001
Sceptile,ability,Overgrow,4.999
Sceptile,item,Focus Sash,83.534
Sceptile,item,Choice Specs,4.905
Sceptile,item,Light Ball,4.257
Sceptile,move,Grass Pledge,81.233
Sceptile,move,Leaf Storm,78.914
Sceptile,move,Leer,70.496
Sceptile,move,Endeavor,50.382
Scizor,ability,Technician,100.0
Scizor,ability,Swarm,0.0
Scizor,item,Choice Band,83.474
Scizor,item,Occa Berry,8.102
Scizor,item,Assault Vest,2.843
Scizor,move,Bullet Punch,99.999
Scizor,move,U Turn,93.126
Scizor,move,Superpower,86.111
Scizor,move,Dual Wingbeat,85.617
Scolipede,ability,Speed Boost,99.826
Scolipede,ability,Poison Point,0.173
Scolipede,item,Life Orb,42.757
Scolipede,item,Focus Sash,30.107
Scolipede,item,Choice Band,18.057
Scolipede,move,Poison Jab,90.139
Scolipede,move,Protect,70.405
Scolipede,move,Megahorn,68.62
Scolipede,move,Steel Roller,51.167
Scrafty,ability,Intimidate,99.995
Scrafty,ability,Shed Skin,0.004
Scrafty,item,Eject Pack,38.036
Scrafty,item,Assault Vest,21.587
Scrafty,item,Safety Goggles,19.836
Scrafty,move,Fake Out,96.795
Scrafty,move,Close Combat,61.933
Scrafty,move,Snarl,56.413
Scrafty,move,Foul Play,42.228
Scyther,ability,Technician,99.161
Scyther,ability,Swarm,0.492
Scyther,item,Eviolite,74.559
Scyther,item,Choice Band,14.562
Scyther,item,Life Orb,9.366
Scyther,move,Dual Wingbeat,97.928
Scyther,move,Protect,52.899
Scyther,move,U Turn,51.63
Scyther,move,Swords Dance,50.12
Seaking,ability,Lightning Rod,98.592
Seaking,ability,Swift Swim,1.408
Seaking,item,Rindo Berry,84.313
Seaking,item,Aguav Berry,6.007
Seaking,item,Leftovers,3.961
Seaking,move,Protect,89.139
Seaking,move,Horn Drill,85.16
Seaking,move,Scald,81.957
Seaking,move,Ice Beam,81.73
Seismitoad,ability,Swift Swim,99.187
Seismitoad,ability,Water Absorb,0.813
Seismitoad,item,Life Orb,84.165
Seismitoad,item,Expert Belt,5.872
Seismitoad,item,Assault Vest,4.278
Seismitoad,move,Liquidation,91.553
Seismitoad,move,Power Whip,90.577
Seismitoad,move,Stomping Tantrum,80.505
Seismitoad,move,Bounce,75.287
Sharpedo,ability,Speed Boost,99.057
Sharpedo,ability,Rough Skin,0.943
Sharpedo,item,Life Orb,60.663
Sharpedo,item,Chople Berry,14.327
Sharpedo,item,Focus Sash,11.169
Sharpedo,move,Protect,95.309
Sharpedo,move,Crunch,92.529
Sharpedo,move,Flip Turn,60.274
Sharpedo,move,Waterfall,53.071
Shedinja,ability,Wonder Guard,100.0
Shedinja,item,Safety Goggles,57.5
Shedinja,item,Focus Sash,42.056
Shedinja,item,Other,0.444
Shedinja,move,Shadow Sneak,98.581
Shedinja,move,Ally Switch,96.977
Shedinja,move,Poltergeist,91.871
Shedinja,move,Endure,82.904
Shiftry,ability,Chlorophyll,100.0
Shiftry,ability,Early Bird,0.0
Shiftry,item,Coba Berry,68.182
Shiftry,item,Life Orb,17.228
Shiftry,item,Expert Belt,9.676
Shiftry,move,Sucker Punch,78.223
Shiftry,move,Fake Out,73.333
Shiftry,move,Solar Blade,68.495
Shiftry,move,Throat Chop,68.177
Shiinotic,ability,Effect Spore,87.374
Shiinotic,ability,Rain Dish,11.58
Shiinotic,item,Focus Sash,37.706
Shiinotic,item,Room Service,35.425
Shiinotic,item,Leftovers,11.13
Shiinotic,move,Spore,90.823
Shiinotic,move,Moonblast,83.586
Shiinotic,move,Protect,83.578
Shiinotic,move,Strength Sap,47.651
Shuckle,ability,Sturdy,99.619
Shuckle,ability,Contrary,0.35
Shuckle,item,Custap Berry,63.574
Shuckle,item,Safety Goggles,27.369
Shuckle,item,Quick Claw,3.505
Shuckle,move,Guard Split,99.202
Shuckle,move,Power Split,95.393
Shuckle,move,Toxic,76.158
Shuckle,move,Protect,55.975
Sigilyph,ability,Magic Guard,69.132
Sigilyph,ability,Wonder Skin,17.863
Sigilyph,item,Focus Sash,79.226
Sigilyph,item,Weakness Policy,7.001
Sigilyph,item,Other,4.95
Sigilyph,move,Tailwind,89.62
Sigilyph,move,Trick Room,87.535
Sigilyph,move,Expanding Force,83.206
Sigilyph,move,Imprison,82.149
Silvally,item,Choice Band,56.419
Silvally,item,Life Orb,38.499
Silvally,item,Normal Gem,5.08
Silvally,move,Explosion,99.967
Silvally,move,Crunch,56.664
Silvally,move,Facade,51.858
Silvally,move,Parting Shot,43.151
Sirfetch'd,ability,Scrappy,99.328
Sirfetch'd,ability,Steadfast,0.672
Sirfetch'd,item,Leek,50.953
Sirfetch'd,item,Focus Sash,45.164
Sirfetch'd,item,Other,3.884
Sirfetch'd,move,Close Combat,79.028
Sirfetch'd,move,Knock Off,54.86
Sirfetch'd,move,Leaf Blade,51.716
Sirfetch'd,move,First Impression,37.13
Slowbro,ability,Regenerator,96.131
Slowbro,ability,Oblivious,3.868
Slowbro,item,Mystic Water,70.091
Slowbro,item,Leftovers,24.729
Slowbro,item,Other,2.832
Slowbro,move,Trick Room,74.327
Slowbro,move,Expanding Force,70.231
Slowbro,move,Hydro Pump,70.102
Slowbro,move,Mud Shot,70.091
Slowking,ability,Oblivious,95.974
Slowking,ability,Regenerator,3.927
Slowking,item,Wacan Berry,69.819
Slowking,item,Leftovers,13.671
Slowking,item,Safety Goggles,12.189
Slowking,move,Trick Room,86.098
Slowking,move,Expanding Force,72.61
Slowking,move,Muddy Water,60.292
Slowking,move,Fire Blast,54.349
Slurpuff,ability,Unburden,99.986
Slurpuff,ability,Sweet Veil,0.014
Slurpuff,item,Psychic Seed,84.908
Slurpuff,item,Sitrus Berry,8.088
Slurpuff,item,Other,3.541
Slurpuff,move,Dazzling Gleam,81.682
Slurpuff,move,Yawn,79.92
Slurpuff,move,After You,69.546
Slurpuff,move,Fake Tears,51.229
Sneasel,ability,Inner Focus,100.0
Sneasel,ability,Pickpocket,0.0
Sneasel,item,Focus Sash,89.407
Sneasel,item,Eviolite,4.403
Sneasel,item,Other,3.153
Sneasel,move,Icy Wind,96.54
Sneasel,move,Triple Axel,94.762
Sneasel,move,Surf,86.031
Sneasel,move,Fake Out,82.69
Snorlax,ability,Thick Fat,52.198
Snorlax,ability,Gluttony,47.525
Snorlax,item,Custap Berry,36.6
Snorlax,item,Sitrus Berry,33.766
Snorlax,item,Figy Berry,6.82
Snorlax,move,High Horsepower,62.779
Snorlax,move,Belly Drum,48.899
Snorlax,move,Self Destruct,44.587
Snorlax,move,Double Edge,42.949
Solgaleo,ability,Full Metal Body,100.0
Solgaleo,item,Weakness Policy,80.174
Solgaleo,item,Life Orb,10.486
Solgaleo,item,Assault Vest,9.034
Solgaleo,move,Sunsteel Strike,99.911
Solgaleo,move,Earthquake,94.249
Solgaleo,move,Protect,63.217
Solgaleo,move,Rock Slide,43.071
Spectrier,ability,Grim Neigh,100.0
Spectrier,item,Safety Goggles,41.657
Spectrier,item,Focus Sash,41.142
Spectrier,item,Choice Scarf,8.599
Spectrier,move,Shadow Ball,96.691
Spectrier,move,Will O Wisp,89.432
Spectrier,move,Snarl,85.823
Spectrier,move,Taunt,47.284
Stakataka,ability,Beast Boost,100.0
Stakataka,item,Life Orb,35.67
Stakataka,item,Focus Sash,17.998
Stakataka,item,Shuca Berry,15.16
Stakataka,move,Trick Room,93.105
Stakataka,move,Gyro Ball,76.334
Stakataka,move,Rock Slide,65.492
Stakataka,move,Body Press,53.526
Starmie,ability,Natural Cure,65.201
Starmie,ability,Analytic,31.13
Starmie,item,Power Herb,41.063
Starmie,item,Choice Specs,37.533
Starmie,item,Focus Sash,7.85
Starmie,move,Expanding Force,79.794
Starmie,move,Scald,50.476
Starmie,move,Flip Turn,45.573
Starmie,move,Meteor Beam,41.698
Steelix,ability,Sturdy,82.896
Steelix,ability,Sheer Force,14.225
Steelix,item,Weakness Policy,92.204
Steelix,item,Other,4.947
Steelix,item,Assault Vest,2.849
Steelix,move,Protect,93.523
Steelix,move,Iron Head,93.224
Steelix,move,Body Press,92.58
Steelix,move,High Horsepower,67.397
Stonjourner,ability,Power Spot,100.0
Stonjourner,item,Leftovers,56.743
Stonjourner,item,Wide Lens,17.236
Stonjourner,item,Focus Sash,9.433
Stonjourner,move,Protect,99.276
Stonjourner,move,Rock Slide,72.119
Stonjourner,move,Body Press,64.218
Stonjourner,move,Heavy Slam,56.707
Stoutland,ability,Sand Rush,80.76
Stoutland,ability,Intimidate,18.933
Stoutland,item,Sitrus Berry,25.676
Stoutland,item,Focus Sash,19.111
Stoutland,item,Aguav Berry,18.064
Stoutland,move,After You,65.575
Stoutland,move,Giga Impact,52.864
Stoutland,move,Surf,35.829
Stoutland,move,Howl,33.354
Suicune,ability,Inner Focus,97.747
Suicune,ability,Pressure,2.253
Suicune,item,Leftovers,63.746
Suicune,item,Wacan Berry,20.904
Suicune,item,Sitrus Berry,7.712
Suicune,move,Tailwind,98.844
Suicune,move,Scald,90.484
Suicune,move,Snarl,85.882
Suicune,move,Roar,50.304
Swampert,ability,Torrent,94.51
Swampert,ability,Damp,5.49
Swampert,item,Leftovers,85.746
Swampert,item,Life Orb,4.142
Swampert,item,White Herb,4.051
Swampert,move,High Horsepower,97.388
Swampert,move,Yawn,95.446
Swampert,move,Liquidation,94.763
Swampert,move,Curse,84.395
Swoobat,ability,Simple,99.902
Swoobat,ability,Unaware,0.097
Swoobat,item,White Herb,84.634
Swoobat,item,Weakness Policy,9.679
Swoobat,item,Focus Sash,2.88
Swoobat,move,Baton Pass,96.329
Swoobat,move,Ally Switch,94.644
Swoobat,move,Protect,85.271
Swoobat,move,Substitute,84.634
Sylveon,ability,Pixilate,99.281
Sylveon,ability,Cute Charm,0.719
Sylveon,item,Pixie Plate,36.687
Sylveon,item,Choice Specs,27.632
Sylveon,item,Throat Spray,23.819
Sylveon,move,Hyper Voice,99.32
Sylveon,move,Mystical Fire,78.219
Sylveon,move,Quick Attack,66.087
Sylveon,move,Protect,59.852
Talonflame,ability,Gale Wings,99.889
Talonflame,ability,Flame Body,0.111
Talonflame,item,Sharp Beak,23.359
Talonflame,item,Power Herb,21.127
Talonflame,item,Custap Berry,13.963
Talonflame,move,Tailwind,99.903
Talonflame,move,Brave Bird,62.48
Talonflame,move,Will O Wisp,51.275
Talonflame,move,Quick Guard,31.416
Tangela,ability,Regenerator,97.04
Tangela,ability,Chlorophyll,2.941
Tangela,item,Eviolite,99.924
Tangela,item,Other,0.076
Tangela,move,Rage Powder,99.843
Tangela,move,Sleep Powder,99.799
Tangela,move,Leech Seed,90.805
Tangela,move,Protect,79.869
Tangrowth,ability,Regenerator,92.203
Tangrowth,ability,Chlorophyll,7.721
Tangrowth,item,Coba Berry,35.868
Tangrowth,item,Rocky Helmet,20.124
Tangrowth,item,Psychic Seed,15.233
Tangrowth,move,Rage Powder,81.004
Tangrowth,move,Knock Off,78.569
Tangrowth,move,Sleep Powder,72.667
Tangrowth,move,Leaf Storm,51.925
Tapu Bulu,ability,Grassy Surge,99.915
Tapu Bulu,ability,Telepathy,0.085
Tapu Bulu,item,Life Orb,52.823
Tapu Bulu,item,Coba Berry,29.59
Tapu Bulu,item,Babiri Berry,8.313
Tapu Bulu,move,Wood Hammer,98.698
Tapu Bulu,move,Protect,95.512
Tapu Bulu,move,High Horsepower,89.954
Tapu Bulu,move,Taunt,51.843
Tapu Fini,ability,Misty Surge,99.929
Tapu Fini,ability,Telepathy,0.071
Tapu Fini,item,Leftovers,43.479
Tapu Fini,item,Expert Belt,19.61
Tapu Fini,item,Sitrus Berry,12.23
Tapu Fini,move,Moonblast,80.347
Tapu Fini,move,Protect,66.133
Tapu Fini,move,Muddy Water,58.173
Tapu Fini,move,Calm Mind,40.074
Tapu Koko,ability,Electric Surge,99.958
Tapu Koko,ability,Telepathy,0.042
Tapu Koko,item,Life Orb,48.985
Tapu Koko,item,Assault Vest,29.792
Tapu Koko,item,Focus Sash,7.008
Tapu Koko,move,Wild Charge,66.803
Tapu Koko,move,Brave Bird,65.671
Tapu Koko,move,U Turn,63.756
Tapu Koko,move,Protect,54.95
Tapu Lele,ability,Psychic Surge,100.0
Tapu Lele,ability,Telepathy,0.0
Tapu Lele,item,Choice Scarf,66.969
Tapu Lele,item,Focus Sash,15.717
Tapu Lele,item,Twisted Spoon,9.604
Tapu Lele,move,Moonblast,91.882
Tapu Lele,move,Psychic,82.087
Tapu Lele,move,Dazzling Gleam,74.918
Tapu Lele,move,Shadow Ball,58.798
Tauros,ability,Anger Point,95.52
Tauros,ability,Sheer Force,2.347
Tauros,item,Life Orb,86.384
Tauros,item,Safety Goggles,5.508
Tauros,item,Other,4.298
Tauros,move,Protect,92.519
Tauros,move,Body Slam,91.328
Tauros,move,High Horsepower,86.164
Tauros,move,Lash Out,83.705
Tentacruel,ability,Clear Body,97.048
Tentacruel,ability,Rain Dish,2.605
Tentacruel,item,Weakness Policy,47.83
Tentacruel,item,Expert Belt,27.876
Tentacruel,item,Life Orb,8.268
Tentacruel,move,Sludge Bomb,92.384
Tentacruel,move,Protect,85.918
Tentacruel,move,Hydro Pump,50.962
Tentacruel,move,Giga Drain,36.659
Terrakion,ability,Justified,100.0
Terrakion,item,Lum Berry,33.766
Terrakion,item,Coba Berry,24.849
Terrakion,item,Life Orb,16.407
Terrakion,move,Protect,94.208
Terrakion,move,Rock Slide,94.024
Terrakion,move,Close Combat,64.67
Terrakion,move,Earthquake,39.568
Thievul,ability,Unburden,99.565
Thievul,ability,Stakeout,0.435
Thievul,item,Psychic Seed,76.335
Thievul,item,Grassy Seed,16.132
Thievul,item,Weakness Policy,4.363
Thievul,move,Snarl,81.578
Thievul,move,Fake Tears,70.03
Thievul,move,Parting Shot,54.022
Thievul,move,Screech,41.487
Thundurus Incarnate Forme,ability,Defiant,73.775
Thundurus Incarnate Forme,ability,Prankster,26.225
Thundurus Incarnate Forme,item,Assault Vest,43.265
Thundurus Incarnate Forme,item,Life Orb,19.423
Thundurus Incarnate Forme,item,Sitrus Berry,12.571
Thundurus Incarnate Forme,move,Wild Charge,74.033
Thundurus Incarnate Forme,move,Fly,71.796
Thundurus Incarnate Forme,move,Brick Break,43.333
Thundurus Incarnate Forme,move,Eerie Impulse,24.899
Thundurus Therian Forme,ability,Volt Absorb,100.0
Thundurus Therian Forme,item,Life Orb,74.269
Thundurus Therian Forme,item,Assault Vest,16.743
Thundurus Therian Forme,item,Choice Scarf,3.563
Thundurus Therian Forme,move,Grass Knot,67.783
Thundurus Therian Forme,move,Protect,61.679
Thundurus Therian Forme,move,Fly,53.503
Thundurus Therian Forme,move,Thunderbolt,49.534
Togedemaru,ability,Lightning Rod,94.65
Togedemaru,ability,Sturdy,4.155
Togedemaru,item,Lansat Berry,55.96
Togedemaru,item,Choice Scarf,26.528
Togedemaru,item,Focus Sash,10.746
Togedemaru,move,Nuzzle,96.414
Togedemaru,move,Spiky Shield,59.403
Togedemaru,move,Reflect,55.96
Togedemaru,move,Fling,55.96
Togekiss,ability,Super Luck,76.429
Togekiss,ability,Serene Grace,21.832
Togekiss,item,Safety Goggles,31.203
Togekiss,item,Scope Lens,27.303
Togekiss,item,Focus Sash,19.493
Togekiss,move,Follow Me,96.579
Togekiss,move,Dazzling Gleam,88.14
Togekiss,move,Helping Hand,82.768
Togekiss,move,Yawn,41.331
Togetic,ability,Serene Grace,69.448
Togetic,ability,Super Luck,21.452
Togetic,item,Eviolite,98.257
Togetic,item,Other,1.743
Togetic,move,Follow Me,97.204
Togetic,move,Protect,73.459
Togetic,move,Life Dew,55.79
Togetic,move,Dazzling Gleam,53.208
Torkoal,ability,Drought,99.988
Torkoal,ability,White Smoke,0.012
Torkoal,item,Charcoal,44.962
Torkoal,item,Choice Specs,14.971
Torkoal,item,Focus Sash,14.667
Torkoal,move,Protect,80.649
Torkoal,move,Yawn,64.405
Torkoal,move,Eruption,60.986
Torkoal,move,Heat Wave,47.296
Tornadus Incarnate Forme,ability,Prankster,99.884
Tornadus Incarnate Forme,ability,Defiant,0.116
Tornadus Incarnate Forme,item,Focus Sash,63.365
Tornadus Incarnate Forme,item,Life Orb,17.875
Tornadus Incarnate Forme,item,Mental Herb,6.243
Tornadus Incarnate Forme,move,Tailwind,99.854
Tornadus Incarnate Forme,move,Hurricane,94.991
Tornadus Incarnate Forme,move,Protect,72.217
Tornadus Incarnate Forme,move,Icy Wind,66.041
Torracat,ability,Intimidate,99.998
Torracat,ability,Blaze,0.002
Torracat,item,Eviolite,98.396
Torracat,item,Other,1.604
Torracat,move,Parting Shot,99.999
Torracat,move,Fake Out,98.395
Torracat,move,Overheat,93.984
Torracat,move,Taunt,91.691
Toxapex,ability,Regenerator,99.935
Toxapex,ability,Merciless,0.064
Toxapex,item,Black Sludge,99.848
Toxapex,item,Other,0.152
Toxapex,move,Recover,99.921
Toxapex,move,Scald,99.846
Toxapex,move,Toxic,99.726
Toxapex,move,Baneful Bunker,98.869
Toxicroak,ability,Dry Skin,97.862
Toxicroak,ability,Anticipation,1.887
Toxicroak,item,Assault Vest,88.172
Toxicroak,item,Life Orb,8.123
Toxicroak,item,Other,3.705
Toxicroak,move,Foul Play,95.49
Toxicroak,move,Fake Out,90.086
Toxicroak,move,Brick Break,85.023
Toxicroak,move,Feint,85.01
Toxtricity Low Key Form,ability,Punk Rock,99.781
Toxtricity Low Key Form,ability,Plus,0.109
Toxtricity Low Key Form,item,Choice Specs,44.997
Toxtricity Low Key Form,item,Magnet,25.254
Toxtricity Low Key Form,item,Life Orb,11.285
Toxtricity Low Key Form,move,Overdrive,99.887
Toxtricity Low Key Form,move,Sludge Bomb,93.605
Toxtricity Low Key Form,move,Protect,49.377
Toxtricity Low Key Form,move,Snarl,45.062
Trevenant,ability,Frisk,97.728
Trevenant,ability,Harvest,2.271
Trevenant,item,Iron Ball,92.722
Trevenant,item,Other,4.1
Trevenant,item,Psychic Seed,3.179
Trevenant,move,Forests Curse,96.185
Trevenant,move,Ally Switch,96.007
Trevenant,move,Poltergeist,94.698
Trevenant,move,Wood Hammer,92.721
Tsareena,ability,Queenly Majesty,96.983
Tsareena,ability,Sweet Veil,2.643
Tsareena,item,Wide Lens,34.761
Tsareena,item,Coba Berry,22.33
Tsareena,item,Assault Vest,15.928
Tsareena,move,Power Whip,80.68
Tsareena,move,Triple Axel,77.652
Tsareena,move,Helping Hand,63.509
Tsareena,move,U Turn,45.765
Turtonator,ability,Shell Armor,100.0
Turtonator,item,Assault Vest,74.544
Turtonator,item,Grassy Seed,8.421
Turtonator,item,White Herb,5.337
Turtonator,move,Flash Cannon,83.459
Turtonator,move,Draco Meteor,77.974
Turtonator,move,Heat Wave,68.342
Turtonator,move,Shell Trap,67.407
Tyranitar,ability,Sand Stream,99.698
Tyranitar,ability,Unnerve,0.302
Tyranitar,item,Weakness Policy,53.223
Tyranitar,item,Assault Vest,12.471
Tyranitar,item,Focus Sash,11.692
Tyranitar,move,Rock Slide,94.303
Tyranitar,move,Protect,70.131
Tyranitar,move,Crunch,41.823
Tyranitar,move,High Horsepower,37.315
Tyrantrum,ability,Rock Head,99.866
Tyrantrum,ability,Strong Jaw,0.134
Tyrantrum,item,Life Orb,87.843
Tyrantrum,item,Assault Vest,11.294
Tyrantrum,item,Other,0.863
Tyrantrum,move,Head Smash,99.923
Tyrantrum,move,Earthquake,88.25
Tyrantrum,move,Outrage,87.645
Tyrantrum,move,Protect,87.579
Umbreon,ability,Inner Focus,98.123
Umbreon,ability,Synchronize,1.877
Umbreon,item,Leftovers,46.938
Umbreon,item,Safety Goggles,23.229
Umbreon,item,Room Service,16.426
Umbreon,move,Foul Play,98.973
Umbreon,move,Yawn,97.716
Umbreon,move,Snarl,90.784
Umbreon,move,Moonlight,79.625
Unfezant,ability,Super Luck,99.652
Unfezant,ability,Big Pecks,0.348
Unfezant,item,Razor Claw,70.445
Unfezant,item,Scope Lens,24.219
Unfezant,item,Focus Sash,3.775
Unfezant,move,Night Slash,98.793
Unfezant,move,Tailwind,94.412
Unfezant,move,Brave Bird,88.439
Unfezant,move,Steel Wing,52.602
Urshifu Rapid Strike Style,ability,Unseen Fist,100.0
Urshifu Rapid Strike Style,item,Focus Sash,57.855
Urshifu Rapid Strike Style,item,Choice Band,28.072
Urshifu Rapid Strike Style,item,Choice Scarf,7.201
Urshifu Rapid Strike Style,move,Surging Strikes,99.864
Urshifu Rapid Strike Style,move,Close Combat,98.438
Urshifu Rapid Strike Style,move,Aqua Jet,91.829
Urshifu Rapid Strike Style,move,Protect,41.898
Urshifu Single Strike Style,ability,Unseen Fist,100.0
Urshifu Single Strike Style,item,Focus Sash,39.38
Urshifu Single Strike Style,item,Choice Band,38.146
Urshifu Single Strike Style,item,Black Glasses,16.687
Urshifu Single Strike Style,move,Wicked Blow,99.409
Urshifu Single Strike Style,move,Close Combat,98.953
Urshifu Single Strike Style,move,Sucker Punch,98.103
Urshifu Single Strike Style,move,Protect,34.116
Vanilluxe,ability,Snow Warning,99.989
Vanilluxe,ability,Weak Armor,0.011
Vanilluxe,item,Focus Sash,84.709
Vanilluxe,item,Choice Scarf,6.739
Vanilluxe,item,Never-Melt Ice,4.475
Vanilluxe,move,Blizzard,99.833
Vanilluxe,move,Freeze Dry,91.832
Vanilluxe,move,Taunt,75.36
Vanilluxe,move,Protect,55.52
Vaporeon,ability,Water Absorb,97.966
Vaporeon,ability,Hydration,2.034
Vaporeon,item,Iapapa Berry,46.417
Vaporeon,item,Leftovers,27.61
Vaporeon,item,Sitrus Berry,12.031
Vaporeon,move,Protect,90.257
Vaporeon,move,Scald,83.766
Vaporeon,move,Helping Hand,76.087
Vaporeon,move,Haze,52.481
Venusaur,ability,Chlorophyll,97.599
Venusaur,ability,Overgrow,2.401
Venusaur,item,Focus Sash,28.253
Venusaur,item,Weakness Policy,23.713
Venusaur,item,Life Orb,20.899
Venusaur,move,Sleep Powder,87.975
Venusaur,move,Weather Ball,74.341
Venusaur,move,Earth Power,63.727
Venusaur,move,Leaf Storm,61.615
Vikavolt,ability,Levitate,100.0
Vikavolt,item,Choice Specs,43.467
Vikavolt,item,Life Orb,35.071
Vikavolt,item,Assault Vest,16.896
Vikavolt,move,Bug Buzz,99.997
Vikavolt,move,Thunderbolt,81.457
Vikavolt,move,Energy Ball,51.566
Vikavolt,move,Volt Switch,50.464
Vileplume,ability,Chlorophyll,92.915
Vileplume,ability,Effect Spore,7.085
Vileplume,item,Focus Sash,48.665
Vileplume,item,Wide Lens,44.347
Vileplume,item,Black Sludge,4.624
Vileplume,move,Sleep Powder,94.007
Vileplume,move,After You,85.939
Vileplume,move,Sludge Bomb,80.15
Vileplume,move,Energy Ball,42.136
Virizion,ability,Justified,100.0
Virizion,item,Life Orb,28.509
Virizion,item,Assault Vest,19.252
Virizion,item,Weakness Policy,18.271
Virizion,move,Leaf Blade,73.099
Virizion,move,Protect,67.304
Virizion,move,Close Combat,65.522
Virizion,move,Bounce,63.061
Volcarona,ability,Flame Body,99.713
Volcarona,ability,Swarm,0.287
Volcarona,item,Focus Sash,44.387
Volcarona,item,Rocky Helmet,28.865
Volcarona,item,Sitrus Berry,12.107
Volcarona,move,Rage Powder,95.946
Volcarona,move,Heat Wave,80.857
Volcarona,move,Struggle Bug,67.987
Volcarona,move,Protect,53.139
Wash Rotom,ability,Levitate,100.0
Wash Rotom,item,Sitrus Berry,49.757
Wash Rotom,item,Safety Goggles,13.721
Wash Rotom,item,Leftovers,9.529
Wash Rotom,move,Hydro Pump,84.0
Wash Rotom,move,Thunderbolt,77.056
Wash Rotom,move,Will O Wisp,45.424
Wash Rotom,move,Ally Switch,37.051
Weavile,ability,Pressure,96.005
Weavile,ability,Pickpocket,3.995
Weavile,item,Focus Sash,82.706
Weavile,item,Wide Lens,12.632
Weavile,item,Other,4.662
Weavile,move,Fake Out,97.093
Weavile,move,Icy Wind,68.313
Weavile,move,Fake Tears,68.219
Weavile,move,Triple Axel,64.749
Weezing,ability,Neutralizing Gas,99.696
Weezing,ability,Levitate,0.304
Weezing,item,Shuca Berry,65.383
Weezing,item,Focus Sash,26.442
Weezing,item,Black Sludge,5.177
Weezing,move,Protect,99.905
Weezing,move,Will O Wisp,98.913
Weezing,move,Taunt,97.786
Weezing,move,Sludge Bomb,83.793
Whimsicott,ability,Prankster,99.894
Whimsicott,ability,Chlorophyll,0.103
Whimsicott,item,Focus Sash,59.282
Whimsicott,item,Eject Button,22.419
Whimsicott,item,Mental Herb,7.572
Whimsicott,move,Tailwind,99.572
Whimsicott,move,Helping Hand,65.191
Whimsicott,move,Moonblast,55.759
Whimsicott,move,Energy Ball,38.249
White Kyurem,ability,Turboblaze,100.0
White Kyurem,item,Life Orb,81.363
White Kyurem,item,Choice Scarf,6.298
White Kyurem,item,Lum Berry,3.629
White Kyurem,move,Earth Power,97.707
White Kyurem,move,Draco Meteor,79.675
White Kyurem,move,Protect,67.535
White Kyurem,move,Blizzard,57.734
Wigglytuff,ability,Competitive,98.753
Wigglytuff,ability,Frisk,0.916
Wigglytuff,item,Lum Berry,42.303
Wigglytuff,item,Life Orb,23.098
Wigglytuff,item,Assault Vest,11.425
Wigglytuff,move,Dazzling Gleam,97.582
Wigglytuff,move,Protect,64.885
Wigglytuff,move,Hyper Voice,60.13
Wigglytuff,move,Flamethrower,58.7
Wishiwashi Solo Form,ability,Schooling,100.0
Wishiwashi Solo Form,item,Life Orb,93.09
Wishiwashi Solo Form,item,Other,3.965
Wishiwashi Solo Form,item,White Herb,2.945
Wishiwashi Solo Form,move,Protect,93.21
Wishiwashi Solo Form,move,Ice Beam,93.187
Wishiwashi Solo Form,move,Hydro Pump,93.18
Wishiwashi Solo Form,move,Helping Hand,93.038
Xerneas,ability,Fairy Aura,100.0
Xerneas,item,Power Herb,99.807
Xerneas,item,Other,0.193
Xerneas,move,Geomancy,99.83
Xerneas,move,Protect,98.794
Xerneas,move,Dazzling Gleam,88.556
Xerneas,move,Moonblast,86.398
Xurkitree,ability,Beast Boost,100.0
Xurkitree,item,Assault Vest,48.927
Xurkitree,item,Magnet,21.417
Xurkitree,item,Air Balloon,18.4
Xurkitree,move,Dazzling Gleam,72.009
Xurkitree,move,Thunderbolt,50.41
Xurkitree,move,Energy Ball,49.345
Xurkitree,move,Protect,40.282
Yveltal,ability,Dark Aura,100.0
Yveltal,item,Life Orb,49.056
Yveltal,item,Assault Vest,39.906
Yveltal,item,Other,4.612
Yveltal,move,Oblivion Wing,94.879
Yveltal,move,Foul Play,60.609
Yveltal,move,Dark Pulse,55.426
Yveltal,move,Protect,51.466
Zacian Crowned Sword,ability,Intrepid Sword,100.0
Zacian Crowned Sword,item,Rusted Sword,100.0
Zacian Crowned Sword,move,Behemoth Blade,99.996
Zacian Crowned Sword,move,Protect,98.672
Zacian Crowned Sword,move,Sacred Sword,84.154
Zacian Crowned Sword,move,Play Rough,64.487
Zamazenta Crowned Shield,ability,Dauntless Shield,100.0
Zamazenta Crowned Shield,item,Rusted Shield,100.0
Zamazenta Crowned Shield,move,Behemoth Bash,99.973
Zamazenta Crowned Shield,move,Coaching,76.272
Zamazenta Crowned Shield,move,Snarl,62.251
Zamazenta Crowned Shield,move,Wide Guard,52.704
Zapdos,ability,Static,93.843
Zapdos,ability,Pressure,6.157
Zapdos,item,Life Orb,68.894
Zapdos,item,Safety Goggles,19.278
Zapdos,item,Utility Umbrella,4.511
Zapdos,move,Hurricane,96.628
Zapdos,move,Heat Wave,73.258
Zapdos,move,Thunderbolt,69.658
Zapdos,move,Protect,50.897
Zekrom,ability,Teravolt,100.0
Zekrom,item,Weakness Policy,73.595
Zekrom,item,Life Orb,9.7
Zekrom,item,Assault Vest,4.806
Zekrom,move,Protect,89.105
Zekrom,move,Earth Power,64.629
Zekrom,move,Draco Meteor,64.434
Zekrom,move,Rising Voltage,59.461
Zoroark,ability,Illusion,100.0
Zoroark,item,Focus Sash,58.529
Zoroark,item,Life Orb,9.622
Zoroark,item,Choice Scarf,9.235
Zoroark,move,Snarl,55.109
Zoroark,move,Dark Pulse,48.631
Zoroark,move,Protect,47.421
Zoroark,move,Copycat,33.488
Zygarde Complete Forme,ability,Power Construct,98.383
Zygarde Complete Forme,ability,Aura Break,1.617
Zygarde Complete Forme,item,Leftovers,47.338
Zygarde Complete Forme,item,Weakness Policy,27.115
Zygarde Complete Forme,item,Misty Seed,18.909
Zygarde Complete Forme,move,Thousand Arrows,98.354
Zygarde Complete Forme,move,Coil,95.64
Zygarde Complete Forme,move,Protect,92.208
Zygarde Complete Forme,move,Substitute,41.087
