ID,Name,Species,Variant,Generation,Rarity,Type1,Type2,Total,HP,Attack,Defense,Sp. Atk,Sp. Def,Speed,VGC2022_rules,Monthly Usage (k),Usage Percent (%),Monthly Rank,image_url,missing_base_stats,offensive_score,defensive_score,speed_tier,is_single_type,is_legendary,is_mythical,has_usage_data,is_permitted_vgc2022,stat_specialization,normalized_name
1,Bulbasaur,Bulbasaur,,1,Common,Grass,Poison,318.0,45.0,49.0,49.0,65.0,65.0,45.0,Permitted,,,,https://img.pokemondb.net/sprites/sword-shield/icon/bulbasaur.png,False,65.0,159.0,slow,False,False,False,False,True,18.0,bulbasaur
2,Ivysaur,Ivysaur,,1,Common,Grass,Poison,405.0,60.0,62.0,63.0,80.0,80.0,60.0,Permitted,,,,https://img.pokemondb.net/sprites/sword-shield/icon/ivysaur.png,False,80.0,203.0,mid,False,False,False,False,True,18.75,ivysaur
3,Venusaur,Venusaur,,1,Common,Grass,Poison,525.0,80.0,82.0,83.0,100.0,100.0,80.0,Permitted,204,7,24,https://img.pokemondb.net/sprites/sword-shield/icon/venusaur.png,False,100.0,263.0,mid,False,False,False,True,True,18.75,venusaur
3,Mega Venusaur,Venusaur,Mega,6,Common,Grass,Poison,625.0,80.0,100.0,123.0,122.0,120.0,80.0,Banned,,,,https://img.pokemondb.net/sprites/sword-shield/icon/venusaur-mega.png,False,122.0,323.0,mid,False,False,False,False,False,22.599999999999994,mega venusaur
3,Venusaur Gigantamax,Venusaur,Gigantamax,8,,Grass,Poison,,,,,,,,Gigantamax Allowed,,,,https://archives.bulbagarden.net/media/upload/d/dc/003GiMS8.png,True,,,,False,False,False,False,True,,venusaur gigantamax
4,Charmander,Charmander,,1,Common,Fire,,309.0,39.0,52.0,43.0,60.0,50.0,65.0,Permitted,,,,https://img.pokemondb.net/sprites/sword-shield/icon/charmander.png,False,60.0,132.0,mid,True,False,False,False,True,16.200000000000003,charmander
5,Charmeleon,Charmeleon,,1,Common,Fire,,405.0,58.0,64.0,58.0,80.0,65.0,80.0,Permitted,,,,https://img.pokemondb.net/sprites/sword-shield/icon/charmeleon.png,False,80.0,181.0,mid,True,False,False,False,True,18.75,charmeleon
6,Mega Charizard Y,Charizard,Mega  Y,6,Common,Fire,Flying,634.0,78.0,104.0,78.0,159.0,115.0,100.0,Banned,,,,https://img.pokemondb.net/sprites/sword-shield/icon/charizard-mega-y.png,False,159.0,271.0,fast,False,False,False,False,False,64.0,mega charizard y
6,Charizard Gigantamax,Charizard,Gigantamax,8,,Fire,Flying,,,,,,,,Gigantamax Allowed,,,,https://archives.bulbagarden.net/media/upload/c/cb/006GiMS8.png,True,,,,False,False,False,False,True,,charizard gigantamax
6,Mega Charizard X,Charizard,Mega  X,6,Common,Fire,Dragon,634.0,78.0,130.0,111.0,130.0,85.0,100.0,Banned,,,,https://img.pokemondb.net/sprites/sword-shield/icon/charizard-mega-x.png,False,130.0,274.0,fast,False,False,False,False,False,36.5,mega charizard x
6,Charizard,Charizard,,1,Common,Fire,Flying,534.0,78.0,84.0,78.0,109.0,85.0,100.0,Permitted,344,19,12,https://img.pokemondb.net/sprites/sword-shield/icon/charizard.png,False,109.0,241.0,fast,False,False,False,True,True,24.0,charizard
7,Squirtle,Squirtle,,1,Common,Water,,314.0,44.0,48.0,65.0,50.0,64.0,43.0,Permitted,,,,https://img.pokemondb.net/sprites/sword-shield/icon/squirtle.png,False,50.0,173.0,slow,True,False,False,False,True,15.200000000000003,squirtle
8,Wartortle,Wartortle,,1,Common,Water,,405.0,59.0,63.0,80.0,65.0,80.0,58.0,Permitted,,,,https://img.pokemondb.net/sprites/sword-shield/icon/wartortle.png,False,65.0,219.0,mid,True,False,False,False,True,18.75,wartortle
9,Blastoise Gigantamax,Blastoise,Gigantamax,8,,Water,,,,,,,,,Gigantamax Allowed,,,,https://archives.bulbagarden.net/media/upload/4/43/009GiMS8.png,True,,,,True,False,False,False,True,,blastoise gigantamax
9,Blastoise,Blastoise,,1,Common,Water,,530.0,79.0,83.0,100.0,85.0,105.0,78.0,Permitted,98,7,23,https://img.pokemondb.net/sprites/sword-shield/icon/blastoise.png,False,85.0,284.0,mid,True,False,False,True,True,20.0,blastoise
9,Mega Blastoise,Blastoise,Mega,6,Common,Water,,630.0,79.0,103.0,120.0,135.0,115.0,78.0,Banned,,,,https://img.pokemondb.net/sprites/sword-shield/icon/blastoise-mega.png,False,135.0,314.0,mid,True,False,False,False,False,36.0,mega blastoise
10,Caterpie,Caterpie,,1,Common,Bug,,195.0,45.0,30.0,35.0,20.0,20.0,45.0,Permitted,,,,https://img.pokemondb.net/sprites/sword-shield/icon/caterpie.png,False,30.0,100.0,slow,True,False,False,False,True,18.75,caterpie
11,Metapod,Metapod,,1,Common,Bug,,205.0,50.0,20.0,55.0,25.0,25.0,30.0,Permitted,,,,https://img.pokemondb.net/sprites/sword-shield/icon/metapod.png,False,25.0,130.0,slow,True,False,False,False,True,25.0,metapod
12,Butterfree Gigantamax,Butterfree,Gigantamax,8,,Bug,Flying,,,,,,,,Gigantamax Allowed,,,,https://archives.bulbagarden.net/media/upload/4/47/012GiMS8.png,True,,,,False,False,False,False,True,,butterfree gigantamax
12,Butterfree,Butterfree,,1,Common,Bug,Flying,395.0,60.0,45.0,50.0,90.0,80.0,70.0,Permitted,16,0,152,https://img.pokemondb.net/sprites/sword-shield/icon/butterfree.png,False,90.0,190.0,mid,False,False,False,True,True,29.0,butterfree
13,Weedle,Weedle,,1,Common,Bug,Poison,195.0,40.0,35.0,30.0,20.0,20.0,50.0,,,,,https://img.pokemondb.net/sprites/sword-shield/icon/weedle.png,False,35.0,90.0,mid,False,False,False,False,False,21.0,weedle
14,Kakuna,Kakuna,,1,Common,Bug,Poison,205.0,45.0,25.0,50.0,25.0,25.0,35.0,,,,,https://img.pokemondb.net/sprites/sword-shield/icon/kakuna.png,False,25.0,120.0,slow,False,False,False,False,False,19.0,kakuna
15,Beedrill,Beedrill,,1,Common,Bug,Poison,395.0,65.0,90.0,40.0,45.0,80.0,75.0,,,,,https://img.pokemondb.net/sprites/sword-shield/icon/beedrill.png,False,90.0,185.0,mid,False,False,False,False,False,29.0,beedrill
15,Mega Beedrill,Beedrill,Mega,6,Common,Bug,Poison,495.0,65.0,150.0,40.0,15.0,80.0,145.0,Banned,,,,https://img.pokemondb.net/sprites/sword-shield/icon/beedrill-mega.png,False,150.0,185.0,elite,False,False,False,False,False,81.0,mega beedrill
16,Pidgey,Pidgey,,1,Common,Normal,Flying,251.0,40.0,45.0,40.0,35.0,35.0,56.0,,,,,https://img.pokemondb.net/sprites/sword-shield/icon/pidgey.png,False,45.0,115.0,mid,False,False,False,False,False,17.0,pidgey
17,Pidgeotto,Pidgeotto,,1,Common,Normal,Flying,349.0,63.0,60.0,55.0,50.0,50.0,71.0,,,,,https://img.pokemondb.net/sprites/sword-shield/icon/pidgeotto.png,False,60.0,168.0,mid,False,False,False,False,False,15.399999999999999,pidgeotto
18,Pidgeot,Pidgeot,,1,Common,Normal,Flying,479.0,83.0,80.0,75.0,70.0,70.0,101.0,,,,,https://img.pokemondb.net/sprites/sword-shield/icon/pidgeot.png,False,80.0,228.0,fast,False,False,False,False,False,25.400000000000006,pidgeot
18,Mega Pidgeot,Pidgeot,Mega,6,Common,Normal,Flying,579.0,83.0,80.0,80.0,135.0,80.0,121.0,Banned,,,,https://img.pokemondb.net/sprites/sword-shield/icon/pidgeot-mega.png,False,135.0,243.0,elite,False,False,False,False,False,46.2,mega pidgeot
19,Rattata,Rattata,,1,Common,Normal,,253.0,30.0,56.0,35.0,25.0,35.0,72.0,,,,,https://img.pokemondb.net/sprites/sword-shield/icon/rattata.png,False,56.0,100.0,mid,True,False,False,False,False,35.8,rattata
19,Alolan Rattata,Rattata,Alolan,7,Common,Dark,Normal,253.0,30.0,56.0,35.0,25.0,35.0,72.0,,,,,https://img.pokemondb.net/sprites/sword-shield/icon/rattata-alolan.png,False,56.0,100.0,mid,False,False,False,False,False,35.8,alolan rattata
20,Raticate,Raticate,,1,Common,Normal,,413.0,55.0,81.0,60.0,50.0,70.0,97.0,,,,,https://img.pokemondb.net/sprites/sword-shield/icon/raticate.png,False,81.0,185.0,fast,True,False,False,False,False,33.8,raticate
20,Alolan Raticate,Raticate,Alolan,7,Common,Dark,Normal,413.0,75.0,71.0,70.0,40.0,80.0,77.0,,,,,https://img.pokemondb.net/sprites/sword-shield/icon/raticate-alolan.png,False,71.0,225.0,mid,False,False,False,False,False,13.400000000000006,alolan raticate
21,Spearow,Spearow,,1,Common,Normal,Flying,262.0,40.0,60.0,30.0,31.0,31.0,70.0,,,,,https://img.pokemondb.net/sprites/sword-shield/icon/spearow.png,False,60.0,101.0,mid,False,False,False,False,False,31.6,spearow
22,Fearow,Fearow,,1,Common,Normal,Flying,442.0,65.0,90.0,65.0,61.0,61.0,100.0,,,,,https://img.pokemondb.net/sprites/sword-shield/icon/fearow.png,False,90.0,191.0,fast,False,False,False,False,False,31.599999999999994,fearow
23,Ekans,Ekans,,1,Common,Poison,,288.0,35.0,60.0,44.0,40.0,54.0,55.0,,,,,https://img.pokemondb.net/sprites/sword-shield/icon/ekans.png,False,60.0,133.0,mid,True,False,False,False,False,14.399999999999999,ekans
24,Arbok,Arbok,,1,Common,Poison,,448.0,60.0,95.0,69.0,65.0,79.0,80.0,,,,,https://img.pokemondb.net/sprites/sword-shield/icon/arbok.png,False,95.0,208.0,mid,True,False,False,False,False,24.400000000000006,arbok
25,Pikachu Gigantamax,Pikachu,Gigantamax,8,,Electric,,,,,,,,,Gigantamax Allowed,,,,https://archives.bulbagarden.net/media/upload/b/be/025GiMS8.png,True,,,,True,False,False,False,True,,pikachu gigantamax
25,Pikachu,Pikachu,,1,Common,Electric,,320.0,35.0,55.0,40.0,50.0,50.0,90.0,Permitted,13,0,119,https://img.pokemondb.net/sprites/sword-shield/icon/pikachu.png,False,55.0,125.0,fast,True,False,False,True,True,44.0,pikachu
25,Partner Pikachu,Pikachu,Partner,1,Common,Electric,,430.0,45.0,80.0,50.0,75.0,60.0,120.0,,,,,https://img.pokemondb.net/sprites/sword-shield/icon/pikachu-lets-go.png,False,80.0,155.0,elite,True,False,False,False,False,58.0,partner pikachu
26,Alolan Raichu,Raichu,Alolan,7,Common,Electric,Psychic,485.0,60.0,85.0,50.0,95.0,85.0,110.0,,,,,https://img.pokemondb.net/sprites/sword-shield/icon/raichu-alolan.png,False,95.0,195.0,fast,False,False,False,False,False,35.0,alolan raichu
26,Raichu,Raichu,,1,Common,Electric,,485.0,60.0,90.0,55.0,90.0,80.0,110.0,Permitted,93,3,35,https://img.pokemondb.net/sprites/sword-shield/icon/raichu.png,False,90.0,195.0,fast,True,False,False,True,True,35.0,raichu
27,Alolan Sandshrew,Sandshrew,Alolan,7,Common,Ice,Steel,300.0,50.0,75.0,90.0,10.0,35.0,40.0,,,,,https://img.pokemondb.net/sprites/sword-shield/icon/sandshrew-alolan.png,False,75.0,175.0,slow,False,False,False,False,False,48.0,alolan sandshrew
27,Sandshrew,Sandshrew,,1,Common,Ground,,300.0,50.0,75.0,85.0,20.0,30.0,40.0,Permitted,,,,https://img.pokemondb.net/sprites/sword-shield/icon/sandshrew.png,False,75.0,165.0,slow,True,False,False,False,True,42.0,sandshrew
28,Sandslash,Sandslash,,1,Common,Ground,,450.0,75.0,100.0,110.0,45.0,55.0,65.0,Permitted,,,,https://img.pokemondb.net/sprites/sword-shield/icon/sandslash.png,False,100.0,240.0,mid,True,False,False,False,True,42.0,sandslash
28,Alolan Sandslash,Sandslash,Alolan,7,Common,Ice,Steel,450.0,75.0,100.0,120.0,25.0,65.0,65.0,,,,,https://img.pokemondb.net/sprites/sword-shield/icon/sandslash-alolan.png,False,100.0,260.0,mid,False,False,False,False,False,54.0,alolan sandslash
29,Nidoran♀,Nidoran♀,,1,Common,Poison,,275.0,55.0,47.0,52.0,40.0,40.0,41.0,,,,,https://img.pokemondb.net/sprites/sword-shield/icon/nidoran-f.png,False,47.0,147.0,slow,True,False,False,False,False,11.0,nidoran female
30,Nidorina,Nidorina,,1,Common,Poison,,365.0,70.0,62.0,67.0,55.0,55.0,56.0,Permitted,,,,https://img.pokemondb.net/sprites/sword-shield/icon/nidorina.png,False,62.0,192.0,mid,True,False,False,False,True,11.0,nidorina
31,Nidoqueen,Nidoqueen,,1,Common,Poison,Ground,505.0,90.0,92.0,87.0,75.0,85.0,76.0,Permitted,,,,https://img.pokemondb.net/sprites/sword-shield/icon/nidoqueen.png,False,92.0,262.0,mid,False,False,False,False,True,9.400000000000006,nidoqueen
32,Nidoran♂,Nidoran♂,,1,Common,Poison,,273.0,46.0,57.0,40.0,40.0,40.0,50.0,,,,,https://img.pokemondb.net/sprites/sword-shield/icon/nidoran-m.png,False,57.0,126.0,mid,True,False,False,False,False,13.799999999999997,nidoran male
33,Nidorino,Nidorino,,1,Common,Poison,,365.0,61.0,72.0,57.0,55.0,55.0,65.0,Permitted,,,,https://img.pokemondb.net/sprites/sword-shield/icon/nidorino.png,False,72.0,173.0,mid,True,False,False,False,True,13.399999999999999,nidorino
34,Nidoking,Nidoking,,1,Common,Poison,Ground,505.0,81.0,102.0,77.0,85.0,75.0,85.0,Permitted,,,,https://img.pokemondb.net/sprites/sword-shield/icon/nidoking.png,False,102.0,233.0,mid,False,False,False,False,True,21.400000000000006,nidoking
35,Clefairy,Clefairy,,1,Common,Fairy,,323.0,70.0,45.0,48.0,60.0,65.0,35.0,Permitted,25,0,73,https://img.pokemondb.net/sprites/sword-shield/icon/clefairy.png,False,60.0,183.0,slow,True,False,False,True,True,19.4,clefairy
36,Clefable,Clefable,,1,Common,Fairy,,483.0,95.0,70.0,73.0,95.0,90.0,60.0,Permitted,7,0,180,https://img.pokemondb.net/sprites/sword-shield/icon/clefable.png,False,95.0,258.0,mid,True,False,False,True,True,21.75,clefable
37,Vulpix,Vulpix,,1,Common,Fire,,299.0,38.0,41.0,40.0,50.0,65.0,65.0,Permitted,,,,https://img.pokemondb.net/sprites/sword-shield/icon/vulpix.png,False,50.0,143.0,mid,True,False,False,False,True,22.75,vulpix
37,Alolan Vulpix,Vulpix,Alolan,7,Common,Ice,,299.0,38.0,41.0,40.0,50.0,65.0,65.0,,,,,https://img.pokemondb.net/sprites/sword-shield/icon/vulpix-alolan.png,False,50.0,143.0,mid,True,False,False,False,False,22.75,alolan vulpix
38,Ninetales,Ninetales,,1,Common,Fire,,505.0,73.0,76.0,75.0,81.0,100.0,100.0,Permitted,,,,https://img.pokemondb.net/sprites/sword-shield/icon/ninetales.png,False,81.0,248.0,fast,True,False,False,False,True,23.75,ninetales
38,Alolan Ninetales,Ninetales,Alolan,7,Common,Ice,Fairy,505.0,73.0,67.0,75.0,81.0,100.0,109.0,,16,0,120,https://img.pokemondb.net/sprites/sword-shield/icon/ninetales-alolan.png,False,81.0,248.0,fast,False,False,False,True,False,29.799999999999997,alolan ninetales
39,Jigglypuff,Jigglypuff,,1,Common,Normal,Fairy,270.0,115.0,45.0,20.0,45.0,25.0,20.0,Permitted,,,,https://img.pokemondb.net/sprites/sword-shield/icon/jigglypuff.png,False,45.0,160.0,slow,False,False,False,False,True,84.0,jigglypuff
40,Wigglytuff,Wigglytuff,,1,Common,Normal,Fairy,435.0,140.0,70.0,45.0,85.0,50.0,45.0,Permitted,,,,https://img.pokemondb.net/sprites/sword-shield/icon/wigglytuff.png,False,85.0,235.0,slow,False,False,False,False,True,81.0,wigglytuff
41,Zubat,Zubat,,1,Common,Poison,Flying,245.0,40.0,45.0,35.0,30.0,40.0,55.0,Permitted,,,,https://img.pokemondb.net/sprites/sword-shield/icon/zubat.png,False,45.0,115.0,mid,False,False,False,False,True,17.0,zubat
42,Golbat,Golbat,,1,Common,Poison,Flying,455.0,75.0,80.0,70.0,65.0,75.0,90.0,Permitted,,,,https://img.pokemondb.net/sprites/sword-shield/icon/golbat.png,False,80.0,220.0,fast,False,False,False,False,True,17.0,golbat
43,Oddish,Oddish,,1,Common,Grass,Poison,320.0,45.0,50.0,55.0,75.0,65.0,30.0,Permitted,,,,https://img.pokemondb.net/sprites/sword-shield/icon/oddish.png,False,75.0,165.0,slow,False,False,False,False,True,26.0,oddish
44,Gloom,Gloom,,1,Common,Grass,Poison,395.0,60.0,65.0,70.0,85.0,75.0,40.0,Permitted,,,,https://img.pokemondb.net/sprites/sword-shield/icon/gloom.png,False,85.0,205.0,slow,False,False,False,False,True,23.0,gloom
45,Vileplume,Vileplume,,1,Common,Grass,Poison,490.0,75.0,80.0,85.0,110.0,90.0,50.0,Permitted,,,,https://img.pokemondb.net/sprites/sword-shield/icon/vileplume.png,False,110.0,250.0,mid,False,False,False,False,True,34.0,vileplume
46,Paras,Paras,,1,Common,Bug,Grass,285.0,35.0,70.0,55.0,45.0,55.0,25.0,,,,,https://img.pokemondb.net/sprites/sword-shield/icon/paras.png,False,70.0,145.0,slow,False,False,False,False,False,27.0,paras
47,Parasect,Parasect,,1,Common,Bug,Grass,405.0,60.0,95.0,80.0,60.0,80.0,30.0,,,,,https://img.pokemondb.net/sprites/sword-shield/icon/parasect.png,False,95.0,220.0,slow,False,False,False,False,False,33.0,parasect
48,Venonat,Venonat,,1,Common,Bug,Poison,305.0,60.0,55.0,50.0,40.0,55.0,45.0,,,,,https://img.pokemondb.net/sprites/sword-shield/icon/venonat.png,False,55.0,165.0,slow,False,False,False,False,False,11.0,venonat
49,Venomoth,Venomoth,,1,Common,Bug,Poison,450.0,70.0,65.0,60.0,90.0,75.0,90.0,,,,,https://img.pokemondb.net/sprites/sword-shield/icon/venomoth.png,False,90.0,205.0,fast,False,False,False,False,False,22.5,venomoth
50,Alolan Diglett,Diglett,Alolan,7,Common,Ground,Steel,265.0,10.0,55.0,30.0,35.0,45.0,90.0,,,,,https://img.pokemondb.net/sprites/sword-shield/icon/diglett-alolan.png,False,55.0,85.0,fast,False,False,False,False,False,55.0,alolan diglett
50,Diglett,Diglett,,1,Common,Ground,,265.0,10.0,55.0,25.0,35.0,45.0,95.0,Permitted,,,,https://img.pokemondb.net/sprites/sword-shield/icon/diglett.png,False,55.0,80.0,fast,True,False,False,False,True,61.0,diglett
51,Alolan Dugtrio,Dugtrio,Alolan,7,Common,Ground,Steel,425.0,35.0,100.0,60.0,50.0,70.0,110.0,,,,,https://img.pokemondb.net/sprites/sword-shield/icon/dugtrio-alolan.png,False,100.0,165.0,fast,False,False,False,False,False,47.0,alolan dugtrio
51,Dugtrio,Dugtrio,,1,Common,Ground,,425.0,35.0,100.0,50.0,50.0,70.0,120.0,Permitted,3,0,212,https://img.pokemondb.net/sprites/sword-shield/icon/dugtrio.png,False,100.0,155.0,elite,True,False,False,True,True,59.0,dugtrio
52,Meowth,Meowth,,1,Common,Normal,,290.0,40.0,45.0,35.0,40.0,40.0,90.0,,,,,https://img.pokemondb.net/sprites/sword-shield/icon/meowth.png,False,45.0,115.0,fast,True,False,False,False,False,50.0,meowth
52,Alolan Meowth,Meowth,Alolan,7,Common,Dark,,290.0,40.0,35.0,35.0,50.0,40.0,90.0,,,,,https://img.pokemondb.net/sprites/sword-shield/icon/meowth-alolan.png,False,50.0,115.0,fast,True,False,False,False,False,50.0,alolan meowth
52,Galarian Meowth,Meowth,Galarian,8,Common,Steel,,290.0,50.0,65.0,55.0,40.0,40.0,40.0,Permitted,,,,https://img.pokemondb.net/sprites/sword-shield/icon/meowth-galarian.png,False,65.0,145.0,slow,True,False,False,False,True,20.0,galarian meowth
52,Meowth Gigantamax,Meowth,Gigantamax,8,,Normal,,,,,,,,,Gigantamax Allowed,,,,https://archives.bulbagarden.net/media/upload/4/4c/052GiMS8.png,True,,,,True,False,False,False,True,,meowth gigantamax
53,Persian,Persian,,1,Common,Normal,,440.0,65.0,70.0,60.0,65.0,65.0,115.0,Permitted,,,,https://img.pokemondb.net/sprites/sword-shield/icon/persian.png,False,70.0,190.0,fast,True,False,False,False,True,50.0,persian
53,Alolan Persian,Persian,Alolan,7,Common,Dark,,440.0,65.0,60.0,60.0,75.0,65.0,115.0,,19,0,96,https://img.pokemondb.net/sprites/sword-shield/icon/persian-alolan.png,False,75.0,190.0,fast,True,False,False,True,False,50.0,alolan persian
54,Psyduck,Psyduck,,1,Common,Water,,320.0,50.0,52.0,48.0,65.0,50.0,55.0,Permitted,,,,https://img.pokemondb.net/sprites/sword-shield/icon/psyduck.png,False,65.0,148.0,mid,True,False,False,False,True,14.0,psyduck
55,Golduck,Golduck,,1,Common,Water,,500.0,80.0,82.0,78.0,95.0,80.0,85.0,Permitted,,,,https://img.pokemondb.net/sprites/sword-shield/icon/golduck.png,False,95.0,238.0,mid,True,False,False,False,True,14.0,golduck
56,Mankey,Mankey,,1,Common,Fighting,,305.0,40.0,80.0,35.0,35.0,45.0,70.0,,,,,https://img.pokemondb.net/sprites/sword-shield/icon/mankey.png,False,80.0,120.0,mid,True,False,False,False,False,35.0,mankey
57,Primeape,Primeape,,1,Common,Fighting,,455.0,65.0,105.0,60.0,60.0,70.0,95.0,,,,,https://img.pokemondb.net/sprites/sword-shield/icon/primeape.png,False,105.0,195.0,fast,True,False,False,False,False,35.0,primeape
58,Hisuian Growlithe,Growlithe,Hisuian,1,Common,Fire,Rock,350.0,60.0,75.0,45.0,65.0,50.0,55.0,,,,,https://img.pokemondb.net/s.png,False,75.0,155.0,mid,False,False,False,False,False,20.0,hisuian growlithe
58,Growlithe,Growlithe,,1,Common,Fire,,350.0,55.0,70.0,45.0,70.0,50.0,60.0,Permitted,,,,https://img.pokemondb.net/sprites/sword-shield/icon/growlithe.png,False,70.0,150.0,mid,True,False,False,False,True,17.5,growlithe
59,Hisuian Arcanine,Arcanine,Hisuian,1,Common,Fire,Rock,555.0,95.0,115.0,80.0,95.0,80.0,90.0,,,,,https://img.pokemondb.net/s.png,False,115.0,255.0,fast,False,False,False,False,False,27.0,hisuian arcanine
59,Arcanine,Arcanine,,1,Common,Fire,,555.0,90.0,110.0,80.0,100.0,80.0,95.0,Permitted,23,0,71,https://img.pokemondb.net/sprites/sword-shield/icon/arcanine.png,False,110.0,250.0,fast,True,False,False,True,True,21.0,arcanine
60,Poliwag,Poliwag,,1,Common,Water,,300.0,40.0,50.0,40.0,40.0,40.0,90.0,Permitted,,,,https://img.pokemondb.net/sprites/sword-shield/icon/poliwag.png,False,50.0,120.0,fast,True,False,False,False,True,48.0,poliwag
61,Poliwhirl,Poliwhirl,,1,Common,Water,,385.0,65.0,65.0,65.0,50.0,50.0,90.0,Permitted,,,,https://img.pokemondb.net/sprites/sword-shield/icon/poliwhirl.png,False,65.0,180.0,fast,True,False,False,False,True,31.0,poliwhirl
62,Poliwrath,Poliwrath,,1,Common,Water,Fighting,510.0,90.0,95.0,95.0,70.0,90.0,70.0,Permitted,,,,https://img.pokemondb.net/sprites/sword-shield/icon/poliwrath.png,False,95.0,275.0,mid,False,False,False,False,True,15.0,poliwrath
63,Abra,Abra,,1,Common,Psychic,,310.0,25.0,20.0,15.0,105.0,55.0,90.0,Permitted,,,,https://img.pokemondb.net/sprites/sword-shield/icon/abra.png,False,105.0,95.0,fast,True,False,False,False,True,64.0,abra
64,Kadabra,Kadabra,,1,Common,Psychic,,400.0,40.0,35.0,30.0,120.0,70.0,105.0,Permitted,,,,https://img.pokemondb.net/sprites/sword-shield/icon/kadabra.png,False,120.0,140.0,fast,True,False,False,False,True,64.0,kadabra
65,Alakazam,Alakazam,,1,Common,Psychic,,500.0,55.0,50.0,45.0,135.0,95.0,120.0,Permitted,,,,https://img.pokemondb.net/sprites/sword-shield/icon/alakazam.png,False,135.0,195.0,elite,True,False,False,False,True,62.0,alakazam
65,Mega Alakazam,Alakazam,Mega,6,Common,Psychic,,600.0,55.0,50.0,65.0,175.0,105.0,150.0,Banned,,,,https://img.pokemondb.net/sprites/sword-shield/icon/alakazam-mega.png,False,175.0,225.0,elite,True,False,False,False,False,90.0,mega alakazam
66,Machop,Machop,,1,Common,Fighting,,305.0,70.0,80.0,50.0,35.0,35.0,35.0,Permitted,,,,https://img.pokemondb.net/sprites/sword-shield/icon/machop.png,False,80.0,155.0,slow,True,False,False,False,True,35.0,machop
67,Machoke,Machoke,,1,Common,Fighting,,405.0,80.0,100.0,70.0,50.0,60.0,45.0,Permitted,,,,https://img.pokemondb.net/sprites/sword-shield/icon/machoke.png,False,100.0,210.0,slow,True,False,False,False,True,39.0,machoke
68,Machamp Gigantamax,Machamp,Gigantamax,8,,Fighting,,,,,,,,,Gigantamax Allowed,,,,https://archives.bulbagarden.net/media/upload/0/03/068GiMS8.png,True,,,,True,False,False,False,True,,machamp gigantamax
68,Machamp,Machamp,,1,Common,Fighting,,505.0,90.0,130.0,80.0,65.0,85.0,55.0,Permitted,4,0,204,https://img.pokemondb.net/sprites/sword-shield/icon/machamp.png,False,130.0,255.0,mid,True,False,False,True,True,55.0,machamp
69,Bellsprout,Bellsprout,,1,Common,Grass,Poison,300.0,50.0,75.0,35.0,70.0,30.0,40.0,,,,,https://img.pokemondb.net/sprites/sword-shield/icon/bellsprout.png,False,75.0,115.0,slow,False,False,False,False,False,30.0,bellsprout
70,Weepinbell,Weepinbell,,1,Common,Grass,Poison,390.0,65.0,90.0,50.0,85.0,45.0,55.0,,,,,https://img.pokemondb.net/sprites/sword-shield/icon/weepinbell.png,False,90.0,160.0,mid,False,False,False,False,False,30.0,weepinbell
71,Victreebel,Victreebel,,1,Common,Grass,Poison,490.0,80.0,105.0,65.0,100.0,70.0,70.0,,,,,https://img.pokemondb.net/sprites/sword-shield/icon/victreebel.png,False,105.0,215.0,mid,False,False,False,False,False,28.0,victreebel
72,Tentacool,Tentacool,,1,Common,Water,Poison,335.0,40.0,40.0,35.0,50.0,100.0,70.0,Permitted,,,,https://img.pokemondb.net/sprites/sword-shield/icon/tentacool.png,False,50.0,175.0,mid,False,False,False,False,True,53.0,tentacool
73,Tentacruel,Tentacruel,,1,Common,Water,Poison,515.0,80.0,70.0,65.0,80.0,120.0,100.0,Permitted,,,,https://img.pokemondb.net/sprites/sword-shield/icon/tentacruel.png,False,80.0,265.0,fast,False,False,False,False,True,41.0,tentacruel
74,Geodude,Geodude,,1,Common,Rock,Ground,300.0,40.0,80.0,100.0,30.0,30.0,20.0,,,,,https://img.pokemondb.net/sprites/sword-shield/icon/geodude.png,False,80.0,170.0,slow,False,False,False,False,False,60.0,geodude
74,Alolan Geodude,Geodude,Alolan,7,Common,Rock,Electric,300.0,40.0,80.0,100.0,30.0,30.0,20.0,,,,,https://img.pokemondb.net/sprites/sword-shield/icon/geodude-alolan.png,False,80.0,170.0,slow,False,False,False,False,False,60.0,alolan geodude
75,Graveler,Graveler,,1,Common,Rock,Ground,390.0,55.0,95.0,115.0,45.0,45.0,35.0,,,,,https://img.pokemondb.net/sprites/sword-shield/icon/graveler.png,False,95.0,215.0,slow,False,False,False,False,False,60.0,graveler
75,Alolan Graveler,Graveler,Alolan,7,Common,Rock,Electric,390.0,55.0,95.0,115.0,45.0,45.0,35.0,,,,,https://img.pokemondb.net/sprites/sword-shield/icon/graveler-alolan.png,False,95.0,215.0,slow,False,False,False,False,False,60.0,alolan graveler
76,Golem,Golem,,1,Common,Rock,Ground,495.0,80.0,120.0,130.0,55.0,65.0,45.0,,,,,https://img.pokemondb.net/sprites/sword-shield/icon/golem.png,False,120.0,275.0,slow,False,False,False,False,False,57.0,golem
76,Alolan Golem,Golem,Alolan,7,Common,Rock,Electric,495.0,80.0,120.0,130.0,55.0,65.0,45.0,,,,,https://img.pokemondb.net/sprites/sword-shield/icon/golem-alolan.png,False,120.0,275.0,slow,False,False,False,False,False,57.0,alolan golem
77,Ponyta,Ponyta,,1,Common,Fire,,410.0,50.0,85.0,55.0,65.0,65.0,90.0,Permitted,,,,https://img.pokemondb.net/sprites/sword-shield/icon/ponyta.png,False,85.0,170.0,fast,True,False,False,False,True,26.0,ponyta
77,Galarian Ponyta,Ponyta,Galarian,8,Common,Psychic,,410.0,50.0,85.0,55.0,65.0,65.0,90.0,Permitted,,,,https://img.pokemondb.net/sprites/sword-shield/icon/ponyta-galarian.png,False,85.0,170.0,fast,True,False,False,False,True,26.0,galarian ponyta
78,Rapidash,Rapidash,,1,Common,Fire,,500.0,65.0,100.0,70.0,80.0,80.0,105.0,Permitted,,,,https://img.pokemondb.net/sprites/sword-shield/icon/rapidash.png,False,100.0,215.0,fast,True,False,False,False,True,26.0,rapidash
78,Galarian Rapidash,Rapidash,Galarian,8,Common,Psychic,Fairy,500.0,65.0,100.0,70.0,80.0,80.0,105.0,Permitted,,,,https://img.pokemondb.net/sprites/sword-shield/icon/rapidash-galarian.png,False,100.0,215.0,fast,False,False,False,False,True,26.0,galarian rapidash
79,Galarian Slowpoke,Slowpoke,Galarian,8,Common,Psychic,,315.0,90.0,65.0,65.0,40.0,40.0,15.0,Permitted,,,,https://img.pokemondb.net/sprites/sword-shield/icon/slowpoke-galarian.png,False,65.0,195.0,slow,True,False,False,False,True,45.0,galarian slowpoke
79,Slowpoke,Slowpoke,,1,Common,Water,Psychic,315.0,90.0,65.0,65.0,40.0,40.0,15.0,,,,,https://img.pokemondb.net/sprites/sword-shield/icon/slowpoke.png,False,65.0,195.0,slow,False,False,False,False,False,45.0,slowpoke
80,Mega Slowbro,Slowbro,Mega,6,Common,Water,Psychic,590.0,95.0,75.0,180.0,130.0,80.0,30.0,Banned,,,,https://img.pokemondb.net/sprites/sword-shield/icon/slowbro-mega.png,False,130.0,355.0,slow,False,False,False,False,False,98.0,mega slowbro
80,Galarian Slowbro,Slowbro,Galarian,8,Common,Poison,Psychic,490.0,95.0,100.0,95.0,100.0,70.0,30.0,Permitted,,,,https://img.pokemondb.net/sprites/sword-shield/icon/slowbro-galarian.png,False,100.0,260.0,slow,False,False,False,False,True,27.5,galarian slowbro
80,Slowbro,Slowbro,,1,Common,Water,Psychic,490.0,95.0,75.0,110.0,100.0,80.0,30.0,,4,0,122,https://img.pokemondb.net/sprites/sword-shield/icon/slowbro.png,False,100.0,285.0,slow,False,False,False,True,False,34.0,slowbro
81,Magnemite,Magnemite,,1,Common,Electric,Steel,325.0,25.0,35.0,70.0,95.0,55.0,45.0,Permitted,,,,https://img.pokemondb.net/sprites/sword-shield/icon/magnemite.png,False,95.0,150.0,slow,False,False,False,False,True,49.0,magnemite
82,Magneton,Magneton,,1,Common,Electric,Steel,465.0,50.0,60.0,95.0,120.0,70.0,70.0,Permitted,,,,https://img.pokemondb.net/sprites/sword-shield/icon/magneton.png,False,120.0,215.0,mid,False,False,False,False,True,51.0,magneton
83,Farfetch'd,Farfetch'd,,1,Common,Normal,Flying,377.0,52.0,90.0,55.0,58.0,62.0,60.0,Permitted,,,,https://img.pokemondb.net/sprites/sword-shield/icon/farfetchd.png,False,90.0,169.0,mid,False,False,False,False,True,32.6,farfetchd
83,Galarian Farfetch'd,Farfetch'd,Galarian,8,Common,Fighting,,377.0,52.0,95.0,55.0,58.0,62.0,55.0,,,,,https://img.pokemondb.net/sprites/sword-shield/icon/farfetchd-galarian.png,False,95.0,169.0,mid,True,False,False,False,False,38.6,galarian farfetchd
84,Doduo,Doduo,,1,Common,Normal,Flying,310.0,35.0,85.0,45.0,35.0,35.0,75.0,,,,,https://img.pokemondb.net/sprites/sword-shield/icon/doduo.png,False,85.0,115.0,mid,False,False,False,False,False,40.0,doduo
85,Dodrio,Dodrio,,1,Common,Normal,Flying,470.0,60.0,110.0,70.0,60.0,60.0,110.0,,,,,https://img.pokemondb.net/sprites/sword-shield/icon/dodrio.png,False,110.0,190.0,fast,False,False,False,False,False,47.5,dodrio
86,Seel,Seel,,1,Common,Water,,325.0,65.0,45.0,55.0,45.0,70.0,45.0,,,,,https://img.pokemondb.net/sprites/sword-shield/icon/seel.png,False,45.0,190.0,slow,True,False,False,False,False,19.0,seel
87,Dewgong,Dewgong,,1,Common,Water,Ice,475.0,90.0,70.0,80.0,70.0,95.0,70.0,,,,,https://img.pokemondb.net/sprites/sword-shield/icon/dewgong.png,False,70.0,265.0,mid,False,False,False,False,False,19.0,dewgong
88,Grimer,Grimer,,1,Common,Poison,,325.0,80.0,80.0,50.0,40.0,50.0,25.0,,,,,https://img.pokemondb.net/sprites/sword-shield/icon/grimer.png,False,80.0,180.0,slow,True,False,False,False,False,38.75,grimer
88,Alolan Grimer,Grimer,Alolan,7,Common,Poison,Dark,325.0,80.0,80.0,50.0,40.0,50.0,25.0,,,,,https://img.pokemondb.net/sprites/sword-shield/icon/grimer-alolan.png,False,80.0,180.0,slow,False,False,False,False,False,38.75,alolan grimer
89,Alolan Muk,Muk,Alolan,7,Common,Poison,Dark,500.0,105.0,105.0,75.0,65.0,100.0,50.0,,,,,https://img.pokemondb.net/sprites/sword-shield/icon/muk-alolan.png,False,105.0,280.0,mid,False,False,False,False,False,32.5,alolan muk
89,Muk,Muk,,1,Common,Poison,,500.0,105.0,105.0,75.0,65.0,100.0,50.0,,,,,https://img.pokemondb.net/sprites/sword-shield/icon/muk.png,False,105.0,280.0,mid,True,False,False,False,False,32.5,muk
90,Shellder,Shellder,,1,Common,Water,,305.0,30.0,65.0,100.0,45.0,25.0,40.0,Permitted,,,,https://img.pokemondb.net/sprites/sword-shield/icon/shellder.png,False,65.0,155.0,slow,True,False,False,False,True,59.0,shellder
91,Cloyster,Cloyster,,1,Common,Water,Ice,525.0,50.0,95.0,180.0,85.0,45.0,70.0,Permitted,2,0,224,https://img.pokemondb.net/sprites/sword-shield/icon/cloyster.png,False,95.0,275.0,mid,False,False,False,True,True,111.0,cloyster
92,Gastly,Gastly,,1,Common,Ghost,Poison,310.0,30.0,35.0,30.0,100.0,35.0,80.0,Permitted,,,,https://img.pokemondb.net/sprites/sword-shield/icon/gastly.png,False,100.0,95.0,mid,False,False,False,False,True,58.0,gastly
93,Haunter,Haunter,,1,Common,Ghost,Poison,405.0,45.0,50.0,45.0,115.0,55.0,95.0,Permitted,,,,https://img.pokemondb.net/sprites/sword-shield/icon/haunter.png,False,115.0,145.0,fast,False,False,False,False,True,57.0,haunter
94,Gengar,Gengar,,1,Common,Ghost,Poison,500.0,60.0,65.0,60.0,130.0,75.0,110.0,Permitted,10,0,214,https://img.pokemondb.net/sprites/sword-shield/icon/gengar.png,False,130.0,195.0,fast,False,False,False,True,True,56.0,gengar
94,Gengar Gigantamax,Gengar,Gigantamax,8,,Ghost,Poison,,,,,,,,Gigantamax Allowed,,,,https://archives.bulbagarden.net/media/upload/4/43/094GiMS8.png,True,,,,False,False,False,False,True,,gengar gigantamax
94,Mega Gengar,Gengar,Mega,6,Common,Ghost,Poison,600.0,60.0,65.0,80.0,170.0,95.0,130.0,Banned,,,,https://img.pokemondb.net/sprites/sword-shield/icon/gengar-mega.png,False,170.0,235.0,elite,False,False,False,False,False,84.0,mega gengar
95,Onix,Onix,,1,Common,Rock,Ground,385.0,35.0,45.0,160.0,30.0,45.0,70.0,Permitted,,,,https://img.pokemondb.net/sprites/sword-shield/icon/onix.png,False,45.0,240.0,mid,False,False,False,False,True,115.0,onix
96,Drowzee,Drowzee,,1,Common,Psychic,,328.0,60.0,48.0,45.0,43.0,90.0,42.0,,,,,https://img.pokemondb.net/sprites/sword-shield/icon/drowzee.png,False,48.0,195.0,slow,True,False,False,False,False,42.4,drowzee
97,Hypno,Hypno,,1,Common,Psychic,,483.0,85.0,73.0,70.0,73.0,115.0,67.0,,,,,https://img.pokemondb.net/sprites/sword-shield/icon/hypno.png,False,73.0,270.0,mid,True,False,False,False,False,41.400000000000006,hypno
98,Krabby,Krabby,,1,Common,Water,,325.0,30.0,105.0,90.0,25.0,25.0,50.0,Permitted,,,,https://img.pokemondb.net/sprites/sword-shield/icon/krabby.png,False,105.0,145.0,mid,True,False,False,False,True,61.0,krabby
99,Kingler Gigantamax,Kingler,Gigantamax,8,,Water,,,,,,,,,Gigantamax Allowed,,,,https://archives.bulbagarden.net/media/upload/3/33/099GiMS8.png,True,,,,True,False,False,False,True,,kingler gigantamax
99,Kingler,Kingler,,1,Common,Water,,475.0,55.0,130.0,115.0,50.0,50.0,75.0,Permitted,9,0,128,https://img.pokemondb.net/sprites/sword-shield/icon/kingler.png,False,130.0,220.0,mid,True,False,False,True,True,61.0,kingler
100,Hisuian Voltorb,Voltorb,Hisuian,1,Common,Electric,Grass,330.0,40.0,30.0,50.0,55.0,55.0,100.0,,,,,https://img.pokemondb.net/s.png,False,55.0,145.0,fast,False,False,False,False,False,54.0,hisuian voltorb
100,Voltorb,Voltorb,,1,Common,Electric,,330.0,40.0,30.0,50.0,55.0,55.0,100.0,,,,,https://img.pokemondb.net/sprites/sword-shield/icon/voltorb.png,False,55.0,145.0,fast,True,False,False,False,False,54.0,voltorb
101,Hisuian Electrode,Electrode,Hisuian,1,Common,Electric,Grass,490.0,60.0,50.0,70.0,80.0,80.0,150.0,,,,,https://img.pokemondb.net/s.png,False,80.0,210.0,elite,False,False,False,False,False,82.0,hisuian electrode
101,Electrode,Electrode,,1,Common,Electric,,490.0,60.0,50.0,70.0,80.0,80.0,150.0,,,,,https://img.pokemondb.net/sprites/sword-shield/icon/electrode.png,False,80.0,210.0,elite,True,False,False,False,False,82.0,electrode
102,Exeggcute,Exeggcute,,1,Common,Grass,Psychic,325.0,60.0,40.0,80.0,60.0,45.0,40.0,Permitted,,,,https://img.pokemondb.net/sprites/sword-shield/icon/exeggcute.png,False,60.0,185.0,slow,False,False,False,False,True,31.0,exeggcute
103,Alolan Exeggutor,Exeggutor,Alolan,7,Common,Grass,Dragon,530.0,95.0,105.0,85.0,125.0,75.0,45.0,,6,0,166,https://img.pokemondb.net/sprites/sword-shield/icon/exeggutor-alolan.png,False,125.0,255.0,slow,False,False,False,True,False,44.0,alolan exeggutor
103,Exeggutor,Exeggutor,,1,Common,Grass,Psychic,530.0,95.0,95.0,85.0,125.0,75.0,55.0,Permitted,3,0,156,https://img.pokemondb.net/sprites/sword-shield/icon/exeggutor.png,False,125.0,255.0,mid,False,False,False,True,True,44.0,exeggutor
104,Cubone,Cubone,,1,Common,Ground,,320.0,50.0,50.0,95.0,40.0,50.0,35.0,Permitted,,,,https://img.pokemondb.net/sprites/sword-shield/icon/cubone.png,False,50.0,195.0,slow,True,False,False,False,True,50.0,cubone
105,Alolan Marowak,Marowak,Alolan,7,Common,Fire,Ghost,425.0,60.0,80.0,110.0,50.0,80.0,45.0,,16,0,121,https://img.pokemondb.net/sprites/sword-shield/icon/marowak-alolan.png,False,80.0,250.0,slow,False,False,False,True,False,47.0,alolan marowak
105,Marowak,Marowak,,1,Common,Ground,,425.0,60.0,80.0,110.0,50.0,80.0,45.0,Permitted,,,,https://img.pokemondb.net/sprites/sword-shield/icon/marowak.png,False,80.0,250.0,slow,True,False,False,False,True,47.0,marowak
106,Hitmonlee,Hitmonlee,,1,Common,Fighting,,455.0,50.0,120.0,53.0,35.0,110.0,87.0,Permitted,,,,https://img.pokemondb.net/sprites/sword-shield/icon/hitmonlee.png,False,120.0,213.0,mid,True,False,False,False,True,53.0,hitmonlee
107,Hitmonchan,Hitmonchan,,1,Common,Fighting,,455.0,50.0,105.0,79.0,35.0,110.0,76.0,Permitted,,,,https://img.pokemondb.net/sprites/sword-shield/icon/hitmonchan.png,False,105.0,239.0,mid,True,False,False,False,True,41.0,hitmonchan
108,Lickitung,Lickitung,,1,Common,Normal,,385.0,90.0,55.0,75.0,60.0,75.0,30.0,Permitted,,,,https://img.pokemondb.net/sprites/sword-shield/icon/lickitung.png,False,60.0,240.0,slow,True,False,False,False,True,31.0,lickitung
109,Koffing,Koffing,,1,Common,Poison,,340.0,40.0,65.0,95.0,60.0,45.0,35.0,Permitted,,,,https://img.pokemondb.net/sprites/sword-shield/icon/koffing.png,False,65.0,180.0,slow,True,False,False,False,True,46.0,koffing
110,Weezing,Weezing,,1,Common,Poison,,490.0,65.0,90.0,120.0,85.0,70.0,60.0,,43,2,36,https://img.pokemondb.net/sprites/sword-shield/icon/weezing.png,False,90.0,255.0,mid,True,False,False,True,False,46.0,weezing
110,Galarian Weezing,Weezing,Galarian,8,Common,Poison,Fairy,490.0,65.0,90.0,120.0,85.0,70.0,60.0,Permitted,8,0,127,https://img.pokemondb.net/sprites/sword-shield/icon/weezing-galarian.png,False,90.0,255.0,mid,False,False,False,True,True,46.0,galarian weezing
111,Rhyhorn,Rhyhorn,,1,Common,Ground,Rock,345.0,80.0,85.0,95.0,30.0,30.0,25.0,Permitted,,,,https://img.pokemondb.net/sprites/sword-shield/icon/rhyhorn.png,False,85.0,205.0,slow,False,False,False,False,True,45.0,rhyhorn
112,Rhydon,Rhydon,,1,Common,Ground,Rock,485.0,105.0,130.0,120.0,45.0,45.0,40.0,Permitted,,,,https://img.pokemondb.net/sprites/sword-shield/icon/rhydon.png,False,130.0,270.0,slow,False,False,False,False,True,59.0,rhydon
113,Chansey,Chansey,,1,Common,Normal,,450.0,250.0,5.0,5.0,35.0,105.0,50.0,Permitted,6,0,76,https://img.pokemondb.net/sprites/sword-shield/icon/chansey.png,False,35.0,360.0,mid,True,False,False,True,True,210.0,chansey
114,Tangela,Tangela,,1,Common,Grass,,435.0,65.0,55.0,115.0,100.0,40.0,60.0,Permitted,,,,https://img.pokemondb.net/sprites/sword-shield/icon/tangela.png,False,100.0,220.0,mid,True,False,False,False,True,51.0,tangela
115,Kangaskhan,Kangaskhan,,1,Common,Normal,,490.0,105.0,95.0,80.0,40.0,80.0,90.0,Permitted,6,0,136,https://img.pokemondb.net/sprites/sword-shield/icon/kangaskhan.png,False,95.0,265.0,fast,True,False,False,True,True,28.0,kangaskhan
115,Mega Kangaskhan,Kangaskhan,Mega,6,Common,Normal,,590.0,105.0,125.0,100.0,60.0,100.0,100.0,Banned,,,,https://img.pokemondb.net/sprites/sword-shield/icon/kangaskhan-mega.png,False,125.0,305.0,fast,True,False,False,False,False,32.0,mega kangaskhan
116,Horsea,Horsea,,1,Common,Water,,295.0,30.0,40.0,70.0,70.0,25.0,60.0,Permitted,,,,https://img.pokemondb.net/sprites/sword-shield/icon/horsea.png,False,70.0,125.0,mid,True,False,False,False,True,31.25,horsea
117,Seadra,Seadra,,1,Common,Water,,440.0,55.0,65.0,95.0,95.0,45.0,85.0,Permitted,,,,https://img.pokemondb.net/sprites/sword-shield/icon/seadra.png,False,95.0,195.0,mid,True,False,False,False,True,32.5,seadra
118,Goldeen,Goldeen,,1,Common,Water,,320.0,45.0,67.0,60.0,35.0,50.0,63.0,Permitted,,,,https://img.pokemondb.net/sprites/sword-shield/icon/goldeen.png,False,67.0,155.0,mid,True,False,False,False,True,16.4,goldeen
119,Seaking,Seaking,,1,Common,Water,,450.0,80.0,92.0,65.0,65.0,80.0,68.0,Permitted,,,,https://img.pokemondb.net/sprites/sword-shield/icon/seaking.png,False,92.0,225.0,mid,True,False,False,False,True,20.400000000000006,seaking
120,Staryu,Staryu,,1,Common,Water,,340.0,30.0,45.0,55.0,70.0,55.0,85.0,Permitted,,,,https://img.pokemondb.net/sprites/sword-shield/icon/staryu.png,False,70.0,140.0,mid,True,False,False,False,True,34.0,staryu
121,Starmie,Starmie,,1,Common,Water,Psychic,520.0,60.0,75.0,85.0,100.0,85.0,115.0,Permitted,,,,https://img.pokemondb.net/sprites/sword-shield/icon/starmie.png,False,100.0,230.0,fast,False,False,False,False,True,34.0,starmie
122,Mime Galarian Mr. Mime,Mr.,Mime Galarian  Mime,8,Common,Ice,Psychic,460.0,50.0,65.0,65.0,90.0,90.0,100.0,,2,0,228,https://img.pokemondb.net/sprites/sword-shield/icon/mr-mime-galarian.png,False,90.0,205.0,fast,False,False,False,True,False,28.0,mime galarian mr mime
122,Mr. Mime,Mr.,Mime,1,Common,Psychic,Fairy,460.0,40.0,45.0,65.0,100.0,120.0,90.0,,,,,https://img.pokemondb.net/sprites/sword-shield/icon/mr-mime.png,False,100.0,225.0,fast,False,False,False,False,False,52.0,mr mime
123,Scyther,Scyther,,1,Common,Bug,Flying,500.0,70.0,110.0,80.0,55.0,80.0,105.0,Permitted,,,,https://img.pokemondb.net/sprites/sword-shield/icon/scyther.png,False,110.0,230.0,fast,False,False,False,False,True,32.0,scyther
124,Jynx,Jynx,,1,Common,Ice,Psychic,455.0,65.0,50.0,35.0,115.0,95.0,95.0,Permitted,,,,https://img.pokemondb.net/sprites/sword-shield/icon/jynx.png,False,115.0,195.0,fast,False,False,False,False,True,47.0,jynx
125,Electabuzz,Electabuzz,,1,Common,Electric,,490.0,65.0,83.0,57.0,95.0,85.0,105.0,Permitted,,,,https://img.pokemondb.net/sprites/sword-shield/icon/electabuzz.png,False,95.0,207.0,fast,True,False,False,False,True,28.0,electabuzz
126,Magmar,Magmar,,1,Common,Fire,,495.0,65.0,95.0,57.0,100.0,85.0,93.0,Permitted,,,,https://img.pokemondb.net/sprites/sword-shield/icon/magmar.png,False,100.0,207.0,fast,True,False,False,False,True,21.0,magmar
127,Mega Pinsir,Pinsir,Mega,6,Common,Bug,Flying,600.0,65.0,155.0,120.0,65.0,90.0,105.0,Banned,,,,https://img.pokemondb.net/sprites/sword-shield/icon/pinsir-mega.png,False,155.0,275.0,fast,False,False,False,False,False,66.0,mega pinsir
127,Pinsir,Pinsir,,1,Common,Bug,,500.0,65.0,125.0,100.0,55.0,70.0,85.0,Permitted,,,,https://img.pokemondb.net/sprites/sword-shield/icon/pinsir.png,False,125.0,235.0,mid,True,False,False,False,True,50.0,pinsir
128,Tauros,Tauros,,1,Common,Normal,,490.0,75.0,100.0,95.0,40.0,70.0,110.0,Permitted,3,0,209,https://img.pokemondb.net/sprites/sword-shield/icon/tauros.png,False,100.0,240.0,fast,True,False,False,True,True,34.0,tauros
129,Magikarp,Magikarp,,1,Common,Water,,200.0,20.0,10.0,55.0,15.0,20.0,80.0,Permitted,,,,https://img.pokemondb.net/sprites/sword-shield/icon/magikarp.png,False,15.0,95.0,mid,True,False,False,False,True,56.0,magikarp
130,Mega Gyarados,Gyarados,Mega,6,Common,Water,Dark,640.0,95.0,155.0,109.0,70.0,130.0,81.0,Banned,,,,https://img.pokemondb.net/sprites/sword-shield/icon/gyarados-mega.png,False,155.0,334.0,mid,False,False,False,False,False,58.0,mega gyarados
130,Gyarados,Gyarados,,1,Common,Water,Flying,540.0,95.0,125.0,79.0,60.0,100.0,81.0,Permitted,15,0,132,https://img.pokemondb.net/sprites/sword-shield/icon/gyarados.png,False,125.0,274.0,mid,False,False,False,True,True,42.0,gyarados
131,Lapras Gigantamax,Lapras,Gigantamax,8,,Water,Ice,,,,,,,,Gigantamax Allowed,,,,https://archives.bulbagarden.net/media/upload/e/ed/131GiMS8.png,True,,,,False,False,False,False,True,,lapras gigantamax
131,Lapras,Lapras,,1,Common,Water,Ice,535.0,130.0,85.0,80.0,85.0,95.0,60.0,Permitted,61,1,59,https://img.pokemondb.net/sprites/sword-shield/icon/lapras.png,False,85.0,305.0,mid,False,False,False,True,True,49.0,lapras
132,Ditto,Ditto,,1,Common,Normal,,288.0,48.0,48.0,48.0,48.0,48.0,48.0,Permitted,74,5,26,https://img.pokemondb.net/sprites/sword-shield/icon/ditto.png,False,48.0,144.0,slow,True,False,False,True,True,0,ditto
133,Partner Eevee,Eevee,Partner,1,Common,Normal,,435.0,65.0,75.0,70.0,65.0,85.0,75.0,,,,,https://img.pokemondb.net/sprites/sword-shield/icon/eevee-lets-go.png,False,75.0,220.0,mid,True,False,False,False,False,15.0,partner eevee
133,Eevee Gigantamax,Eevee,Gigantamax,8,,Normal,,,,,,,,,Gigantamax Allowed,,,,https://archives.bulbagarden.net/media/upload/6/61/133GiMS8.png,True,,,,True,False,False,False,True,,eevee gigantamax
133,Eevee,Eevee,,1,Common,Normal,,325.0,55.0,55.0,50.0,45.0,65.0,55.0,Permitted,,,,https://img.pokemondb.net/sprites/sword-shield/icon/eevee.png,False,55.0,170.0,mid,True,False,False,False,True,13.0,eevee
134,Vaporeon,Vaporeon,,1,Common,Water,,525.0,130.0,65.0,60.0,110.0,95.0,65.0,Permitted,,,,https://img.pokemondb.net/sprites/sword-shield/icon/vaporeon.png,False,110.0,285.0,mid,True,False,False,False,True,51.0,vaporeon
135,Jolteon,Jolteon,,1,Common,Electric,,525.0,65.0,65.0,60.0,110.0,95.0,130.0,Permitted,,,,https://img.pokemondb.net/sprites/sword-shield/icon/jolteon.png,False,110.0,220.0,elite,True,False,False,False,True,51.0,jolteon
136,Flareon,Flareon,,1,Common,Fire,,525.0,65.0,130.0,60.0,95.0,110.0,65.0,Permitted,,,,https://img.pokemondb.net/sprites/sword-shield/icon/flareon.png,False,130.0,235.0,mid,True,False,False,False,True,51.0,flareon
137,Porygon,Porygon,,1,Common,Normal,,395.0,65.0,60.0,70.0,85.0,75.0,40.0,Permitted,,,,https://img.pokemondb.net/sprites/sword-shield/icon/porygon.png,False,85.0,210.0,slow,True,False,False,False,True,23.0,porygon
138,Omanyte,Omanyte,,1,Common,Rock,Water,355.0,35.0,40.0,100.0,90.0,55.0,35.0,Permitted,,,,https://img.pokemondb.net/sprites/sword-shield/icon/omanyte.png,False,90.0,190.0,slow,False,False,False,False,True,49.0,omanyte
139,Omastar,Omastar,,1,Common,Rock,Water,495.0,70.0,60.0,125.0,115.0,70.0,55.0,Permitted,,,,https://img.pokemondb.net/sprites/sword-shield/icon/omastar.png,False,115.0,265.0,mid,False,False,False,False,True,51.0,omastar
140,Kabuto,Kabuto,,1,Common,Rock,Water,355.0,30.0,80.0,90.0,55.0,45.0,55.0,Permitted,,,,https://img.pokemondb.net/sprites/sword-shield/icon/kabuto.png,False,80.0,165.0,mid,False,False,False,False,True,37.0,kabuto
141,Kabutops,Kabutops,,1,Common,Rock,Water,495.0,60.0,115.0,105.0,65.0,70.0,80.0,Permitted,4,0,173,https://img.pokemondb.net/sprites/sword-shield/icon/kabutops.png,False,115.0,235.0,mid,False,False,False,True,True,39.0,kabutops
142,Aerodactyl,Aerodactyl,,1,Common,Rock,Flying,515.0,80.0,105.0,65.0,60.0,75.0,130.0,Permitted,5,0,172,https://img.pokemondb.net/sprites/sword-shield/icon/aerodactyl.png,False,105.0,220.0,elite,False,False,False,True,True,53.0,aerodactyl
142,Mega Aerodactyl,Aerodactyl,Mega,6,Common,Rock,Flying,615.0,80.0,135.0,85.0,70.0,95.0,150.0,Banned,,,,https://img.pokemondb.net/sprites/sword-shield/icon/aerodactyl-mega.png,False,135.0,260.0,elite,False,False,False,False,False,57.0,mega aerodactyl
143,Snorlax Gigantamax,Snorlax,Gigantamax,8,,Normal,,,,,,,,,Gigantamax Allowed,,,,https://archives.bulbagarden.net/media/upload/f/f7/143GiMS8.png,True,,,,True,False,False,False,True,,snorlax gigantamax
143,Snorlax,Snorlax,,1,Common,Normal,,540.0,160.0,110.0,65.0,65.0,110.0,30.0,Permitted,18,0,97,https://img.pokemondb.net/sprites/sword-shield/icon/snorlax.png,False,110.0,335.0,slow,True,False,False,True,True,84.0,snorlax
144,Galarian Articuno,Articuno,Galarian,8,Legendary,Psychic,Flying,580.0,90.0,85.0,85.0,125.0,100.0,95.0,,14,0,117,https://img.pokemondb.net/sprites/sword-shield/icon/articuno-galarian.png,False,125.0,275.0,fast,False,True,False,True,False,34.0,galarian articuno
144,Articuno,Articuno,,1,Legendary,Ice,Flying,580.0,90.0,85.0,100.0,95.0,125.0,85.0,Permitted,4,0,174,https://img.pokemondb.net/sprites/sword-shield/icon/articuno.png,False,95.0,315.0,mid,False,True,False,True,True,34.0,articuno
145,Galarian Zapdos,Zapdos,Galarian,8,Legendary,Fighting,Flying,580.0,90.0,125.0,90.0,85.0,90.0,100.0,,26,0,93,https://img.pokemondb.net/sprites/sword-shield/icon/zapdos-galarian.png,False,125.0,270.0,fast,False,True,False,True,False,34.0,galarian zapdos
145,Zapdos,Zapdos,,1,Legendary,Electric,Flying,580.0,90.0,90.0,85.0,125.0,90.0,100.0,Permitted,168,8,21,https://img.pokemondb.net/sprites/sword-shield/icon/zapdos.png,False,125.0,265.0,fast,False,True,False,True,True,34.0,zapdos
146,Galarian Moltres,Moltres,Galarian,8,Legendary,Dark,Flying,580.0,90.0,85.0,90.0,100.0,125.0,90.0,,35,0,100,https://img.pokemondb.net/sprites/sword-shield/icon/moltres-galarian.png,False,100.0,305.0,fast,False,True,False,True,False,34.0,galarian moltres
146,Moltres,Moltres,,1,Legendary,Fire,Flying,580.0,90.0,100.0,90.0,125.0,85.0,90.0,Permitted,3,0,137,https://img.pokemondb.net/sprites/sword-shield/icon/moltres.png,False,125.0,265.0,fast,False,True,False,True,True,34.0,moltres
147,Dratini,Dratini,,1,Common,Dragon,,300.0,41.0,64.0,45.0,50.0,50.0,50.0,Permitted,,,,https://img.pokemondb.net/sprites/sword-shield/icon/dratini.png,False,64.0,136.0,mid,True,False,False,False,True,16.799999999999997,dratini
148,Dragonair,Dragonair,,1,Common,Dragon,,420.0,61.0,84.0,65.0,70.0,70.0,70.0,Permitted,,,,https://img.pokemondb.net/sprites/sword-shield/icon/dragonair.png,False,84.0,196.0,mid,True,False,False,False,True,16.799999999999997,dragonair
149,Dragonite,Dragonite,,1,Common,Dragon,Flying,600.0,91.0,134.0,95.0,100.0,100.0,80.0,Permitted,10,0,167,https://img.pokemondb.net/sprites/sword-shield/icon/dragonite.png,False,134.0,286.0,mid,False,False,False,True,True,40.8,dragonite
150,Mega Mewtwo Y,Mewtwo,Mega  Y,6,Legendary,Psychic,,780.0,106.0,150.0,70.0,194.0,120.0,140.0,Banned,,,,https://img.pokemondb.net/sprites/sword-shield/icon/mewtwo-mega-y.png,False,194.0,296.0,elite,True,True,False,False,False,76.8,mega mewtwo y
150,Mega Mewtwo X,Mewtwo,Mega  X,6,Legendary,Psychic,Fighting,780.0,106.0,190.0,100.0,154.0,100.0,130.0,Banned,,,,https://img.pokemondb.net/sprites/sword-shield/icon/mewtwo-mega-x.png,False,190.0,306.0,elite,False,True,False,False,False,72.0,mega mewtwo x
150,Mewtwo,Mewtwo,,1,Legendary,Psychic,,680.0,106.0,110.0,90.0,154.0,90.0,130.0,Restricted (players can include two Restricted Pokémon in their team),15,0,103,https://img.pokemondb.net/sprites/sword-shield/icon/mewtwo.png,False,154.0,286.0,elite,True,True,False,True,True,48.8,mewtwo
151,Mew,Mew,,1,Mythical,Psychic,,600.0,100.0,100.0,100.0,100.0,100.0,100.0,Banned,,,,https://img.pokemondb.net/sprites/sword-shield/icon/mew.png,False,100.0,300.0,fast,True,False,True,False,False,0,mew
152,Chikorita,Chikorita,,2,Common,Grass,,318.0,45.0,49.0,65.0,49.0,65.0,45.0,,,,,https://img.pokemondb.net/sprites/sword-shield/icon/chikorita.png,False,49.0,175.0,slow,True,False,False,False,False,18.0,chikorita
153,Bayleef,Bayleef,,2,Common,Grass,,405.0,60.0,62.0,80.0,63.0,80.0,60.0,,,,,https://img.pokemondb.net/sprites/sword-shield/icon/bayleef.png,False,63.0,220.0,mid,True,False,False,False,False,18.75,bayleef
154,Meganium,Meganium,,2,Common,Grass,,525.0,80.0,82.0,100.0,83.0,100.0,80.0,,,,,https://img.pokemondb.net/sprites/sword-shield/icon/meganium.png,False,83.0,280.0,mid,True,False,False,False,False,18.75,meganium
155,Cyndaquil,Cyndaquil,,2,Common,Fire,,309.0,39.0,52.0,43.0,60.0,50.0,65.0,,,,,https://img.pokemondb.net/sprites/sword-shield/icon/cyndaquil.png,False,60.0,132.0,mid,True,False,False,False,False,16.200000000000003,cyndaquil
156,Quilava,Quilava,,2,Common,Fire,,405.0,58.0,64.0,58.0,80.0,65.0,80.0,,,,,https://img.pokemondb.net/sprites/sword-shield/icon/quilava.png,False,80.0,181.0,mid,True,False,False,False,False,18.75,quilava
157,Hisuian Typhlosion,Typhlosion,Hisuian,2,Common,Fire,Ghost,534.0,73.0,84.0,78.0,119.0,85.0,95.0,,,,,https://img.pokemondb.net/s.png,False,119.0,236.0,fast,False,False,False,False,False,36.0,hisuian typhlosion
157,Typhlosion,Typhlosion,,2,Common,Fire,,534.0,78.0,84.0,78.0,109.0,85.0,100.0,,,,,https://img.pokemondb.net/sprites/sword-shield/icon/typhlosion.png,False,109.0,241.0,fast,True,False,False,False,False,24.0,typhlosion
158,Totodile,Totodile,,2,Common,Water,,314.0,50.0,65.0,64.0,44.0,48.0,43.0,,,,,https://img.pokemondb.net/sprites/sword-shield/icon/totodile.png,False,65.0,162.0,slow,True,False,False,False,False,15.200000000000003,totodile
159,Croconaw,Croconaw,,2,Common,Water,,405.0,65.0,80.0,80.0,59.0,63.0,58.0,,,,,https://img.pokemondb.net/sprites/sword-shield/icon/croconaw.png,False,80.0,208.0,mid,True,False,False,False,False,18.75,croconaw
160,Feraligatr,Feraligatr,,2,Common,Water,,530.0,85.0,105.0,100.0,79.0,83.0,78.0,,,,,https://img.pokemondb.net/sprites/sword-shield/icon/feraligatr.png,False,105.0,268.0,mid,True,False,False,False,False,20.0,feraligatr
161,Sentret,Sentret,,2,Common,Normal,,215.0,35.0,46.0,34.0,35.0,45.0,20.0,,,,,https://img.pokemondb.net/sprites/sword-shield/icon/sentret.png,False,46.0,114.0,slow,True,False,False,False,False,12.200000000000003,sentret
162,Furret,Furret,,2,Common,Normal,,415.0,85.0,76.0,64.0,45.0,55.0,90.0,,,,,https://img.pokemondb.net/sprites/sword-shield/icon/furret.png,False,76.0,204.0,fast,True,False,False,False,False,25.0,furret
163,Hoothoot,Hoothoot,,2,Common,Normal,Flying,262.0,60.0,30.0,30.0,36.0,56.0,50.0,Permitted,,,,https://img.pokemondb.net/sprites/sword-shield/icon/hoothoot.png,False,36.0,146.0,mid,False,False,False,False,True,19.6,hoothoot
164,Noctowl,Noctowl,,2,Common,Normal,Flying,452.0,100.0,50.0,50.0,86.0,96.0,70.0,Permitted,,,,https://img.pokemondb.net/sprites/sword-shield/icon/noctowl.png,False,86.0,246.0,mid,False,False,False,False,True,29.599999999999994,noctowl
165,Ledyba,Ledyba,,2,Common,Bug,Flying,265.0,40.0,20.0,30.0,40.0,80.0,55.0,,,,,https://img.pokemondb.net/sprites/sword-shield/icon/ledyba.png,False,40.0,150.0,mid,False,False,False,False,False,43.0,ledyba
166,Ledian,Ledian,,2,Common,Bug,Flying,390.0,55.0,35.0,50.0,55.0,110.0,85.0,,,,,https://img.pokemondb.net/sprites/sword-shield/icon/ledian.png,False,55.0,215.0,mid,False,False,False,False,False,54.0,ledian
167,Spinarak,Spinarak,,2,Common,Bug,Poison,250.0,40.0,60.0,40.0,40.0,40.0,30.0,,,,,https://img.pokemondb.net/sprites/sword-shield/icon/spinarak.png,False,60.0,120.0,slow,False,False,False,False,False,22.0,spinarak
168,Ariados,Ariados,,2,Common,Bug,Poison,400.0,70.0,90.0,70.0,60.0,70.0,40.0,,,,,https://img.pokemondb.net/sprites/sword-shield/icon/ariados.png,False,90.0,210.0,slow,False,False,False,False,False,28.0,ariados
169,Crobat,Crobat,,2,Common,Poison,Flying,535.0,85.0,90.0,80.0,70.0,80.0,130.0,Permitted,5,0,219,https://img.pokemondb.net/sprites/sword-shield/icon/crobat.png,False,90.0,245.0,elite,False,False,False,True,True,49.0,crobat
170,Chinchou,Chinchou,,2,Common,Water,Electric,330.0,75.0,38.0,38.0,56.0,56.0,67.0,Permitted,,,,https://img.pokemondb.net/sprites/sword-shield/icon/chinchou.png,False,56.0,169.0,mid,False,False,False,False,True,24.0,chinchou
171,Lanturn,Lanturn,,2,Common,Water,Electric,460.0,125.0,58.0,58.0,76.0,76.0,67.0,Permitted,,,,https://img.pokemondb.net/sprites/sword-shield/icon/lanturn.png,False,76.0,259.0,mid,False,False,False,False,True,58.0,lanturn
172,Pichu,Pichu,,2,Baby,Electric,,205.0,20.0,40.0,15.0,35.0,35.0,60.0,Permitted,,,,https://img.pokemondb.net/sprites/sword-shield/icon/pichu.png,False,40.0,70.0,mid,True,False,False,False,True,31.0,pichu
173,Cleffa,Cleffa,,2,Baby,Fairy,,218.0,50.0,25.0,28.0,45.0,55.0,15.0,Permitted,,,,https://img.pokemondb.net/sprites/sword-shield/icon/cleffa.png,False,45.0,133.0,slow,True,False,False,False,True,22.4,cleffa
174,Igglybuff,Igglybuff,,2,Baby,Normal,Fairy,210.0,90.0,30.0,15.0,40.0,20.0,15.0,Permitted,,,,https://img.pokemondb.net/sprites/sword-shield/icon/igglybuff.png,False,40.0,125.0,slow,False,False,False,False,True,66.0,igglybuff
175,Togepi,Togepi,,2,Baby,Fairy,,245.0,35.0,20.0,65.0,40.0,65.0,20.0,Permitted,,,,https://img.pokemondb.net/sprites/sword-shield/icon/togepi.png,False,40.0,165.0,slow,True,False,False,False,True,36.25,togepi
176,Togetic,Togetic,,2,Common,Fairy,Flying,405.0,55.0,40.0,85.0,80.0,105.0,40.0,Permitted,,,,https://img.pokemondb.net/sprites/sword-shield/icon/togetic.png,False,80.0,245.0,slow,False,False,False,False,True,45.0,togetic
177,Natu,Natu,,2,Common,Psychic,Flying,320.0,40.0,50.0,45.0,70.0,45.0,70.0,Permitted,,,,https://img.pokemondb.net/sprites/sword-shield/icon/natu.png,False,70.0,130.0,mid,False,False,False,False,True,25.0,natu
178,Xatu,Xatu,,2,Common,Psychic,Flying,470.0,65.0,75.0,70.0,95.0,70.0,95.0,Permitted,,,,https://img.pokemondb.net/sprites/sword-shield/icon/xatu.png,False,95.0,205.0,fast,False,False,False,False,True,25.0,xatu
179,Mareep,Mareep,,2,Common,Electric,,280.0,55.0,40.0,40.0,65.0,45.0,35.0,,,,,https://img.pokemondb.net/sprites/sword-shield/icon/mareep.png,False,65.0,140.0,slow,True,False,False,False,False,22.0,mareep
180,Flaaffy,Flaaffy,,2,Common,Electric,,365.0,70.0,55.0,55.0,80.0,60.0,45.0,,,,,https://img.pokemondb.net/sprites/sword-shield/icon/flaaffy.png,False,80.0,185.0,slow,True,False,False,False,False,23.0,flaaffy
181,Ampharos,Ampharos,,2,Common,Electric,,510.0,90.0,75.0,85.0,115.0,90.0,55.0,,,,,https://img.pokemondb.net/sprites/sword-shield/icon/ampharos.png,False,115.0,265.0,mid,True,False,False,False,False,36.0,ampharos
181,Mega Ampharos,Ampharos,Mega,6,Common,Electric,Dragon,610.0,90.0,95.0,105.0,165.0,110.0,45.0,Banned,,,,https://img.pokemondb.net/sprites/sword-shield/icon/ampharos-mega.png,False,165.0,305.0,slow,False,False,False,False,False,76.0,mega ampharos
182,Bellossom,Bellossom,,2,Common,Grass,,490.0,75.0,80.0,95.0,90.0,100.0,50.0,Permitted,,,,https://img.pokemondb.net/sprites/sword-shield/icon/bellossom.png,False,90.0,270.0,mid,True,False,False,False,True,22.0,bellossom
183,Marill,Marill,,2,Common,Water,Fairy,250.0,70.0,20.0,50.0,20.0,50.0,40.0,Permitted,,,,https://img.pokemondb.net/sprites/sword-shield/icon/marill.png,False,20.0,170.0,slow,False,False,False,False,True,34.0,marill
184,Azumarill,Azumarill,,2,Common,Water,Fairy,420.0,100.0,50.0,80.0,60.0,80.0,50.0,Permitted,9,0,115,https://img.pokemondb.net/sprites/sword-shield/icon/azumarill.png,False,60.0,260.0,mid,False,False,False,True,True,36.0,azumarill
185,Sudowoodo,Sudowoodo,,2,Common,Rock,,410.0,70.0,100.0,115.0,30.0,65.0,30.0,Permitted,,,,https://img.pokemondb.net/sprites/sword-shield/icon/sudowoodo.png,False,100.0,250.0,slow,True,False,False,False,True,56.0,sudowoodo
186,Politoed,Politoed,,2,Common,Water,,500.0,90.0,75.0,75.0,90.0,100.0,70.0,Permitted,7,0,111,https://img.pokemondb.net/sprites/sword-shield/icon/politoed.png,False,90.0,265.0,mid,True,False,False,True,True,20.0,politoed
187,Hoppip,Hoppip,,2,Common,Grass,Flying,250.0,35.0,35.0,40.0,35.0,55.0,50.0,,,,,https://img.pokemondb.net/sprites/sword-shield/icon/hoppip.png,False,35.0,130.0,mid,False,False,False,False,False,16.0,hoppip
188,Skiploom,Skiploom,,2,Common,Grass,Flying,340.0,55.0,45.0,50.0,45.0,65.0,80.0,,,,,https://img.pokemondb.net/sprites/sword-shield/icon/skiploom.png,False,45.0,170.0,mid,False,False,False,False,False,28.0,skiploom
189,Jumpluff,Jumpluff,,2,Common,Grass,Flying,460.0,75.0,55.0,70.0,55.0,95.0,110.0,,,,,https://img.pokemondb.net/sprites/sword-shield/icon/jumpluff.png,False,55.0,240.0,fast,False,False,False,False,False,40.0,jumpluff
190,Aipom,Aipom,,2,Common,Normal,,360.0,55.0,70.0,55.0,40.0,55.0,85.0,,,,,https://img.pokemondb.net/sprites/sword-shield/icon/aipom.png,False,70.0,165.0,mid,True,False,False,False,False,30.0,aipom
191,Sunkern,Sunkern,,2,Common,Grass,,180.0,30.0,30.0,30.0,30.0,30.0,30.0,,,,,https://img.pokemondb.net/sprites/sword-shield/icon/sunkern.png,False,30.0,90.0,slow,True,False,False,False,False,0,sunkern
192,Sunflora,Sunflora,,2,Common,Grass,,425.0,75.0,75.0,55.0,105.0,85.0,30.0,,,,,https://img.pokemondb.net/sprites/sword-shield/icon/sunflora.png,False,105.0,215.0,slow,True,False,False,False,False,41.0,sunflora
193,Yanma,Yanma,,2,Common,Bug,Flying,390.0,65.0,65.0,45.0,75.0,45.0,95.0,,,,,https://img.pokemondb.net/sprites/sword-shield/icon/yanma.png,False,75.0,155.0,fast,False,False,False,False,False,36.0,yanma
194,Wooper,Wooper,,2,Common,Water,Ground,210.0,55.0,45.0,45.0,25.0,25.0,15.0,Permitted,,,,https://img.pokemondb.net/sprites/sword-shield/icon/wooper.png,False,45.0,125.0,slow,False,False,False,False,True,24.0,wooper
195,Quagsire,Quagsire,,2,Common,Water,Ground,430.0,95.0,85.0,85.0,65.0,65.0,35.0,Permitted,,,,https://img.pokemondb.net/sprites/sword-shield/icon/quagsire.png,False,85.0,245.0,slow,False,False,False,False,True,28.0,quagsire
196,Espeon,Espeon,,2,Common,Psychic,,525.0,65.0,65.0,60.0,130.0,95.0,110.0,Permitted,3,0,218,https://img.pokemondb.net/sprites/sword-shield/icon/espeon.png,False,130.0,220.0,fast,True,False,False,True,True,51.0,espeon
197,Umbreon,Umbreon,,2,Common,Dark,,525.0,95.0,65.0,110.0,60.0,130.0,65.0,Permitted,35,1,56,https://img.pokemondb.net/sprites/sword-shield/icon/umbreon.png,False,65.0,335.0,mid,True,False,False,True,True,51.0,umbreon
198,Murkrow,Murkrow,,2,Common,Dark,Flying,405.0,60.0,85.0,42.0,85.0,42.0,91.0,,,,,https://img.pokemondb.net/sprites/sword-shield/icon/murkrow.png,False,85.0,144.0,fast,False,False,False,False,False,28.200000000000003,murkrow
199,Slowking,Slowking,,2,Common,Water,Psychic,490.0,95.0,75.0,80.0,100.0,110.0,30.0,Permitted,2,0,113,https://img.pokemondb.net/sprites/sword-shield/icon/slowking.png,False,100.0,285.0,slow,False,False,False,True,True,34.0,slowking
199,Galarian Slowking,Slowking,Galarian,8,Common,Poison,Psychic,490.0,95.0,65.0,80.0,110.0,110.0,30.0,,,,,https://img.pokemondb.net/sprites/sword-shield/icon/slowking-galarian.png,False,110.0,285.0,slow,False,False,False,False,False,42.5,galarian slowking
200,Misdreavus,Misdreavus,,2,Common,Ghost,,435.0,60.0,60.0,60.0,85.0,85.0,85.0,,,,,https://img.pokemondb.net/sprites/sword-shield/icon/misdreavus.png,False,85.0,205.0,mid,True,False,False,False,False,25.0,misdreavus
201,Unown,Unown,,2,Common,Psychic,,336.0,48.0,72.0,48.0,72.0,48.0,48.0,,,,,https://img.pokemondb.net/sprites/sword-shield/icon/unown.png,False,72.0,144.0,slow,True,False,False,False,False,24.0,unown
202,Wobbuffet,Wobbuffet,,2,Common,Psychic,,405.0,190.0,33.0,58.0,33.0,58.0,33.0,Permitted,,,,https://img.pokemondb.net/sprites/sword-shield/icon/wobbuffet.png,False,33.0,306.0,slow,True,False,False,False,True,147.0,wobbuffet
203,Girafarig,Girafarig,,2,Common,Normal,Psychic,455.0,70.0,80.0,65.0,90.0,65.0,85.0,,,,,https://img.pokemondb.net/sprites/sword-shield/icon/girafarig.png,False,90.0,200.0,mid,False,False,False,False,False,17.0,girafarig
204,Pineco,Pineco,,2,Common,Bug,,290.0,50.0,65.0,90.0,35.0,35.0,15.0,,,,,https://img.pokemondb.net/sprites/sword-shield/icon/pineco.png,False,65.0,175.0,slow,True,False,False,False,False,50.0,pineco
205,Forretress,Forretress,,2,Common,Bug,Steel,465.0,75.0,90.0,140.0,60.0,60.0,40.0,,,,,https://img.pokemondb.net/sprites/sword-shield/icon/forretress.png,False,90.0,275.0,slow,False,False,False,False,False,75.0,forretress
206,Dunsparce,Dunsparce,,2,Common,Normal,,415.0,100.0,70.0,70.0,65.0,65.0,45.0,Permitted,,,,https://img.pokemondb.net/sprites/sword-shield/icon/dunsparce.png,False,70.0,235.0,slow,True,False,False,False,True,37.0,dunsparce
207,Gligar,Gligar,,2,Common,Ground,Flying,430.0,65.0,75.0,105.0,35.0,65.0,85.0,,,,,https://img.pokemondb.net/sprites/sword-shield/icon/gligar.png,False,75.0,235.0,mid,False,False,False,False,False,40.0,gligar
208,Steelix,Steelix,,2,Common,Steel,Ground,510.0,75.0,85.0,200.0,55.0,65.0,30.0,Permitted,,,,https://img.pokemondb.net/sprites/sword-shield/icon/steelix.png,False,85.0,340.0,slow,False,False,False,False,True,138.0,steelix
208,Mega Steelix,Steelix,Mega,6,Common,Steel,Ground,610.0,75.0,125.0,230.0,55.0,95.0,30.0,Banned,,,,https://img.pokemondb.net/sprites/sword-shield/icon/steelix-mega.png,False,125.0,400.0,slow,False,False,False,False,False,154.0,mega steelix
209,Snubbull,Snubbull,,2,Common,Fairy,,300.0,60.0,80.0,50.0,40.0,40.0,30.0,,,,,https://img.pokemondb.net/sprites/sword-shield/icon/snubbull.png,False,80.0,150.0,slow,True,False,False,False,False,36.0,snubbull
210,Granbull,Granbull,,2,Common,Fairy,,450.0,90.0,120.0,75.0,60.0,60.0,45.0,,,,,https://img.pokemondb.net/sprites/sword-shield/icon/granbull.png,False,120.0,225.0,slow,True,False,False,False,False,54.0,granbull
211,Hisuian Qwilfish,Qwilfish,Hisuian,2,Common,Dark,Poison,440.0,65.0,95.0,85.0,55.0,55.0,85.0,,,,,https://img.pokemondb.net/s.png,False,95.0,205.0,mid,False,False,False,False,False,26.0,hisuian qwilfish
211,Qwilfish,Qwilfish,,2,Common,Water,Poison,440.0,65.0,95.0,85.0,55.0,55.0,85.0,Permitted,,,,https://img.pokemondb.net/sprites/sword-shield/icon/qwilfish.png,False,95.0,205.0,mid,False,False,False,False,True,26.0,qwilfish
212,Mega Scizor,Scizor,Mega,6,Common,Bug,Steel,600.0,70.0,150.0,140.0,65.0,100.0,75.0,Banned,,,,https://img.pokemondb.net/sprites/sword-shield/icon/scizor-mega.png,False,150.0,310.0,mid,False,False,False,False,False,60.0,mega scizor
212,Scizor,Scizor,,2,Common,Bug,Steel,500.0,70.0,130.0,100.0,55.0,80.0,65.0,Permitted,7,0,116,https://img.pokemondb.net/sprites/sword-shield/icon/scizor.png,False,130.0,250.0,mid,False,False,False,True,True,56.0,scizor
213,Shuckle,Shuckle,,2,Common,Bug,Rock,505.0,20.0,10.0,230.0,10.0,230.0,5.0,Permitted,7,0,92,https://img.pokemondb.net/sprites/sword-shield/icon/shuckle.png,False,10.0,480.0,slow,False,False,False,True,True,218.75,shuckle
214,Heracross,Heracross,,2,Common,Bug,Fighting,500.0,80.0,125.0,75.0,40.0,95.0,85.0,Permitted,,,,https://img.pokemondb.net/sprites/sword-shield/icon/heracross.png,False,125.0,250.0,mid,False,False,False,False,True,50.0,heracross
214,Mega Heracross,Heracross,Mega,6,Common,Bug,Fighting,600.0,80.0,185.0,115.0,40.0,105.0,75.0,Banned,,,,https://img.pokemondb.net/sprites/sword-shield/icon/heracross-mega.png,False,185.0,300.0,mid,False,False,False,False,False,102.0,mega heracross
215,Hisuian Sneasel,Sneasel,Hisuian,2,Common,Poison,Fighting,430.0,55.0,95.0,55.0,35.0,75.0,115.0,,,,,https://img.pokemondb.net/s.png,False,95.0,185.0,fast,False,False,False,False,False,52.0,hisuian sneasel
215,Sneasel,Sneasel,,2,Common,Dark,Ice,430.0,55.0,95.0,55.0,35.0,75.0,115.0,Permitted,3,0,108,https://img.pokemondb.net/sprites/sword-shield/icon/sneasel.png,False,95.0,185.0,fast,False,False,False,True,True,52.0,sneasel
216,Teddiursa,Teddiursa,,2,Common,Normal,,330.0,60.0,80.0,50.0,50.0,50.0,40.0,,,,,https://img.pokemondb.net/sprites/sword-shield/icon/teddiursa.png,False,80.0,160.0,slow,True,False,False,False,False,30.0,teddiursa
217,Ursaring,Ursaring,,2,Common,Normal,,500.0,90.0,130.0,75.0,75.0,75.0,55.0,,,,,https://img.pokemondb.net/sprites/sword-shield/icon/ursaring.png,False,130.0,240.0,mid,True,False,False,False,False,56.0,ursaring
218,Slugma,Slugma,,2,Common,Fire,,250.0,40.0,40.0,40.0,70.0,40.0,20.0,,,,,https://img.pokemondb.net/sprites/sword-shield/icon/slugma.png,False,70.0,120.0,slow,True,False,False,False,False,34.0,slugma
219,Magcargo,Magcargo,,2,Common,Fire,Rock,430.0,60.0,50.0,120.0,90.0,80.0,30.0,,,,,https://img.pokemondb.net/sprites/sword-shield/icon/magcargo.png,False,90.0,260.0,slow,False,False,False,False,False,58.0,magcargo
220,Swinub,Swinub,,2,Common,Ice,Ground,250.0,50.0,50.0,40.0,30.0,30.0,50.0,Permitted,,,,https://img.pokemondb.net/sprites/sword-shield/icon/swinub.png,False,50.0,120.0,mid,False,False,False,False,True,16.666666666666664,swinub
221,Piloswine,Piloswine,,2,Common,Ice,Ground,450.0,100.0,100.0,80.0,60.0,60.0,50.0,Permitted,,,,https://img.pokemondb.net/sprites/sword-shield/icon/piloswine.png,False,100.0,240.0,mid,False,False,False,False,True,37.5,piloswine
222,Corsola,Corsola,,2,Common,Water,Rock,410.0,65.0,55.0,95.0,65.0,95.0,35.0,,,,,https://img.pokemondb.net/sprites/sword-shield/icon/corsola.png,False,65.0,255.0,slow,False,False,False,False,False,40.0,corsola
222,Galarian Corsola,Corsola,Galarian,8,Common,Ghost,,410.0,60.0,55.0,100.0,65.0,100.0,30.0,Permitted,,,,https://img.pokemondb.net/sprites/sword-shield/icon/corsola-galarian.png,False,65.0,260.0,slow,True,False,False,False,True,47.5,galarian corsola
223,Remoraid,Remoraid,,2,Common,Water,,300.0,35.0,65.0,35.0,65.0,35.0,65.0,Permitted,,,,https://img.pokemondb.net/sprites/sword-shield/icon/remoraid.png,False,65.0,105.0,mid,True,False,False,False,True,30.0,remoraid
224,Octillery,Octillery,,2,Common,Water,,480.0,75.0,105.0,75.0,105.0,75.0,45.0,Permitted,,,,https://img.pokemondb.net/sprites/sword-shield/icon/octillery.png,False,105.0,225.0,slow,True,False,False,False,True,37.5,octillery
225,Delibird,Delibird,,2,Common,Ice,Flying,330.0,45.0,55.0,45.0,65.0,45.0,75.0,Permitted,,,,https://img.pokemondb.net/sprites/sword-shield/icon/delibird.png,False,65.0,135.0,mid,False,False,False,False,True,24.0,delibird
226,Mantine,Mantine,,2,Common,Water,Flying,485.0,85.0,40.0,70.0,80.0,140.0,70.0,Permitted,3,0,203,https://img.pokemondb.net/sprites/sword-shield/icon/mantine.png,False,80.0,295.0,mid,False,False,False,True,True,71.0,mantine
227,Skarmory,Skarmory,,2,Common,Steel,Flying,465.0,65.0,80.0,140.0,40.0,70.0,70.0,Permitted,,,,https://img.pokemondb.net/sprites/sword-shield/icon/skarmory.png,False,80.0,275.0,mid,False,False,False,False,True,75.0,skarmory
228,Houndour,Houndour,,2,Common,Dark,Fire,330.0,45.0,60.0,30.0,80.0,50.0,65.0,,,,,https://img.pokemondb.net/sprites/sword-shield/icon/houndour.png,False,80.0,125.0,mid,False,False,False,False,False,30.0,houndour
229,Houndoom,Houndoom,,2,Common,Dark,Fire,500.0,75.0,90.0,50.0,110.0,80.0,95.0,,,,,https://img.pokemondb.net/sprites/sword-shield/icon/houndoom.png,False,110.0,205.0,fast,False,False,False,False,False,32.0,houndoom
229,Mega Houndoom,Houndoom,Mega,6,Common,Dark,Fire,600.0,75.0,90.0,90.0,140.0,90.0,115.0,Banned,,,,https://img.pokemondb.net/sprites/sword-shield/icon/houndoom-mega.png,False,140.0,255.0,fast,False,False,False,False,False,48.0,mega houndoom
230,Kingdra,Kingdra,,2,Common,Water,Dragon,540.0,75.0,95.0,95.0,95.0,95.0,85.0,Permitted,37,3,34,https://img.pokemondb.net/sprites/sword-shield/icon/kingdra.png,False,95.0,265.0,mid,False,False,False,True,True,15.0,kingdra
231,Phanpy,Phanpy,,2,Common,Ground,,330.0,90.0,60.0,60.0,40.0,40.0,40.0,,,,,https://img.pokemondb.net/sprites/sword-shield/icon/phanpy.png,False,60.0,190.0,slow,True,False,False,False,False,42.0,phanpy
232,Donphan,Donphan,,2,Common,Ground,,500.0,90.0,120.0,120.0,60.0,60.0,50.0,,,,,https://img.pokemondb.net/sprites/sword-shield/icon/donphan.png,False,120.0,270.0,mid,True,False,False,False,False,55.0,donphan
233,Porygon2,Porygon2,,2,Common,Normal,,515.0,85.0,80.0,90.0,105.0,95.0,60.0,Permitted,117,9,19,https://img.pokemondb.net/sprites/sword-shield/icon/porygon2.png,False,105.0,270.0,mid,True,False,False,True,True,23.0,porygon2
234,Stantler,Stantler,,2,Common,Normal,,465.0,73.0,95.0,62.0,85.0,65.0,85.0,,,,,https://img.pokemondb.net/sprites/sword-shield/icon/stantler.png,False,95.0,200.0,mid,True,False,False,False,False,21.0,stantler
235,Smeargle,Smeargle,,2,Common,Normal,,250.0,55.0,20.0,35.0,20.0,45.0,75.0,,,,,https://img.pokemondb.net/sprites/sword-shield/icon/smeargle.png,False,20.0,135.0,mid,True,False,False,False,False,40.0,smeargle
236,Tyrogue,Tyrogue,,2,Baby,Fighting,,210.0,35.0,35.0,35.0,35.0,35.0,35.0,Permitted,,,,https://img.pokemondb.net/sprites/sword-shield/icon/tyrogue.png,False,35.0,105.0,slow,True,False,False,False,True,0,tyrogue
237,Hitmontop,Hitmontop,,2,Common,Fighting,,455.0,50.0,95.0,95.0,35.0,110.0,70.0,Permitted,27,0,89,https://img.pokemondb.net/sprites/sword-shield/icon/hitmontop.png,False,95.0,255.0,mid,True,False,False,True,True,41.0,hitmontop
238,Smoochum,Smoochum,,2,Baby,Ice,Psychic,305.0,45.0,30.0,15.0,85.0,65.0,65.0,Permitted,,,,https://img.pokemondb.net/sprites/sword-shield/icon/smoochum.png,False,85.0,125.0,mid,False,False,False,False,True,41.0,smoochum
239,Elekid,Elekid,,2,Baby,Electric,,360.0,45.0,63.0,37.0,65.0,55.0,95.0,Permitted,,,,https://img.pokemondb.net/sprites/sword-shield/icon/elekid.png,False,65.0,137.0,fast,True,False,False,False,True,42.0,elekid
240,Magby,Magby,,2,Baby,Fire,,365.0,45.0,75.0,37.0,70.0,55.0,83.0,Permitted,,,,https://img.pokemondb.net/sprites/sword-shield/icon/magby.png,False,75.0,137.0,mid,True,False,False,False,True,26.6,magby
241,Miltank,Miltank,,2,Common,Normal,,490.0,95.0,80.0,105.0,40.0,70.0,100.0,Permitted,,,,https://img.pokemondb.net/sprites/sword-shield/icon/miltank.png,False,80.0,270.0,fast,True,False,False,False,True,28.0,miltank
242,Blissey,Blissey,,2,Common,Normal,,540.0,255.0,10.0,10.0,75.0,135.0,55.0,Permitted,3,0,223,https://img.pokemondb.net/sprites/sword-shield/icon/blissey.png,False,75.0,400.0,mid,True,False,False,True,True,198.0,blissey
243,Raikou,Raikou,,2,Legendary,Electric,,580.0,90.0,85.0,75.0,115.0,100.0,115.0,Permitted,7,0,125,https://img.pokemondb.net/sprites/sword-shield/icon/raikou.png,False,115.0,265.0,fast,True,True,False,True,True,27.5,raikou
244,Entei,Entei,,2,Legendary,Fire,,580.0,115.0,115.0,85.0,90.0,75.0,100.0,Permitted,50,2,37,https://img.pokemondb.net/sprites/sword-shield/icon/entei.png,False,115.0,275.0,fast,True,True,False,True,True,27.5,entei
245,Suicune,Suicune,,2,Legendary,Water,,580.0,100.0,75.0,115.0,90.0,115.0,85.0,Permitted,28,0,77,https://img.pokemondb.net/sprites/sword-shield/icon/suicune.png,False,90.0,330.0,mid,True,True,False,True,True,27.5,suicune
246,Larvitar,Larvitar,,2,Common,Rock,Ground,300.0,50.0,64.0,50.0,45.0,50.0,41.0,Permitted,,,,https://img.pokemondb.net/sprites/sword-shield/icon/larvitar.png,False,64.0,150.0,slow,False,False,False,False,True,16.799999999999997,larvitar
247,Pupitar,Pupitar,,2,Common,Rock,Ground,410.0,70.0,84.0,70.0,65.0,70.0,51.0,Permitted,,,,https://img.pokemondb.net/sprites/sword-shield/icon/pupitar.png,False,84.0,210.0,mid,False,False,False,False,True,18.799999999999997,pupitar
248,Mega Tyranitar,Tyranitar,Mega,6,Common,Rock,Dark,700.0,100.0,164.0,150.0,95.0,120.0,71.0,Banned,,,,https://img.pokemondb.net/sprites/sword-shield/icon/tyranitar-mega.png,False,164.0,370.0,mid,False,False,False,False,False,56.8,mega tyranitar
248,Tyranitar,Tyranitar,,2,Common,Rock,Dark,600.0,100.0,134.0,110.0,95.0,100.0,61.0,Permitted,24,0,118,https://img.pokemondb.net/sprites/sword-shield/icon/tyranitar.png,False,134.0,310.0,mid,False,False,False,True,True,40.8,tyranitar
249,Lugia,Lugia,,2,Legendary,Psychic,Flying,680.0,106.0,90.0,130.0,90.0,154.0,110.0,Restricted (players can include two Restricted Pokémon in their team),27,0,75,https://img.pokemondb.net/sprites/sword-shield/icon/lugia.png,False,90.0,390.0,fast,False,True,False,True,True,48.8,lugia
250,Ho-oh,Ho-oh,,2,Legendary,Fire,Flying,680.0,106.0,130.0,90.0,110.0,154.0,90.0,Restricted (players can include two Restricted Pokémon in their team),75,1,47,https://img.pokemondb.net/sprites/sword-shield/icon/ho-oh.png,False,130.0,350.0,fast,False,True,False,True,True,48.8,ho oh
251,Celebi,Celebi,,2,Mythical,Psychic,Grass,600.0,100.0,100.0,100.0,100.0,100.0,100.0,Banned,,,,https://img.pokemondb.net/sprites/sword-shield/icon/celebi.png,False,100.0,300.0,fast,False,False,True,False,False,0,celebi
252,Treecko,Treecko,,3,Common,Grass,,310.0,40.0,45.0,35.0,65.0,55.0,70.0,Permitted,,,,https://img.pokemondb.net/sprites/sword-shield/icon/treecko.png,False,65.0,130.0,mid,True,False,False,False,True,22.0,treecko
253,Grovyle,Grovyle,,3,Common,Grass,,405.0,50.0,65.0,45.0,85.0,65.0,95.0,Permitted,,,,https://img.pokemondb.net/sprites/sword-shield/icon/grovyle.png,False,85.0,160.0,fast,True,False,False,False,True,33.0,grovyle
254,Mega Sceptile,Sceptile,Mega,6,Common,Grass,Dragon,630.0,70.0,110.0,75.0,145.0,85.0,145.0,Banned,,,,https://img.pokemondb.net/sprites/sword-shield/icon/sceptile-mega.png,False,145.0,230.0,elite,False,False,False,False,False,60.0,mega sceptile
254,Sceptile,Sceptile,,3,Common,Grass,,530.0,70.0,85.0,65.0,105.0,85.0,120.0,Permitted,5,0,146,https://img.pokemondb.net/sprites/sword-shield/icon/sceptile.png,False,105.0,220.0,elite,True,False,False,True,True,38.0,sceptile
255,Torchic,Torchic,,3,Common,Fire,,310.0,45.0,60.0,40.0,70.0,50.0,45.0,Permitted,,,,https://img.pokemondb.net/sprites/sword-shield/icon/torchic.png,False,70.0,135.0,slow,True,False,False,False,True,22.0,torchic
256,Combusken,Combusken,,3,Common,Fire,Fighting,405.0,60.0,85.0,60.0,85.0,60.0,55.0,Permitted,,,,https://img.pokemondb.net/sprites/sword-shield/icon/combusken.png,False,85.0,180.0,mid,False,False,False,False,True,26.25,combusken
257,Blaziken,Blaziken,,3,Common,Fire,Fighting,530.0,80.0,120.0,70.0,110.0,70.0,80.0,Permitted,6,0,225,https://img.pokemondb.net/sprites/sword-shield/icon/blaziken.png,False,120.0,220.0,mid,False,False,False,True,True,38.0,blaziken
257,Mega Blaziken,Blaziken,Mega,6,Common,Fire,Fighting,630.0,80.0,160.0,80.0,130.0,80.0,100.0,Banned,,,,https://img.pokemondb.net/sprites/sword-shield/icon/blaziken-mega.png,False,160.0,240.0,fast,False,False,False,False,False,66.0,mega blaziken
258,Mudkip,Mudkip,,3,Common,Water,,310.0,50.0,70.0,50.0,50.0,50.0,40.0,Permitted,,,,https://img.pokemondb.net/sprites/sword-shield/icon/mudkip.png,False,70.0,150.0,slow,True,False,False,False,True,22.0,mudkip
259,Marshtomp,Marshtomp,,3,Common,Water,Ground,405.0,70.0,85.0,70.0,60.0,70.0,50.0,Permitted,,,,https://img.pokemondb.net/sprites/sword-shield/icon/marshtomp.png,False,85.0,210.0,mid,False,False,False,False,True,21.0,marshtomp
260,Mega Swampert,Swampert,Mega,6,Common,Water,Ground,635.0,100.0,150.0,110.0,95.0,110.0,70.0,Banned,,,,https://img.pokemondb.net/sprites/sword-shield/icon/swampert-mega.png,False,150.0,320.0,mid,False,False,False,False,False,53.0,mega swampert
260,Swampert,Swampert,,3,Common,Water,Ground,535.0,100.0,110.0,90.0,85.0,90.0,60.0,Permitted,7,0,114,https://img.pokemondb.net/sprites/sword-shield/icon/swampert.png,False,110.0,280.0,mid,False,False,False,True,True,25.0,swampert
261,Poochyena,Poochyena,,3,Common,Dark,,220.0,35.0,55.0,35.0,30.0,30.0,35.0,,,,,https://img.pokemondb.net/sprites/sword-shield/icon/poochyena.png,False,55.0,100.0,slow,True,False,False,False,False,22.0,poochyena
262,Mightyena,Mightyena,,3,Common,Dark,,420.0,70.0,90.0,70.0,60.0,60.0,70.0,,,,,https://img.pokemondb.net/sprites/sword-shield/icon/mightyena.png,False,90.0,200.0,mid,True,False,False,False,False,24.0,mightyena
263,Zigzagoon,Zigzagoon,,3,Common,Normal,,240.0,38.0,30.0,41.0,30.0,41.0,60.0,,,,,https://img.pokemondb.net/sprites/sword-shield/icon/zigzagoon.png,False,30.0,120.0,mid,True,False,False,False,False,24.0,zigzagoon
263,Galarian Zigzagoon,Zigzagoon,Galarian,8,Common,Dark,Normal,240.0,38.0,30.0,41.0,30.0,41.0,60.0,Permitted,,,,https://img.pokemondb.net/sprites/sword-shield/icon/zigzagoon-galarian.png,False,30.0,120.0,mid,False,False,False,False,True,24.0,galarian zigzagoon
264,Linoone,Linoone,,3,Common,Normal,,420.0,78.0,70.0,61.0,50.0,61.0,100.0,Permitted,,,,https://img.pokemondb.net/sprites/sword-shield/icon/linoone.png,False,70.0,200.0,fast,True,False,False,False,True,36.0,linoone
264,Galarian Linoone,Linoone,Galarian,8,Common,Dark,Normal,420.0,78.0,70.0,61.0,50.0,61.0,100.0,Permitted,,,,https://img.pokemondb.net/sprites/sword-shield/icon/linoone-galarian.png,False,70.0,200.0,fast,False,False,False,False,True,36.0,galarian linoone
265,Wurmple,Wurmple,,3,Common,Bug,,195.0,45.0,45.0,35.0,20.0,30.0,20.0,,,,,https://img.pokemondb.net/sprites/sword-shield/icon/wurmple.png,False,45.0,110.0,slow,True,False,False,False,False,18.75,wurmple
266,Silcoon,Silcoon,,3,Common,Bug,,205.0,50.0,35.0,55.0,25.0,25.0,15.0,,,,,https://img.pokemondb.net/sprites/sword-shield/icon/silcoon.png,False,35.0,130.0,slow,True,False,False,False,False,25.0,silcoon
267,Beautifly,Beautifly,,3,Common,Bug,Flying,395.0,60.0,70.0,50.0,100.0,50.0,65.0,,,,,https://img.pokemondb.net/sprites/sword-shield/icon/beautifly.png,False,100.0,160.0,mid,False,False,False,False,False,41.0,beautifly
268,Cascoon,Cascoon,,3,Common,Bug,,205.0,50.0,35.0,55.0,25.0,25.0,15.0,,,,,https://img.pokemondb.net/sprites/sword-shield/icon/cascoon.png,False,35.0,130.0,slow,True,False,False,False,False,25.0,cascoon
269,Dustox,Dustox,,3,Common,Bug,Poison,385.0,60.0,50.0,70.0,50.0,90.0,65.0,,,,,https://img.pokemondb.net/sprites/sword-shield/icon/dustox.png,False,50.0,220.0,mid,False,False,False,False,False,31.0,dustox
270,Lotad,Lotad,,3,Common,Water,Grass,220.0,40.0,30.0,30.0,40.0,50.0,30.0,Permitted,,,,https://img.pokemondb.net/sprites/sword-shield/icon/lotad.png,False,40.0,120.0,slow,False,False,False,False,True,16.0,lotad
271,Lombre,Lombre,,3,Common,Water,Grass,340.0,60.0,50.0,50.0,60.0,70.0,50.0,Permitted,,,,https://img.pokemondb.net/sprites/sword-shield/icon/lombre.png,False,60.0,180.0,mid,False,False,False,False,True,16.0,lombre
272,Ludicolo,Ludicolo,,3,Common,Water,Grass,480.0,80.0,70.0,70.0,90.0,100.0,70.0,Permitted,16,0,112,https://img.pokemondb.net/sprites/sword-shield/icon/ludicolo.png,False,90.0,250.0,mid,False,False,False,True,True,24.0,ludicolo
273,Seedot,Seedot,,3,Common,Grass,,220.0,40.0,40.0,50.0,30.0,30.0,30.0,Permitted,,,,https://img.pokemondb.net/sprites/sword-shield/icon/seedot.png,False,40.0,120.0,slow,True,False,False,False,True,16.0,seedot
274,Nuzleaf,Nuzleaf,,3,Common,Grass,Dark,340.0,70.0,70.0,40.0,60.0,40.0,60.0,Permitted,,,,https://img.pokemondb.net/sprites/sword-shield/icon/nuzleaf.png,False,70.0,150.0,mid,False,False,False,False,True,20.0,nuzleaf
275,Shiftry,Shiftry,,3,Common,Grass,Dark,480.0,90.0,100.0,60.0,90.0,60.0,80.0,Permitted,3,0,142,https://img.pokemondb.net/sprites/sword-shield/icon/shiftry.png,False,100.0,210.0,mid,False,False,False,True,True,24.0,shiftry
276,Taillow,Taillow,,3,Common,Normal,Flying,270.0,40.0,55.0,30.0,30.0,30.0,85.0,,,,,https://img.pokemondb.net/sprites/sword-shield/icon/taillow.png,False,55.0,100.0,mid,False,False,False,False,False,48.0,taillow
277,Swellow,Swellow,,3,Common,Normal,Flying,455.0,60.0,85.0,60.0,75.0,50.0,125.0,,,,,https://img.pokemondb.net/sprites/sword-shield/icon/swellow.png,False,85.0,170.0,elite,False,False,False,False,False,59.0,swellow
278,Wingull,Wingull,,3,Common,Water,Flying,270.0,40.0,30.0,30.0,55.0,30.0,85.0,Permitted,,,,https://img.pokemondb.net/sprites/sword-shield/icon/wingull.png,False,55.0,100.0,mid,False,False,False,False,True,48.0,wingull
279,Pelipper,Pelipper,,3,Common,Water,Flying,440.0,60.0,50.0,100.0,95.0,70.0,65.0,Permitted,8,0,126,https://img.pokemondb.net/sprites/sword-shield/icon/pelipper.png,False,95.0,230.0,mid,False,False,False,True,True,32.0,pelipper
280,Ralts,Ralts,,3,Common,Psychic,Fairy,198.0,28.0,25.0,25.0,45.0,35.0,40.0,Permitted,,,,https://img.pokemondb.net/sprites/sword-shield/icon/ralts.png,False,45.0,88.0,slow,False,False,False,False,True,14.399999999999999,ralts
281,Kirlia,Kirlia,,3,Common,Psychic,Fairy,278.0,38.0,35.0,35.0,65.0,55.0,50.0,Permitted,,,,https://img.pokemondb.net/sprites/sword-shield/icon/kirlia.png,False,65.0,128.0,mid,False,False,False,False,True,22.4,kirlia
282,Gardevoir,Gardevoir,,3,Common,Psychic,Fairy,518.0,68.0,65.0,65.0,125.0,115.0,80.0,Permitted,,,,https://img.pokemondb.net/sprites/sword-shield/icon/gardevoir.png,False,125.0,248.0,mid,False,False,False,False,True,46.400000000000006,gardevoir
282,Mega Gardevoir,Gardevoir,Mega,6,Common,Psychic,Fairy,618.0,68.0,85.0,65.0,165.0,135.0,100.0,Banned,,,,https://img.pokemondb.net/sprites/sword-shield/icon/gardevoir-mega.png,False,165.0,268.0,fast,False,False,False,False,False,74.4,mega gardevoir
283,Surskit,Surskit,,3,Common,Bug,Water,269.0,40.0,30.0,32.0,50.0,52.0,65.0,,,,,https://img.pokemondb.net/sprites/sword-shield/icon/surskit.png,False,50.0,124.0,mid,False,False,False,False,False,24.200000000000003,surskit
284,Masquerain,Masquerain,,3,Common,Bug,Flying,454.0,70.0,60.0,62.0,100.0,82.0,80.0,,,,,https://img.pokemondb.net/sprites/sword-shield/icon/masquerain.png,False,100.0,214.0,mid,False,False,False,False,False,29.200000000000003,masquerain
285,Shroomish,Shroomish,,3,Common,Grass,,295.0,60.0,40.0,60.0,40.0,60.0,35.0,,,,,https://img.pokemondb.net/sprites/sword-shield/icon/shroomish.png,False,40.0,180.0,slow,True,False,False,False,False,21.666666666666664,shroomish
286,Breloom,Breloom,,3,Common,Grass,Fighting,460.0,60.0,130.0,80.0,60.0,60.0,70.0,,,,,https://img.pokemondb.net/sprites/sword-shield/icon/breloom.png,False,130.0,200.0,mid,False,False,False,False,False,64.0,breloom
287,Slakoth,Slakoth,,3,Common,Normal,,280.0,60.0,60.0,60.0,35.0,35.0,30.0,,,,,https://img.pokemondb.net/sprites/sword-shield/icon/slakoth.png,False,60.0,155.0,slow,True,False,False,False,False,26.666666666666664,slakoth
288,Vigoroth,Vigoroth,,3,Common,Normal,,440.0,80.0,80.0,80.0,55.0,55.0,90.0,,,,,https://img.pokemondb.net/sprites/sword-shield/icon/vigoroth.png,False,80.0,215.0,fast,True,False,False,False,False,20.0,vigoroth
289,Slaking,Slaking,,3,Common,Normal,,670.0,150.0,160.0,100.0,95.0,65.0,100.0,,,,,https://img.pokemondb.net/sprites/sword-shield/icon/slaking.png,False,160.0,315.0,fast,True,False,False,False,False,58.0,slaking
290,Nincada,Nincada,,3,Common,Bug,Ground,266.0,31.0,45.0,90.0,30.0,30.0,40.0,Permitted,,,,https://img.pokemondb.net/sprites/sword-shield/icon/nincada.png,False,45.0,151.0,slow,False,False,False,False,True,54.8,nincada
291,Ninjask,Ninjask,,3,Common,Bug,Flying,456.0,61.0,90.0,45.0,50.0,50.0,160.0,Permitted,,,,https://img.pokemondb.net/sprites/sword-shield/icon/ninjask.png,False,90.0,156.0,elite,False,False,False,False,True,100.8,ninjask
292,Shedinja,Shedinja,,3,Common,Bug,Ghost,236.0,1.0,90.0,45.0,30.0,30.0,40.0,Permitted,42,4,30,https://img.pokemondb.net/sprites/sword-shield/icon/shedinja.png,False,90.0,76.0,slow,False,False,False,True,True,60.8,shedinja
293,Whismur,Whismur,,3,Common,Normal,,240.0,64.0,51.0,23.0,51.0,23.0,28.0,Permitted,,,,https://img.pokemondb.net/sprites/sword-shield/icon/whismur.png,False,51.0,110.0,slow,True,False,False,False,True,28.799999999999997,whismur
294,Loudred,Loudred,,3,Common,Normal,,360.0,84.0,71.0,43.0,71.0,43.0,48.0,Permitted,,,,https://img.pokemondb.net/sprites/sword-shield/icon/loudred.png,False,71.0,170.0,slow,True,False,False,False,True,28.799999999999997,loudred
295,Exploud,Exploud,,3,Common,Normal,,490.0,104.0,91.0,63.0,91.0,73.0,68.0,Permitted,,,,https://img.pokemondb.net/sprites/sword-shield/icon/exploud.png,False,91.0,240.0,mid,True,False,False,False,True,26.799999999999997,exploud
296,Makuhita,Makuhita,,3,Common,Fighting,,237.0,72.0,60.0,30.0,20.0,30.0,25.0,,,,,https://img.pokemondb.net/sprites/sword-shield/icon/makuhita.png,False,60.0,132.0,slow,True,False,False,False,False,39.0,makuhita
297,Hariyama,Hariyama,,3,Common,Fighting,,474.0,144.0,120.0,60.0,40.0,60.0,50.0,,,,,https://img.pokemondb.net/sprites/sword-shield/icon/hariyama.png,False,120.0,264.0,mid,True,False,False,False,False,78.0,hariyama
298,Azurill,Azurill,,3,Baby,Normal,Fairy,190.0,50.0,20.0,40.0,20.0,40.0,20.0,Permitted,,,,https://img.pokemondb.net/sprites/sword-shield/icon/azurill.png,False,20.0,130.0,slow,False,False,False,False,True,22.0,azurill
299,Nosepass,Nosepass,,3,Common,Rock,,375.0,30.0,45.0,135.0,45.0,90.0,30.0,,,,,https://img.pokemondb.net/sprites/sword-shield/icon/nosepass.png,False,45.0,255.0,slow,True,False,False,False,False,87.0,nosepass
300,Skitty,Skitty,,3,Common,Normal,,260.0,50.0,45.0,45.0,35.0,35.0,50.0,,,,,https://img.pokemondb.net/sprites/sword-shield/icon/skitty.png,False,45.0,130.0,mid,True,False,False,False,False,10.0,skitty
301,Delcatty,Delcatty,,3,Common,Normal,,400.0,70.0,65.0,65.0,55.0,55.0,90.0,,,,,https://img.pokemondb.net/sprites/sword-shield/icon/delcatty.png,False,65.0,190.0,fast,True,False,False,False,False,28.0,delcatty
302,Mega Sableye,Sableye,Mega,6,Common,Dark,Ghost,480.0,50.0,85.0,125.0,85.0,115.0,20.0,Banned,,,,https://img.pokemondb.net/sprites/sword-shield/icon/sableye-mega.png,False,85.0,290.0,slow,False,False,False,False,False,54.0,mega sableye
302,Sableye,Sableye,,3,Common,Dark,Ghost,380.0,50.0,75.0,75.0,65.0,65.0,50.0,Permitted,47,2,41,https://img.pokemondb.net/sprites/sword-shield/icon/sableye.png,False,75.0,190.0,mid,False,False,False,True,True,17.5,sableye
303,Mawile,Mawile,,3,Common,Steel,Fairy,380.0,50.0,85.0,85.0,55.0,55.0,50.0,Permitted,,,,https://img.pokemondb.net/sprites/sword-shield/icon/mawile.png,False,85.0,190.0,mid,False,False,False,False,True,32.5,mawile
303,Mega Mawile,Mawile,Mega,6,Common,Steel,Fairy,480.0,50.0,105.0,125.0,55.0,95.0,50.0,Banned,,,,https://img.pokemondb.net/sprites/sword-shield/icon/mawile-mega.png,False,105.0,270.0,mid,False,False,False,False,False,54.0,mega mawile
304,Aron,Aron,,3,Common,Steel,Rock,330.0,50.0,70.0,100.0,40.0,40.0,30.0,Permitted,,,,https://img.pokemondb.net/sprites/sword-shield/icon/aron.png,False,70.0,190.0,slow,False,False,False,False,True,54.0,aron
305,Lairon,Lairon,,3,Common,Steel,Rock,430.0,60.0,90.0,140.0,50.0,50.0,40.0,Permitted,,,,https://img.pokemondb.net/sprites/sword-shield/icon/lairon.png,False,90.0,250.0,slow,False,False,False,False,True,82.0,lairon
306,Aggron,Aggron,,3,Common,Steel,Rock,530.0,70.0,110.0,180.0,60.0,60.0,50.0,Permitted,,,,https://img.pokemondb.net/sprites/sword-shield/icon/aggron.png,False,110.0,310.0,mid,False,False,False,False,True,110.0,aggron
306,Mega Aggron,Aggron,Mega,6,Common,Steel,,630.0,70.0,140.0,230.0,60.0,80.0,50.0,Banned,,,,https://img.pokemondb.net/sprites/sword-shield/icon/aggron-mega.png,False,140.0,380.0,mid,True,False,False,False,False,150.0,mega aggron
307,Meditite,Meditite,,3,Common,Fighting,Psychic,280.0,30.0,40.0,55.0,40.0,55.0,60.0,,,,,https://img.pokemondb.net/sprites/sword-shield/icon/meditite.png,False,40.0,140.0,mid,False,False,False,False,False,16.0,meditite
308,Medicham,Medicham,,3,Common,Fighting,Psychic,410.0,60.0,60.0,75.0,60.0,75.0,80.0,,,,,https://img.pokemondb.net/sprites/sword-shield/icon/medicham.png,False,60.0,210.0,mid,False,False,False,False,False,14.0,medicham
308,Mega Medicham,Medicham,Mega,6,Common,Fighting,Psychic,510.0,60.0,100.0,85.0,80.0,85.0,100.0,Banned,,,,https://img.pokemondb.net/sprites/sword-shield/icon/medicham-mega.png,False,100.0,230.0,fast,False,False,False,False,False,22.5,mega medicham
309,Electrike,Electrike,,3,Common,Electric,,295.0,40.0,45.0,40.0,65.0,40.0,65.0,Permitted,,,,https://img.pokemondb.net/sprites/sword-shield/icon/electrike.png,False,65.0,120.0,mid,True,False,False,False,True,23.75,electrike
310,Manectric,Manectric,,3,Common,Electric,,475.0,70.0,75.0,60.0,105.0,60.0,105.0,Permitted,3,0,216,https://img.pokemondb.net/sprites/sword-shield/icon/manectric.png,False,105.0,190.0,fast,True,False,False,True,True,38.75,manectric
310,Mega Manectric,Manectric,Mega,6,Common,Electric,,575.0,70.0,75.0,80.0,135.0,80.0,135.0,Banned,,,,https://img.pokemondb.net/sprites/sword-shield/icon/manectric-mega.png,False,135.0,230.0,elite,True,False,False,False,False,58.75,mega manectric
311,Plusle,Plusle,,3,Common,Electric,,405.0,60.0,50.0,40.0,85.0,75.0,95.0,,,,,https://img.pokemondb.net/sprites/sword-shield/icon/plusle.png,False,85.0,175.0,fast,True,False,False,False,False,33.0,plusle
312,Minun,Minun,,3,Common,Electric,,405.0,60.0,40.0,50.0,75.0,85.0,95.0,,,,,https://img.pokemondb.net/sprites/sword-shield/icon/minun.png,False,75.0,195.0,fast,True,False,False,False,False,33.0,minun
313,Volbeat,Volbeat,,3,Common,Bug,,430.0,65.0,73.0,75.0,47.0,85.0,85.0,,,,,https://img.pokemondb.net/sprites/sword-shield/icon/volbeat.png,False,73.0,225.0,mid,True,False,False,False,False,20.0,volbeat
314,Illumise,Illumise,,3,Common,Bug,,430.0,65.0,47.0,75.0,73.0,85.0,85.0,,,,,https://img.pokemondb.net/sprites/sword-shield/icon/illumise.png,False,73.0,225.0,mid,True,False,False,False,False,20.0,illumise
315,Roselia,Roselia,,3,Common,Grass,Poison,400.0,50.0,60.0,45.0,100.0,80.0,65.0,Permitted,,,,https://img.pokemondb.net/sprites/sword-shield/icon/roselia.png,False,100.0,175.0,mid,False,False,False,False,True,40.0,roselia
316,Gulpin,Gulpin,,3,Common,Poison,,302.0,70.0,43.0,53.0,43.0,53.0,40.0,,,,,https://img.pokemondb.net/sprites/sword-shield/icon/gulpin.png,False,43.0,176.0,slow,True,False,False,False,False,23.6,gulpin
317,Swalot,Swalot,,3,Common,Poison,,467.0,100.0,73.0,83.0,73.0,83.0,55.0,,,,,https://img.pokemondb.net/sprites/sword-shield/icon/swalot.png,False,73.0,266.0,mid,True,False,False,False,False,26.599999999999994,swalot
318,Carvanha,Carvanha,,3,Common,Water,Dark,305.0,45.0,90.0,20.0,65.0,20.0,65.0,Permitted,,,,https://img.pokemondb.net/sprites/sword-shield/icon/carvanha.png,False,90.0,85.0,mid,False,False,False,False,True,47.0,carvanha
319,Mega Sharpedo,Sharpedo,Mega,6,Common,Water,Dark,560.0,70.0,140.0,70.0,110.0,65.0,105.0,Banned,,,,https://img.pokemondb.net/sprites/sword-shield/icon/sharpedo-mega.png,False,140.0,205.0,fast,False,False,False,False,False,56.0,mega sharpedo
319,Sharpedo,Sharpedo,,3,Common,Water,Dark,460.0,70.0,120.0,40.0,95.0,40.0,95.0,Permitted,,,,https://img.pokemondb.net/sprites/sword-shield/icon/sharpedo.png,False,120.0,150.0,fast,False,False,False,False,True,52.0,sharpedo
320,Wailmer,Wailmer,,3,Common,Water,,400.0,130.0,70.0,35.0,70.0,35.0,60.0,Permitted,,,,https://img.pokemondb.net/sprites/sword-shield/icon/wailmer.png,False,70.0,200.0,mid,True,False,False,False,True,76.0,wailmer
321,Wailord,Wailord,,3,Common,Water,,500.0,170.0,90.0,45.0,90.0,45.0,60.0,Permitted,,,,https://img.pokemondb.net/sprites/sword-shield/icon/wailord.png,False,90.0,260.0,mid,True,False,False,False,True,104.0,wailord
322,Numel,Numel,,3,Common,Fire,Ground,305.0,60.0,60.0,40.0,65.0,45.0,35.0,,,,,https://img.pokemondb.net/sprites/sword-shield/icon/numel.png,False,65.0,145.0,slow,False,False,False,False,False,17.0,numel
323,Camerupt,Camerupt,,3,Common,Fire,Ground,460.0,70.0,100.0,70.0,105.0,75.0,40.0,,,,,https://img.pokemondb.net/sprites/sword-shield/icon/camerupt.png,False,105.0,215.0,slow,False,False,False,False,False,34.0,camerupt
323,Mega Camerupt,Camerupt,Mega,6,Common,Fire,Ground,560.0,70.0,120.0,100.0,145.0,105.0,20.0,Banned,,,,https://img.pokemondb.net/sprites/sword-shield/icon/camerupt-mega.png,False,145.0,275.0,slow,False,False,False,False,False,62.0,mega camerupt
324,Torkoal,Torkoal,,3,Common,Fire,,470.0,70.0,85.0,140.0,85.0,70.0,20.0,Permitted,63,3,33,https://img.pokemondb.net/sprites/sword-shield/icon/torkoal.png,False,85.0,280.0,slow,True,False,False,True,True,74.0,torkoal
325,Spoink,Spoink,,3,Common,Psychic,,330.0,60.0,25.0,35.0,70.0,80.0,60.0,,,,,https://img.pokemondb.net/sprites/sword-shield/icon/spoink.png,False,70.0,175.0,mid,True,False,False,False,False,30.0,spoink
326,Grumpig,Grumpig,,3,Common,Psychic,,470.0,80.0,45.0,65.0,90.0,110.0,80.0,,,,,https://img.pokemondb.net/sprites/sword-shield/icon/grumpig.png,False,90.0,255.0,mid,True,False,False,False,False,38.0,grumpig
327,Spinda,Spinda,,3,Common,Normal,,360.0,60.0,60.0,60.0,60.0,60.0,60.0,,,,,https://img.pokemondb.net/sprites/sword-shield/icon/spinda.png,False,60.0,180.0,mid,True,False,False,False,False,0,spinda
328,Trapinch,Trapinch,,3,Common,Ground,,290.0,45.0,100.0,45.0,45.0,45.0,10.0,Permitted,,,,https://img.pokemondb.net/sprites/sword-shield/icon/trapinch.png,False,100.0,135.0,slow,True,False,False,False,True,62.0,trapinch
329,Vibrava,Vibrava,,3,Common,Ground,Dragon,340.0,50.0,70.0,50.0,50.0,50.0,70.0,Permitted,,,,https://img.pokemondb.net/sprites/sword-shield/icon/vibrava.png,False,70.0,150.0,mid,False,False,False,False,True,20.0,vibrava
330,Flygon,Flygon,,3,Common,Ground,Dragon,520.0,80.0,100.0,80.0,80.0,80.0,100.0,Permitted,,,,https://img.pokemondb.net/sprites/sword-shield/icon/flygon.png,False,100.0,240.0,fast,False,False,False,False,True,20.0,flygon
331,Cacnea,Cacnea,,3,Common,Grass,,335.0,50.0,85.0,40.0,85.0,40.0,35.0,,,,,https://img.pokemondb.net/sprites/sword-shield/icon/cacnea.png,False,85.0,130.0,slow,True,False,False,False,False,43.75,cacnea
332,Cacturne,Cacturne,,3,Common,Grass,Dark,475.0,70.0,115.0,60.0,115.0,60.0,55.0,,,,,https://img.pokemondb.net/sprites/sword-shield/icon/cacturne.png,False,115.0,190.0,mid,False,False,False,False,False,53.75,cacturne
333,Swablu,Swablu,,3,Common,Normal,Flying,310.0,45.0,40.0,60.0,40.0,75.0,50.0,Permitted,,,,https://img.pokemondb.net/sprites/sword-shield/icon/swablu.png,False,40.0,180.0,mid,False,False,False,False,True,28.0,swablu
334,Altaria,Altaria,,3,Common,Dragon,Flying,490.0,75.0,70.0,90.0,70.0,105.0,80.0,Permitted,3,0,157,https://img.pokemondb.net/sprites/sword-shield/icon/altaria.png,False,70.0,270.0,mid,False,False,False,True,True,28.0,altaria
334,Mega Altaria,Altaria,Mega,6,Common,Dragon,Fairy,590.0,75.0,110.0,110.0,110.0,105.0,80.0,Banned,,,,https://img.pokemondb.net/sprites/sword-shield/icon/altaria-mega.png,False,110.0,290.0,mid,False,False,False,False,False,23.33333333333333,mega altaria
335,Zangoose,Zangoose,,3,Common,Normal,,458.0,73.0,115.0,60.0,60.0,60.0,90.0,,,,,https://img.pokemondb.net/sprites/sword-shield/icon/zangoose.png,False,115.0,193.0,fast,True,False,False,False,False,46.400000000000006,zangoose
336,Seviper,Seviper,,3,Common,Poison,,458.0,73.0,100.0,60.0,100.0,60.0,65.0,,,,,https://img.pokemondb.net/sprites/sword-shield/icon/seviper.png,False,100.0,193.0,mid,True,False,False,False,False,35.5,seviper
337,Lunatone,Lunatone,,3,Common,Rock,Psychic,460.0,90.0,55.0,65.0,95.0,85.0,70.0,Permitted,,,,https://img.pokemondb.net/sprites/sword-shield/icon/lunatone.png,False,95.0,240.0,mid,False,False,False,False,True,22.0,lunatone
338,Solrock,Solrock,,3,Common,Rock,Psychic,460.0,90.0,95.0,85.0,55.0,65.0,70.0,Permitted,,,,https://img.pokemondb.net/sprites/sword-shield/icon/solrock.png,False,95.0,240.0,mid,False,False,False,False,True,22.0,solrock
339,Barboach,Barboach,,3,Common,Water,Ground,288.0,50.0,48.0,43.0,46.0,41.0,60.0,Permitted,,,,https://img.pokemondb.net/sprites/sword-shield/icon/barboach.png,False,48.0,134.0,mid,False,False,False,False,True,14.399999999999999,barboach
340,Whiscash,Whiscash,,3,Common,Water,Ground,468.0,110.0,78.0,73.0,76.0,71.0,60.0,Permitted,,,,https://img.pokemondb.net/sprites/sword-shield/icon/whiscash.png,False,78.0,254.0,mid,False,False,False,False,True,38.400000000000006,whiscash
341,Corphish,Corphish,,3,Common,Water,,308.0,43.0,80.0,65.0,50.0,35.0,35.0,Permitted,,,,https://img.pokemondb.net/sprites/sword-shield/icon/corphish.png,False,80.0,143.0,slow,True,False,False,False,True,34.4,corphish
342,Crawdaunt,Crawdaunt,,3,Common,Water,Dark,468.0,63.0,120.0,85.0,90.0,55.0,55.0,Permitted,,,,https://img.pokemondb.net/sprites/sword-shield/icon/crawdaunt.png,False,120.0,203.0,mid,False,False,False,False,True,50.400000000000006,crawdaunt
343,Baltoy,Baltoy,,3,Common,Ground,Psychic,300.0,40.0,40.0,55.0,40.0,70.0,55.0,Permitted,,,,https://img.pokemondb.net/sprites/sword-shield/icon/baltoy.png,False,40.0,165.0,mid,False,False,False,False,True,24.0,baltoy
344,Claydol,Claydol,,3,Common,Ground,Psychic,500.0,60.0,70.0,105.0,70.0,120.0,75.0,Permitted,,,,https://img.pokemondb.net/sprites/sword-shield/icon/claydol.png,False,70.0,285.0,mid,False,False,False,False,True,44.0,claydol
345,Lileep,Lileep,,3,Common,Rock,Grass,355.0,66.0,41.0,77.0,61.0,87.0,23.0,Permitted,,,,https://img.pokemondb.net/sprites/sword-shield/icon/lileep.png,False,61.0,230.0,slow,False,False,False,False,True,33.4,lileep
346,Cradily,Cradily,,3,Common,Rock,Grass,495.0,86.0,81.0,97.0,81.0,107.0,43.0,Permitted,11,0,169,https://img.pokemondb.net/sprites/sword-shield/icon/cradily.png,False,81.0,290.0,slow,False,False,False,True,True,29.400000000000006,cradily
347,Anorith,Anorith,,3,Common,Rock,Bug,355.0,45.0,95.0,50.0,40.0,50.0,75.0,Permitted,,,,https://img.pokemondb.net/sprites/sword-shield/icon/anorith.png,False,95.0,145.0,mid,False,False,False,False,True,43.0,anorith
348,Armaldo,Armaldo,,3,Common,Rock,Bug,495.0,75.0,125.0,100.0,70.0,80.0,45.0,Permitted,,,,https://img.pokemondb.net/sprites/sword-shield/icon/armaldo.png,False,125.0,255.0,slow,False,False,False,False,True,51.0,armaldo
349,Feebas,Feebas,,3,Common,Water,,200.0,20.0,15.0,20.0,10.0,55.0,80.0,Permitted,,,,https://img.pokemondb.net/sprites/sword-shield/icon/feebas.png,False,15.0,95.0,mid,True,False,False,False,True,56.0,feebas
350,Milotic,Milotic,,3,Common,Water,,540.0,95.0,60.0,79.0,100.0,125.0,81.0,Permitted,30,0,102,https://img.pokemondb.net/sprites/sword-shield/icon/milotic.png,False,100.0,299.0,mid,True,False,False,True,True,42.0,milotic
351,Castform,Castform,,3,Common,Normal,,420.0,70.0,70.0,70.0,70.0,70.0,70.0,,,,,https://img.pokemondb.net/sprites/sword-shield/icon/castform.png,False,70.0,210.0,mid,True,False,False,False,False,0,castform
351,Castform Sunny Form,Castform,Sunny Form,3,Common,Fire,,420.0,70.0,70.0,70.0,70.0,70.0,70.0,,,,,https://img.pokemondb.net/sprites/sword-shield/icon/castform-sunny.png,False,70.0,210.0,mid,True,False,False,False,False,0,castform sunny form
351,Castform Rainy Form,Castform,Rainy Form,3,Common,Water,,420.0,70.0,70.0,70.0,70.0,70.0,70.0,,,,,https://img.pokemondb.net/sprites/sword-shield/icon/castform-rainy.png,False,70.0,210.0,mid,True,False,False,False,False,0,castform rainy form
351,Castform Snowy Form,Castform,Snowy Form,3,Common,Ice,,420.0,70.0,70.0,70.0,70.0,70.0,70.0,,,,,https://img.pokemondb.net/sprites/sword-shield/icon/castform-snowy.png,False,70.0,210.0,mid,True,False,False,False,False,0,castform snowy form
352,Kecleon,Kecleon,,3,Common,Normal,,440.0,60.0,90.0,70.0,60.0,120.0,40.0,,,,,https://img.pokemondb.net/sprites/sword-shield/icon/kecleon.png,False,90.0,250.0,slow,True,False,False,False,False,56.0,kecleon
353,Shuppet,Shuppet,,3,Common,Ghost,,295.0,44.0,75.0,35.0,63.0,33.0,45.0,,,,,https://img.pokemondb.net/sprites/sword-shield/icon/shuppet.png,False,75.0,112.0,slow,True,False,False,False,False,31.0,shuppet
354,Mega Banette,Banette,Mega,6,Common,Ghost,,555.0,64.0,165.0,75.0,93.0,83.0,75.0,Banned,,,,https://img.pokemondb.net/sprites/sword-shield/icon/banette-mega.png,False,165.0,222.0,mid,True,False,False,False,False,87.0,mega banette
354,Banette,Banette,,3,Common,Ghost,,455.0,64.0,115.0,65.0,83.0,63.0,65.0,,,,,https://img.pokemondb.net/sprites/sword-shield/icon/banette.png,False,115.0,192.0,mid,True,False,False,False,False,47.0,banette
355,Duskull,Duskull,,3,Common,Ghost,,295.0,20.0,40.0,90.0,30.0,90.0,25.0,Permitted,,,,https://img.pokemondb.net/sprites/sword-shield/icon/duskull.png,False,40.0,200.0,slow,True,False,False,False,True,61.25,duskull
356,Dusclops,Dusclops,,3,Common,Ghost,,455.0,40.0,70.0,130.0,60.0,130.0,25.0,Permitted,88,4,32,https://img.pokemondb.net/sprites/sword-shield/icon/dusclops.png,False,70.0,300.0,slow,True,False,False,True,True,81.25,dusclops
357,Tropius,Tropius,,3,Common,Grass,Flying,460.0,99.0,68.0,83.0,72.0,87.0,51.0,,,,,https://img.pokemondb.net/sprites/sword-shield/icon/tropius.png,False,72.0,269.0,mid,False,False,False,False,False,26.799999999999997,tropius
358,Chimecho,Chimecho,,3,Common,Psychic,,455.0,75.0,50.0,80.0,95.0,90.0,65.0,,,,,https://img.pokemondb.net/sprites/sword-shield/icon/chimecho.png,False,95.0,245.0,mid,True,False,False,False,False,23.0,chimecho
359,Absol,Absol,,3,Common,Dark,,465.0,65.0,130.0,60.0,75.0,60.0,75.0,Permitted,,,,https://img.pokemondb.net/sprites/sword-shield/icon/absol.png,False,130.0,185.0,mid,True,False,False,False,True,63.0,absol
359,Mega Absol,Absol,Mega,6,Common,Dark,,565.0,65.0,150.0,60.0,115.0,60.0,115.0,Banned,,,,https://img.pokemondb.net/sprites/sword-shield/icon/absol-mega.png,False,150.0,185.0,fast,True,False,False,False,False,67.0,mega absol
360,Wynaut,Wynaut,,3,Baby,Psychic,,260.0,95.0,23.0,48.0,23.0,48.0,23.0,Permitted,,,,https://img.pokemondb.net/sprites/sword-shield/icon/wynaut.png,False,23.0,191.0,slow,True,False,False,False,True,62.0,wynaut
361,Snorunt,Snorunt,,3,Common,Ice,,300.0,50.0,50.0,50.0,50.0,50.0,50.0,Permitted,,,,https://img.pokemondb.net/sprites/sword-shield/icon/snorunt.png,False,50.0,150.0,mid,True,False,False,False,True,0,snorunt
362,Mega Glalie,Glalie,Mega,6,Common,Ice,,580.0,80.0,120.0,80.0,120.0,80.0,100.0,Banned,,,,https://img.pokemondb.net/sprites/sword-shield/icon/glalie-mega.png,False,120.0,240.0,fast,True,False,False,False,False,35.0,mega glalie
362,Glalie,Glalie,,3,Common,Ice,,480.0,80.0,80.0,80.0,80.0,80.0,80.0,Permitted,,,,https://img.pokemondb.net/sprites/sword-shield/icon/glalie.png,False,80.0,240.0,mid,True,False,False,False,True,0,glalie
363,Spheal,Spheal,,3,Common,Ice,Water,290.0,70.0,40.0,50.0,55.0,50.0,25.0,Permitted,,,,https://img.pokemondb.net/sprites/sword-shield/icon/spheal.png,False,55.0,170.0,slow,False,False,False,False,True,26.0,spheal
364,Sealeo,Sealeo,,3,Common,Ice,Water,410.0,90.0,60.0,70.0,75.0,70.0,45.0,Permitted,,,,https://img.pokemondb.net/sprites/sword-shield/icon/sealeo.png,False,75.0,230.0,slow,False,False,False,False,True,26.0,sealeo
365,Walrein,Walrein,,3,Common,Ice,Water,530.0,110.0,80.0,90.0,95.0,90.0,65.0,Permitted,,,,https://img.pokemondb.net/sprites/sword-shield/icon/walrein.png,False,95.0,290.0,mid,False,False,False,False,True,26.0,walrein
366,Clamperl,Clamperl,,3,Common,Water,,345.0,35.0,64.0,85.0,74.0,55.0,32.0,,,,,https://img.pokemondb.net/sprites/sword-shield/icon/clamperl.png,False,74.0,175.0,slow,True,False,False,False,False,33.0,clamperl
367,Huntail,Huntail,,3,Common,Water,,485.0,55.0,104.0,105.0,94.0,75.0,52.0,,,,,https://img.pokemondb.net/sprites/sword-shield/icon/huntail.png,False,104.0,235.0,mid,True,False,False,False,False,29.0,huntail
368,Gorebyss,Gorebyss,,3,Common,Water,,485.0,55.0,84.0,105.0,114.0,75.0,52.0,,,,,https://img.pokemondb.net/sprites/sword-shield/icon/gorebyss.png,False,114.0,235.0,mid,True,False,False,False,False,39.8,gorebyss
369,Relicanth,Relicanth,,3,Common,Water,Rock,485.0,100.0,90.0,130.0,45.0,65.0,55.0,Permitted,,,,https://img.pokemondb.net/sprites/sword-shield/icon/relicanth.png,False,90.0,295.0,mid,False,False,False,False,True,59.0,relicanth
370,Luvdisc,Luvdisc,,3,Common,Water,,330.0,43.0,30.0,55.0,40.0,65.0,97.0,,,,,https://img.pokemondb.net/sprites/sword-shield/icon/luvdisc.png,False,40.0,163.0,fast,True,False,False,False,False,50.4,luvdisc
371,Bagon,Bagon,,3,Common,Dragon,,300.0,45.0,75.0,60.0,40.0,30.0,50.0,Permitted,,,,https://img.pokemondb.net/sprites/sword-shield/icon/bagon.png,False,75.0,135.0,mid,True,False,False,False,True,30.0,bagon
372,Shelgon,Shelgon,,3,Common,Dragon,,420.0,65.0,95.0,100.0,60.0,50.0,50.0,Permitted,,,,https://img.pokemondb.net/sprites/sword-shield/icon/shelgon.png,False,95.0,215.0,mid,True,False,False,False,True,36.0,shelgon
373,Mega Salamence,Salamence,Mega,6,Common,Dragon,Flying,700.0,95.0,145.0,130.0,120.0,90.0,120.0,Banned,,,,https://img.pokemondb.net/sprites/sword-shield/icon/salamence-mega.png,False,145.0,315.0,elite,False,False,False,False,False,34.0,mega salamence
373,Salamence,Salamence,,3,Common,Dragon,Flying,600.0,95.0,135.0,80.0,110.0,80.0,100.0,Permitted,8,0,106,https://img.pokemondb.net/sprites/sword-shield/icon/salamence.png,False,135.0,255.0,fast,False,False,False,True,True,42.0,salamence
374,Beldum,Beldum,,3,Common,Steel,Psychic,300.0,40.0,55.0,80.0,35.0,60.0,30.0,Permitted,,,,https://img.pokemondb.net/sprites/sword-shield/icon/beldum.png,False,55.0,180.0,slow,False,False,False,False,True,36.0,beldum
375,Metang,Metang,,3,Common,Steel,Psychic,420.0,60.0,75.0,100.0,55.0,80.0,50.0,Permitted,,,,https://img.pokemondb.net/sprites/sword-shield/icon/metang.png,False,75.0,240.0,mid,False,False,False,False,True,36.0,metang
376,Mega Metagross,Metagross,Mega,6,Common,Steel,Psychic,700.0,80.0,145.0,150.0,105.0,110.0,110.0,Banned,,,,https://img.pokemondb.net/sprites/sword-shield/icon/metagross-mega.png,False,145.0,340.0,fast,False,False,False,False,False,40.0,mega metagross
376,Metagross,Metagross,,3,Common,Steel,Psychic,600.0,80.0,135.0,130.0,95.0,90.0,70.0,Permitted,27,1,68,https://img.pokemondb.net/sprites/sword-shield/icon/metagross.png,False,135.0,300.0,mid,False,False,False,True,True,42.0,metagross
377,Regirock,Regirock,,3,Legendary,Rock,,580.0,80.0,100.0,200.0,50.0,100.0,50.0,Permitted,,,,https://img.pokemondb.net/sprites/sword-shield/icon/regirock.png,False,100.0,380.0,mid,True,True,False,False,True,124.0,regirock
378,Regice,Regice,,3,Legendary,Ice,,580.0,80.0,50.0,100.0,100.0,200.0,50.0,Permitted,,,,https://img.pokemondb.net/sprites/sword-shield/icon/regice.png,False,100.0,380.0,mid,True,True,False,False,True,124.0,regice
379,Registeel,Registeel,,3,Legendary,Steel,,580.0,80.0,75.0,150.0,75.0,150.0,50.0,Permitted,3,0,183,https://img.pokemondb.net/sprites/sword-shield/icon/registeel.png,False,75.0,380.0,mid,True,True,False,True,True,80.0,registeel
380,Mega Latias,Latias,Mega,6,Legendary,Dragon,Psychic,700.0,80.0,100.0,120.0,140.0,150.0,110.0,Banned,,,,https://img.pokemondb.net/sprites/sword-shield/icon/latias-mega.png,False,140.0,350.0,fast,False,True,False,False,False,40.0,mega latias
380,Latias,Latias,,3,Legendary,Dragon,Psychic,600.0,80.0,80.0,90.0,110.0,130.0,110.0,Permitted,6,0,165,https://img.pokemondb.net/sprites/sword-shield/icon/latias.png,False,110.0,300.0,fast,False,True,False,True,True,36.0,latias
381,Latios,Latios,,3,Legendary,Dragon,Psychic,600.0,80.0,90.0,80.0,130.0,110.0,110.0,Permitted,,,,https://img.pokemondb.net/sprites/sword-shield/icon/latios.png,False,130.0,270.0,fast,False,True,False,False,True,36.0,latios
381,Mega Latios,Latios,Mega,6,Legendary,Dragon,Psychic,700.0,80.0,130.0,100.0,160.0,120.0,110.0,Banned,,,,https://img.pokemondb.net/sprites/sword-shield/icon/latios-mega.png,False,160.0,300.0,fast,False,True,False,False,False,52.0,mega latios
382,Primal Kyogre,Kyogre,Primal,6,Legendary,Water,,770.0,100.0,150.0,90.0,180.0,160.0,90.0,,,,,https://img.pokemondb.net/sprites/sword-shield/icon/kyogre-primal.png,False,180.0,350.0,fast,True,True,False,False,False,62.0,primal kyogre
382,Kyogre,Kyogre,,3,Legendary,Water,,670.0,100.0,100.0,90.0,150.0,140.0,90.0,Restricted (players can include two Restricted Pokémon in their team),744,35,3,https://img.pokemondb.net/sprites/sword-shield/icon/kyogre.png,False,150.0,330.0,fast,True,True,False,True,True,46.0,kyogre
383,Primal Groudon,Groudon,Primal,6,Legendary,Ground,Fire,770.0,100.0,180.0,160.0,150.0,90.0,90.0,,,,,https://img.pokemondb.net/sprites/sword-shield/icon/groudon-primal.png,False,180.0,350.0,fast,False,True,False,False,False,62.0,primal groudon
383,Groudon,Groudon,,3,Legendary,Ground,,670.0,100.0,150.0,140.0,100.0,90.0,90.0,Restricted (players can include two Restricted Pokémon in their team),501,23,7,https://img.pokemondb.net/sprites/sword-shield/icon/groudon.png,False,150.0,330.0,fast,True,True,False,True,True,46.0,groudon
384,Mega Rayquaza,Rayquaza,Mega,6,Legendary,Dragon,Flying,780.0,105.0,180.0,100.0,180.0,100.0,115.0,Banned,,,,https://img.pokemondb.net/sprites/sword-shield/icon/rayquaza-mega.png,False,180.0,305.0,fast,False,True,False,False,False,75.0,mega rayquaza
384,Rayquaza,Rayquaza,,3,Legendary,Dragon,Flying,680.0,105.0,150.0,90.0,150.0,90.0,95.0,Restricted (players can include two Restricted Pokémon in their team),44,1,60,https://img.pokemondb.net/sprites/sword-shield/icon/rayquaza.png,False,150.0,285.0,fast,False,True,False,True,True,55.0,rayquaza
385,Jirachi,Jirachi,,3,Mythical,Steel,Psychic,600.0,100.0,100.0,100.0,100.0,100.0,100.0,Banned,,,,https://img.pokemondb.net/sprites/sword-shield/icon/jirachi.png,False,100.0,300.0,fast,False,False,True,False,False,0,jirachi
386,Deoxys Defense Forme,Deoxys,Defense Forme,3,Mythical,Psychic,,600.0,50.0,70.0,160.0,70.0,160.0,90.0,,,,,https://img.pokemondb.net/sprites/sword-shield/icon/deoxys-defense.png,False,70.0,370.0,fast,True,False,True,False,False,90.0,deoxys defense forme
386,Deoxys Attack Forme,Deoxys,Attack Forme,3,Mythical,Psychic,,600.0,50.0,180.0,20.0,180.0,20.0,150.0,,,,,https://img.pokemondb.net/sprites/sword-shield/icon/deoxys-attack.png,False,180.0,90.0,elite,True,False,True,False,False,120.0,deoxys attack forme
386,Deoxys Normal Forme,Deoxys,Normal Forme,3,Mythical,Psychic,,600.0,50.0,150.0,50.0,150.0,50.0,150.0,,,,,https://img.pokemondb.net/sprites/sword-shield/icon/deoxys-normal.png,False,150.0,150.0,elite,True,False,True,False,False,100.0,deoxys normal forme
386,Deoxys Speed Forme,Deoxys,Speed Forme,3,Mythical,Psychic,,600.0,50.0,95.0,90.0,95.0,90.0,180.0,,,,,https://img.pokemondb.net/sprites/sword-shield/icon/deoxys-speed.png,False,95.0,230.0,elite,True,False,True,False,False,96.0,deoxys speed forme
387,Turtwig,Turtwig,,4,Common,Grass,,318.0,55.0,68.0,64.0,45.0,55.0,31.0,,,,,https://img.pokemondb.net/sprites/sword-shield/icon/turtwig.png,False,68.0,174.0,slow,True,False,False,False,False,18.0,turtwig
388,Grotle,Grotle,,4,Common,Grass,,405.0,75.0,89.0,85.0,55.0,65.0,36.0,,,,,https://img.pokemondb.net/sprites/sword-shield/icon/grotle.png,False,89.0,225.0,slow,True,False,False,False,False,25.799999999999997,grotle
389,Torterra,Torterra,,4,Common,Grass,Ground,525.0,95.0,109.0,105.0,75.0,85.0,56.0,,,,,https://img.pokemondb.net/sprites/sword-shield/icon/torterra.png,False,109.0,285.0,mid,False,False,False,False,False,25.799999999999997,torterra
390,Chimchar,Chimchar,,4,Common,Fire,,309.0,44.0,58.0,44.0,58.0,44.0,61.0,,,,,https://img.pokemondb.net/sprites/sword-shield/icon/chimchar.png,False,58.0,132.0,mid,True,False,False,False,False,11.399999999999999,chimchar
391,Monferno,Monferno,,4,Common,Fire,Fighting,405.0,64.0,78.0,52.0,78.0,52.0,81.0,,,,,https://img.pokemondb.net/sprites/sword-shield/icon/monferno.png,False,78.0,168.0,mid,False,False,False,False,False,16.200000000000003,monferno
392,Infernape,Infernape,,4,Common,Fire,Fighting,534.0,76.0,104.0,71.0,104.0,71.0,108.0,,,,,https://img.pokemondb.net/sprites/sword-shield/icon/infernape.png,False,104.0,218.0,fast,False,False,False,False,False,22.799999999999997,infernape
393,Piplup,Piplup,,4,Common,Water,,314.0,53.0,51.0,53.0,61.0,56.0,40.0,,,,,https://img.pokemondb.net/sprites/sword-shield/icon/piplup.png,False,61.0,162.0,slow,True,False,False,False,False,10.399999999999999,piplup
394,Prinplup,Prinplup,,4,Common,Water,,405.0,64.0,66.0,68.0,81.0,76.0,50.0,,,,,https://img.pokemondb.net/sprites/sword-shield/icon/prinplup.png,False,81.0,208.0,mid,True,False,False,False,False,16.200000000000003,prinplup
395,Empoleon,Empoleon,,4,Common,Water,Steel,530.0,84.0,86.0,88.0,111.0,101.0,60.0,,,,,https://img.pokemondb.net/sprites/sword-shield/icon/empoleon.png,False,111.0,273.0,mid,False,False,False,False,False,27.200000000000003,empoleon
396,Starly,Starly,,4,Common,Normal,Flying,245.0,40.0,55.0,30.0,30.0,30.0,60.0,,,,,https://img.pokemondb.net/sprites/sword-shield/icon/starly.png,False,55.0,100.0,mid,False,False,False,False,False,23.0,starly
397,Staravia,Staravia,,4,Common,Normal,Flying,340.0,55.0,75.0,50.0,40.0,40.0,80.0,,,,,https://img.pokemondb.net/sprites/sword-shield/icon/staravia.png,False,75.0,145.0,mid,False,False,False,False,False,28.0,staravia
398,Staraptor,Staraptor,,4,Common,Normal,Flying,485.0,85.0,120.0,70.0,50.0,60.0,100.0,,,,,https://img.pokemondb.net/sprites/sword-shield/icon/staraptor.png,False,120.0,215.0,fast,False,False,False,False,False,47.0,staraptor
399,Bidoof,Bidoof,,4,Common,Normal,,250.0,59.0,45.0,40.0,35.0,40.0,31.0,,,,,https://img.pokemondb.net/sprites/sword-shield/icon/bidoof.png,False,45.0,139.0,slow,True,False,False,False,False,20.799999999999997,bidoof
400,Bibarel,Bibarel,,4,Common,Normal,Water,410.0,79.0,85.0,60.0,55.0,60.0,71.0,,,,,https://img.pokemondb.net/sprites/sword-shield/icon/bibarel.png,False,85.0,199.0,mid,False,False,False,False,False,20.0,bibarel
401,Kricketot,Kricketot,,4,Common,Bug,,194.0,37.0,25.0,41.0,25.0,41.0,25.0,,,,,https://img.pokemondb.net/sprites/sword-shield/icon/kricketot.png,False,25.0,119.0,slow,True,False,False,False,False,13.0,kricketot
402,Kricketune,Kricketune,,4,Common,Bug,,384.0,77.0,85.0,51.0,55.0,51.0,65.0,,,,,https://img.pokemondb.net/sprites/sword-shield/icon/kricketune.png,False,85.0,179.0,mid,True,False,False,False,False,25.200000000000003,kricketune
403,Shinx,Shinx,,4,Common,Electric,,263.0,45.0,65.0,34.0,40.0,34.0,45.0,Permitted,,,,https://img.pokemondb.net/sprites/sword-shield/icon/shinx.png,False,65.0,113.0,slow,True,False,False,False,True,25.4,shinx
404,Luxio,Luxio,,4,Common,Electric,,363.0,60.0,85.0,49.0,60.0,49.0,60.0,Permitted,,,,https://img.pokemondb.net/sprites/sword-shield/icon/luxio.png,False,85.0,158.0,mid,True,False,False,False,True,29.4,luxio
405,Luxray,Luxray,,4,Common,Electric,,523.0,80.0,120.0,79.0,95.0,79.0,70.0,Permitted,2,0,211,https://img.pokemondb.net/sprites/sword-shield/icon/luxray.png,False,120.0,238.0,mid,True,False,False,True,True,39.400000000000006,luxray
406,Budew,Budew,,4,Baby,Grass,Poison,280.0,40.0,30.0,35.0,50.0,70.0,55.0,Permitted,,,,https://img.pokemondb.net/sprites/sword-shield/icon/budew.png,False,50.0,145.0,mid,False,False,False,False,True,28.0,budew
407,Roserade,Roserade,,4,Common,Grass,Poison,515.0,60.0,70.0,65.0,125.0,105.0,90.0,Permitted,,,,https://img.pokemondb.net/sprites/sword-shield/icon/roserade.png,False,125.0,230.0,fast,False,False,False,False,True,47.0,roserade
408,Cranidos,Cranidos,,4,Common,Rock,,350.0,67.0,125.0,40.0,30.0,30.0,58.0,,,,,https://img.pokemondb.net/sprites/sword-shield/icon/cranidos.png,False,125.0,137.0,mid,True,False,False,False,False,80.0,cranidos
409,Rampardos,Rampardos,,4,Common,Rock,,495.0,97.0,165.0,60.0,65.0,50.0,58.0,,,,,https://img.pokemondb.net/sprites/sword-shield/icon/rampardos.png,False,165.0,207.0,mid,True,False,False,False,False,99.0,rampardos
410,Shieldon,Shieldon,,4,Common,Rock,Steel,350.0,30.0,42.0,118.0,42.0,88.0,30.0,,,,,https://img.pokemondb.net/sprites/sword-shield/icon/shieldon.png,False,42.0,236.0,slow,False,False,False,False,False,71.6,shieldon
411,Bastiodon,Bastiodon,,4,Common,Rock,Steel,495.0,60.0,52.0,168.0,47.0,138.0,30.0,,,,,https://img.pokemondb.net/sprites/sword-shield/icon/bastiodon.png,False,52.0,366.0,slow,False,False,False,False,False,102.6,bastiodon
412,Burmy Plant Cloak,Burmy,Plant Cloak,4,Common,Bug,,224.0,40.0,29.0,45.0,29.0,45.0,36.0,,,,,https://img.pokemondb.net/sprites/sword-shield/icon/burmy-plant.png,False,29.0,130.0,slow,True,False,False,False,False,11.5,burmy plant cloak
412,Burmy Sandy Cloak,Burmy,Sandy Cloak,4,Common,Bug,,224.0,40.0,29.0,45.0,29.0,45.0,36.0,,,,,https://img.pokemondb.net/sprites/sword-shield/icon/burmy-sandy.png,False,29.0,130.0,slow,True,False,False,False,False,11.5,burmy sandy cloak
412,Burmy Trash Cloak,Burmy,Trash Cloak,4,Common,Bug,,224.0,40.0,29.0,45.0,29.0,45.0,36.0,,,,,https://img.pokemondb.net/sprites/sword-shield/icon/burmy-trash.png,False,29.0,130.0,slow,True,False,False,False,False,11.5,burmy trash cloak
413,Wormadam Plant Cloak,Wormadam,Plant Cloak,4,Common,Bug,Grass,424.0,60.0,59.0,85.0,79.0,105.0,36.0,,,,,https://img.pokemondb.net/sprites/sword-shield/icon/wormadam-plant.png,False,79.0,250.0,slow,False,False,False,False,False,41.2,wormadam plant cloak
413,Wormadam Sandy Cloak,Wormadam,Sandy Cloak,4,Common,Bug,Ground,424.0,60.0,79.0,105.0,59.0,85.0,36.0,,,,,https://img.pokemondb.net/sprites/sword-shield/icon/wormadam-sandy.png,False,79.0,250.0,slow,False,False,False,False,False,41.2,wormadam sandy cloak
413,Wormadam Trash Cloak,Wormadam,Trash Cloak,4,Common,Bug,Steel,424.0,60.0,69.0,95.0,69.0,95.0,36.0,,,,,https://img.pokemondb.net/sprites/sword-shield/icon/wormadam-trash.png,False,69.0,250.0,slow,False,False,False,False,False,36.5,wormadam trash cloak
414,Mothim,Mothim,,4,Common,Bug,Flying,424.0,70.0,94.0,50.0,94.0,50.0,66.0,,,,,https://img.pokemondb.net/sprites/sword-shield/icon/mothim.png,False,94.0,170.0,mid,False,False,False,False,False,35.0,mothim
415,Combee,Combee,,4,Common,Bug,Flying,244.0,30.0,30.0,42.0,30.0,42.0,70.0,Permitted,,,,https://img.pokemondb.net/sprites/sword-shield/icon/combee.png,False,30.0,114.0,mid,False,False,False,False,True,35.2,combee
416,Vespiquen,Vespiquen,,4,Common,Bug,Flying,474.0,70.0,80.0,102.0,80.0,102.0,40.0,Permitted,,,,https://img.pokemondb.net/sprites/sword-shield/icon/vespiquen.png,False,80.0,274.0,slow,False,False,False,False,True,34.5,vespiquen
417,Pachirisu,Pachirisu,,4,Common,Electric,,405.0,60.0,45.0,70.0,45.0,90.0,95.0,,,,,https://img.pokemondb.net/sprites/sword-shield/icon/pachirisu.png,False,45.0,220.0,fast,True,False,False,False,False,33.0,pachirisu
418,Buizel,Buizel,,4,Common,Water,,330.0,55.0,65.0,35.0,60.0,30.0,85.0,,,,,https://img.pokemondb.net/sprites/sword-shield/icon/buizel.png,False,65.0,120.0,mid,True,False,False,False,False,36.0,buizel
419,Floatzel,Floatzel,,4,Common,Water,,495.0,85.0,105.0,55.0,85.0,50.0,115.0,,,,,https://img.pokemondb.net/sprites/sword-shield/icon/floatzel.png,False,105.0,190.0,fast,True,False,False,False,False,39.0,floatzel
420,Cherubi,Cherubi,,4,Common,Grass,,275.0,45.0,35.0,45.0,62.0,53.0,35.0,Permitted,,,,https://img.pokemondb.net/sprites/sword-shield/icon/cherubi.png,False,62.0,143.0,slow,True,False,False,False,True,19.4,cherubi
421,Cherrim,Cherrim,,4,Common,Grass,,450.0,70.0,60.0,70.0,87.0,78.0,85.0,Permitted,8,0,155,https://img.pokemondb.net/sprites/sword-shield/icon/cherrim.png,False,87.0,218.0,mid,True,False,False,True,True,14.400000000000006,cherrim
422,Shellos,Shellos,,4,Common,Water,,325.0,76.0,48.0,48.0,57.0,62.0,34.0,Permitted,,,,https://img.pokemondb.net/sprites/sword-shield/icon/shellos.png,False,57.0,186.0,slow,True,False,False,False,True,26.200000000000003,shellos
423,Gastrodon,Gastrodon,,4,Common,Water,Ground,475.0,111.0,83.0,68.0,92.0,82.0,39.0,Permitted,396,20,11,https://img.pokemondb.net/sprites/sword-shield/icon/gastrodon.png,False,92.0,261.0,slow,False,False,False,True,True,38.2,gastrodon
424,Ambipom,Ambipom,,4,Common,Normal,,482.0,75.0,100.0,66.0,60.0,66.0,115.0,,,,,https://img.pokemondb.net/sprites/sword-shield/icon/ambipom.png,False,100.0,207.0,fast,True,False,False,False,False,41.599999999999994,ambipom
425,Drifloon,Drifloon,,4,Common,Ghost,Flying,348.0,90.0,50.0,34.0,60.0,44.0,70.0,Permitted,,,,https://img.pokemondb.net/sprites/sword-shield/icon/drifloon.png,False,60.0,168.0,mid,False,False,False,False,True,38.4,drifloon
426,Drifblim,Drifblim,,4,Common,Ghost,Flying,498.0,150.0,80.0,44.0,90.0,54.0,80.0,Permitted,3,0,139,https://img.pokemondb.net/sprites/sword-shield/icon/drifblim.png,False,90.0,248.0,mid,False,False,False,True,True,80.4,drifblim
427,Buneary,Buneary,,4,Common,Normal,,350.0,55.0,66.0,44.0,44.0,56.0,85.0,Permitted,,,,https://img.pokemondb.net/sprites/sword-shield/icon/buneary.png,False,66.0,155.0,mid,True,False,False,False,True,32.0,buneary
428,Mega Lopunny,Lopunny,Mega,6,Common,Normal,Fighting,580.0,65.0,136.0,94.0,54.0,96.0,135.0,Banned,,,,https://img.pokemondb.net/sprites/sword-shield/icon/lopunny-mega.png,False,136.0,255.0,elite,False,False,False,False,False,47.2,mega lopunny
428,Lopunny,Lopunny,,4,Common,Normal,,480.0,65.0,76.0,84.0,54.0,96.0,105.0,Permitted,,,,https://img.pokemondb.net/sprites/sword-shield/icon/lopunny.png,False,76.0,245.0,fast,True,False,False,False,True,30.0,lopunny
429,Mismagius,Mismagius,,4,Common,Ghost,,495.0,60.0,60.0,60.0,105.0,105.0,105.0,,,,,https://img.pokemondb.net/sprites/sword-shield/icon/mismagius.png,False,105.0,225.0,fast,True,False,False,False,False,45.0,mismagius
430,Honchkrow,Honchkrow,,4,Common,Dark,Flying,505.0,100.0,125.0,52.0,105.0,52.0,71.0,,,,,https://img.pokemondb.net/sprites/sword-shield/icon/honchkrow.png,False,125.0,204.0,mid,False,False,False,False,False,49.0,honchkrow
431,Glameow,Glameow,,4,Common,Normal,,310.0,49.0,55.0,42.0,42.0,37.0,85.0,,,,,https://img.pokemondb.net/sprites/sword-shield/icon/glameow.png,False,55.0,128.0,mid,True,False,False,False,False,40.0,glameow
432,Purugly,Purugly,,4,Common,Normal,,452.0,71.0,82.0,64.0,64.0,59.0,112.0,,,,,https://img.pokemondb.net/sprites/sword-shield/icon/purugly.png,False,82.0,194.0,fast,True,False,False,False,False,44.0,purugly
433,Chingling,Chingling,,4,Baby,Psychic,,285.0,45.0,30.0,50.0,65.0,50.0,45.0,,,,,https://img.pokemondb.net/sprites/sword-shield/icon/chingling.png,False,65.0,145.0,slow,True,False,False,False,False,21.0,chingling
434,Stunky,Stunky,,4,Common,Poison,Dark,329.0,63.0,63.0,47.0,41.0,41.0,74.0,Permitted,,,,https://img.pokemondb.net/sprites/sword-shield/icon/stunky.png,False,63.0,151.0,mid,False,False,False,False,True,23.0,stunky
435,Skuntank,Skuntank,,4,Common,Poison,Dark,479.0,103.0,93.0,67.0,71.0,61.0,84.0,Permitted,,,,https://img.pokemondb.net/sprites/sword-shield/icon/skuntank.png,False,93.0,231.0,mid,False,False,False,False,True,27.799999999999997,skuntank
436,Bronzor,Bronzor,,4,Common,Steel,Psychic,300.0,57.0,24.0,86.0,24.0,86.0,23.0,Permitted,,,,https://img.pokemondb.net/sprites/sword-shield/icon/bronzor.png,False,24.0,229.0,slow,False,False,False,False,True,54.0,bronzor
437,Bronzong,Bronzong,,4,Common,Steel,Psychic,500.0,67.0,89.0,116.0,79.0,116.0,33.0,Permitted,27,1,52,https://img.pokemondb.net/sprites/sword-shield/icon/bronzong.png,False,89.0,299.0,slow,False,False,False,True,True,49.0,bronzong
438,Bonsly,Bonsly,,4,Baby,Rock,,290.0,50.0,80.0,95.0,10.0,45.0,10.0,Permitted,,,,https://img.pokemondb.net/sprites/sword-shield/icon/bonsly.png,False,80.0,190.0,slow,True,False,False,False,True,56.0,bonsly
439,Mime Jr.,Mime,Jr.,4,Baby,Psychic,Fairy,310.0,20.0,25.0,45.0,70.0,90.0,60.0,Permitted,,,,https://img.pokemondb.net/sprites/sword-shield/icon/mime-jr.png,False,70.0,155.0,mid,False,False,False,False,True,46.0,mime jr
440,Happiny,Happiny,,4,Baby,Normal,,220.0,100.0,5.0,5.0,15.0,65.0,30.0,Permitted,,,,https://img.pokemondb.net/sprites/sword-shield/icon/happiny.png,False,15.0,170.0,slow,True,False,False,False,True,76.0,happiny
441,Chatot,Chatot,,4,Common,Normal,Flying,411.0,76.0,65.0,45.0,92.0,42.0,91.0,,,,,https://img.pokemondb.net/sprites/sword-shield/icon/chatot.png,False,92.0,163.0,fast,False,False,False,False,False,28.200000000000003,chatot
442,Spiritomb,Spiritomb,,4,Common,Ghost,Dark,485.0,50.0,92.0,108.0,92.0,108.0,35.0,Permitted,,,,https://img.pokemondb.net/sprites/sword-shield/icon/spiritomb.png,False,92.0,266.0,slow,False,False,False,False,True,40.75,spiritomb
443,Gible,Gible,,4,Common,Dragon,Ground,300.0,58.0,70.0,45.0,40.0,45.0,42.0,Permitted,,,,https://img.pokemondb.net/sprites/sword-shield/icon/gible.png,False,70.0,148.0,slow,False,False,False,False,True,24.0,gible
444,Gabite,Gabite,,4,Common,Dragon,Ground,410.0,68.0,90.0,65.0,50.0,55.0,82.0,Permitted,,,,https://img.pokemondb.net/sprites/sword-shield/icon/gabite.png,False,90.0,188.0,mid,False,False,False,False,True,26.0,gabite
445,Garchomp,Garchomp,,4,Common,Dragon,Ground,600.0,108.0,130.0,95.0,80.0,85.0,102.0,Permitted,15,0,133,https://img.pokemondb.net/sprites/sword-shield/icon/garchomp.png,False,130.0,288.0,fast,False,False,False,True,True,36.0,garchomp
445,Mega Garchomp,Garchomp,Mega,6,Common,Dragon,Ground,700.0,108.0,170.0,115.0,120.0,95.0,92.0,Banned,,,,https://img.pokemondb.net/sprites/sword-shield/icon/garchomp-mega.png,False,170.0,318.0,fast,False,False,False,False,False,64.0,mega garchomp
446,Munchlax,Munchlax,,4,Baby,Normal,,390.0,135.0,85.0,40.0,40.0,85.0,5.0,Permitted,,,,https://img.pokemondb.net/sprites/sword-shield/icon/munchlax.png,False,85.0,260.0,slow,True,False,False,False,True,84.0,munchlax
447,Riolu,Riolu,,4,Baby,Fighting,,285.0,40.0,70.0,40.0,35.0,40.0,60.0,Permitted,13,0,162,https://img.pokemondb.net/sprites/sword-shield/icon/riolu.png,False,70.0,120.0,mid,True,False,False,True,True,27.0,riolu
448,Mega Lucario,Lucario,Mega,6,Common,Fighting,Steel,625.0,70.0,145.0,88.0,140.0,70.0,112.0,Banned,,,,https://img.pokemondb.net/sprites/sword-shield/icon/lucario-mega.png,False,145.0,228.0,fast,False,False,False,False,False,49.0,mega lucario
448,Lucario,Lucario,,4,Common,Fighting,Steel,525.0,70.0,110.0,70.0,115.0,70.0,90.0,Permitted,9,0,153,https://img.pokemondb.net/sprites/sword-shield/icon/lucario.png,False,115.0,210.0,fast,False,False,False,True,True,33.0,lucario
449,Hippopotas,Hippopotas,,4,Common,Ground,,330.0,68.0,72.0,78.0,38.0,42.0,32.0,Permitted,,,,https://img.pokemondb.net/sprites/sword-shield/icon/hippopotas.png,False,72.0,188.0,slow,True,False,False,False,True,27.6,hippopotas
450,Hippowdon,Hippowdon,,4,Common,Ground,,525.0,108.0,112.0,118.0,68.0,72.0,47.0,Permitted,,,,https://img.pokemondb.net/sprites/sword-shield/icon/hippowdon.png,False,112.0,298.0,slow,True,False,False,False,True,36.599999999999994,hippowdon
451,Skorupi,Skorupi,,4,Common,Poison,Bug,330.0,40.0,50.0,90.0,30.0,55.0,65.0,Permitted,,,,https://img.pokemondb.net/sprites/sword-shield/icon/skorupi.png,False,50.0,185.0,mid,False,False,False,False,True,42.0,skorupi
452,Drapion,Drapion,,4,Common,Poison,Dark,500.0,70.0,90.0,110.0,60.0,75.0,95.0,Permitted,,,,https://img.pokemondb.net/sprites/sword-shield/icon/drapion.png,False,90.0,255.0,fast,False,False,False,False,True,32.0,drapion
453,Croagunk,Croagunk,,4,Common,Poison,Fighting,300.0,48.0,61.0,40.0,61.0,40.0,50.0,Permitted,,,,https://img.pokemondb.net/sprites/sword-shield/icon/croagunk.png,False,61.0,128.0,mid,False,False,False,False,True,16.5,croagunk
454,Toxicroak,Toxicroak,,4,Common,Poison,Fighting,490.0,83.0,106.0,65.0,86.0,65.0,85.0,Permitted,2,0,144,https://img.pokemondb.net/sprites/sword-shield/icon/toxicroak.png,False,106.0,213.0,mid,False,False,False,True,True,29.200000000000003,toxicroak
455,Carnivine,Carnivine,,4,Common,Grass,,454.0,74.0,100.0,72.0,90.0,72.0,46.0,,,,,https://img.pokemondb.net/sprites/sword-shield/icon/carnivine.png,False,100.0,218.0,slow,True,False,False,False,False,29.200000000000003,carnivine
456,Finneon,Finneon,,4,Common,Water,,330.0,49.0,49.0,56.0,49.0,61.0,66.0,,,,,https://img.pokemondb.net/sprites/sword-shield/icon/finneon.png,False,49.0,166.0,mid,True,False,False,False,False,13.200000000000003,finneon
457,Lumineon,Lumineon,,4,Common,Water,,460.0,69.0,69.0,76.0,69.0,86.0,91.0,,,,,https://img.pokemondb.net/sprites/sword-shield/icon/lumineon.png,False,69.0,231.0,fast,True,False,False,False,False,17.200000000000003,lumineon
458,Mantyke,Mantyke,,4,Baby,Water,Flying,345.0,45.0,20.0,50.0,60.0,120.0,50.0,Permitted,,,,https://img.pokemondb.net/sprites/sword-shield/icon/mantyke.png,False,60.0,215.0,mid,False,False,False,False,True,75.0,mantyke
459,Snover,Snover,,4,Common,Grass,Ice,334.0,60.0,62.0,50.0,62.0,60.0,40.0,Permitted,,,,https://img.pokemondb.net/sprites/sword-shield/icon/snover.png,False,62.0,170.0,slow,False,False,False,False,True,9.5,snover
460,Abomasnow,Abomasnow,,4,Common,Grass,Ice,494.0,90.0,92.0,75.0,92.0,85.0,60.0,Permitted,5,0,188,https://img.pokemondb.net/sprites/sword-shield/icon/abomasnow.png,False,92.0,250.0,mid,False,False,False,True,True,14.5,abomasnow
460,Mega Abomasnow,Abomasnow,Mega,6,Common,Grass,Ice,594.0,90.0,132.0,105.0,132.0,105.0,30.0,Banned,,,,https://img.pokemondb.net/sprites/sword-shield/icon/abomasnow-mega.png,False,132.0,300.0,slow,False,False,False,False,False,49.5,mega abomasnow
461,Weavile,Weavile,,4,Common,Dark,Ice,510.0,70.0,120.0,65.0,45.0,85.0,125.0,Permitted,14,0,84,https://img.pokemondb.net/sprites/sword-shield/icon/weavile.png,False,120.0,220.0,elite,False,False,False,True,True,48.0,weavile
462,Magnezone,Magnezone,,4,Common,Electric,Steel,535.0,70.0,70.0,115.0,130.0,90.0,60.0,Permitted,,,,https://img.pokemondb.net/sprites/sword-shield/icon/magnezone.png,False,130.0,275.0,mid,False,False,False,False,True,49.0,magnezone
463,Lickilicky,Lickilicky,,4,Common,Normal,,515.0,110.0,85.0,95.0,80.0,95.0,50.0,Permitted,,,,https://img.pokemondb.net/sprites/sword-shield/icon/lickilicky.png,False,85.0,300.0,mid,True,False,False,False,True,29.0,lickilicky
464,Rhyperior,Rhyperior,,4,Common,Ground,Rock,535.0,115.0,140.0,130.0,55.0,55.0,40.0,Permitted,9,0,184,https://img.pokemondb.net/sprites/sword-shield/icon/rhyperior.png,False,140.0,300.0,slow,False,False,False,True,True,61.0,rhyperior
465,Tangrowth,Tangrowth,,4,Common,Grass,,535.0,100.0,100.0,125.0,110.0,50.0,50.0,Permitted,,,,https://img.pokemondb.net/sprites/sword-shield/icon/tangrowth.png,False,110.0,275.0,mid,True,False,False,False,True,43.0,tangrowth
466,Electivire,Electivire,,4,Common,Electric,,540.0,75.0,123.0,67.0,95.0,85.0,95.0,Permitted,3,0,186,https://img.pokemondb.net/sprites/sword-shield/icon/electivire.png,False,123.0,227.0,fast,True,False,False,True,True,39.599999999999994,electivire
467,Magmortar,Magmortar,,4,Common,Fire,,540.0,75.0,95.0,67.0,125.0,95.0,83.0,Permitted,,,,https://img.pokemondb.net/sprites/sword-shield/icon/magmortar.png,False,125.0,237.0,mid,True,False,False,False,True,42.0,magmortar
468,Togekiss,Togekiss,,4,Common,Fairy,Flying,545.0,85.0,50.0,95.0,120.0,115.0,80.0,Permitted,39,1,53,https://img.pokemondb.net/sprites/sword-shield/icon/togekiss.png,False,120.0,295.0,mid,False,False,False,True,True,35.0,togekiss
469,Yanmega,Yanmega,,4,Common,Bug,Flying,515.0,86.0,76.0,86.0,116.0,56.0,95.0,,,,,https://img.pokemondb.net/sprites/sword-shield/icon/yanmega.png,False,116.0,228.0,fast,False,False,False,False,False,36.2,yanmega
470,Leafeon,Leafeon,,4,Common,Grass,,525.0,65.0,110.0,130.0,60.0,65.0,95.0,Permitted,5,0,187,https://img.pokemondb.net/sprites/sword-shield/icon/leafeon.png,False,110.0,260.0,fast,True,False,False,True,True,51.0,leafeon
471,Glaceon,Glaceon,,4,Common,Ice,,525.0,65.0,60.0,110.0,130.0,95.0,65.0,Permitted,1,0,215,https://img.pokemondb.net/sprites/sword-shield/icon/glaceon.png,False,130.0,270.0,mid,True,False,False,True,True,51.0,glaceon
472,Gliscor,Gliscor,,4,Common,Ground,Flying,510.0,75.0,95.0,125.0,45.0,75.0,95.0,,,,,https://img.pokemondb.net/sprites/sword-shield/icon/gliscor.png,False,95.0,275.0,fast,False,False,False,False,False,48.0,gliscor
473,Mamoswine,Mamoswine,,4,Common,Ice,Ground,530.0,110.0,130.0,80.0,70.0,60.0,80.0,Permitted,16,1,64,https://img.pokemondb.net/sprites/sword-shield/icon/mamoswine.png,False,130.0,250.0,mid,False,False,False,True,True,50.0,mamoswine
474,Porygon-Z,Porygon-Z,,4,Common,Normal,,535.0,85.0,80.0,70.0,135.0,75.0,90.0,Permitted,7,0,151,https://img.pokemondb.net/sprites/sword-shield/icon/porygon-z.png,False,135.0,230.0,fast,True,False,False,True,True,55.0,porygon z
475,Gallade,Gallade,,4,Common,Psychic,Fighting,518.0,68.0,125.0,65.0,65.0,115.0,80.0,Permitted,,,,https://img.pokemondb.net/sprites/sword-shield/icon/gallade.png,False,125.0,248.0,mid,False,False,False,False,True,46.400000000000006,gallade
475,Mega Gallade,Gallade,Mega,6,Common,Psychic,Fighting,618.0,68.0,165.0,95.0,65.0,115.0,110.0,Banned,,,,https://img.pokemondb.net/sprites/sword-shield/icon/gallade-mega.png,False,165.0,278.0,fast,False,False,False,False,False,74.4,mega gallade
476,Probopass,Probopass,,4,Common,Rock,Steel,525.0,60.0,55.0,145.0,75.0,150.0,40.0,,,,,https://img.pokemondb.net/sprites/sword-shield/icon/probopass.png,False,75.0,355.0,slow,False,False,False,False,False,75.0,probopass
477,Dusknoir,Dusknoir,,4,Common,Ghost,,525.0,45.0,100.0,135.0,65.0,135.0,45.0,Permitted,,,,https://img.pokemondb.net/sprites/sword-shield/icon/dusknoir.png,False,100.0,315.0,slow,True,False,False,False,True,71.25,dusknoir
478,Froslass,Froslass,,4,Common,Ice,Ghost,480.0,70.0,80.0,70.0,80.0,70.0,110.0,Permitted,4,0,159,https://img.pokemondb.net/sprites/sword-shield/icon/froslass.png,False,80.0,210.0,fast,False,False,False,True,True,36.0,froslass
479,Fan Rotom,Rotom,Fan,4,Common,Electric,Flying,520.0,50.0,65.0,107.0,105.0,107.0,86.0,,,,,https://img.pokemondb.net/sprites/sword-shield/icon/rotom-fan.png,False,105.0,264.0,mid,False,False,False,False,False,30.5,fan rotom
479,Frost Rotom,Rotom,Frost,4,Common,Electric,Ice,520.0,50.0,65.0,107.0,105.0,107.0,86.0,,,,,https://img.pokemondb.net/sprites/sword-shield/icon/rotom-frost.png,False,105.0,264.0,mid,False,False,False,False,False,30.5,frost rotom
479,Wash Rotom,Rotom,Wash,4,Common,Electric,Water,520.0,50.0,65.0,107.0,105.0,107.0,86.0,,16,0,110,https://img.pokemondb.net/sprites/sword-shield/icon/rotom-wash.png,False,105.0,264.0,mid,False,False,False,True,False,30.5,wash rotom
479,Heat Rotom,Rotom,Heat,4,Common,Electric,Fire,520.0,50.0,65.0,107.0,105.0,107.0,86.0,,43,1,48,https://img.pokemondb.net/sprites/sword-shield/icon/rotom-heat.png,False,105.0,264.0,mid,False,False,False,True,False,30.5,heat rotom
479,Rotom,Rotom,,4,Common,Electric,Ghost,440.0,50.0,50.0,77.0,95.0,77.0,91.0,Permitted,,,,https://img.pokemondb.net/sprites/sword-shield/icon/rotom.png,False,95.0,204.0,fast,False,False,False,False,True,26.0,rotom
479,Mow Rotom,Rotom,Mow,4,Common,Electric,Grass,520.0,50.0,65.0,107.0,105.0,107.0,86.0,,3,0,213,https://img.pokemondb.net/sprites/sword-shield/icon/rotom-mow.png,False,105.0,264.0,mid,False,False,False,True,False,30.5,mow rotom
480,Uxie,Uxie,,4,Legendary,Psychic,,580.0,75.0,75.0,130.0,75.0,130.0,95.0,Permitted,,,,https://img.pokemondb.net/sprites/sword-shield/icon/uxie.png,False,75.0,335.0,fast,True,True,False,False,True,50.0,uxie
481,Mesprit,Mesprit,,4,Legendary,Psychic,,580.0,80.0,105.0,105.0,105.0,105.0,80.0,Permitted,,,,https://img.pokemondb.net/sprites/sword-shield/icon/mesprit.png,False,105.0,290.0,mid,True,True,False,False,True,25.0,mesprit
482,Azelf,Azelf,,4,Legendary,Psychic,,580.0,75.0,125.0,70.0,125.0,70.0,115.0,Permitted,,,,https://img.pokemondb.net/sprites/sword-shield/icon/azelf.png,False,125.0,215.0,fast,True,True,False,False,True,42.5,azelf
483,Dialga,Dialga,,4,Legendary,Steel,Dragon,680.0,100.0,120.0,120.0,150.0,100.0,90.0,Restricted (players can include two Restricted Pokémon in their team),130,4,29,https://img.pokemondb.net/sprites/sword-shield/icon/dialga.png,False,150.0,320.0,fast,False,True,False,True,True,44.0,dialga
483,Dialga Origin Forme,Dialga,Origin Forme,4,Legendary,Steel,Dragon,680.0,100.0,100.0,120.0,150.0,120.0,90.0,,,,,https://img.pokemondb.net/s.png,False,150.0,340.0,fast,False,True,False,False,False,44.0,dialga origin forme
484,Palkia Origin Forme,Palkia,Origin Forme,4,Legendary,Water,Dragon,680.0,90.0,100.0,100.0,150.0,120.0,120.0,,,,,https://img.pokemondb.net/s.png,False,150.0,310.0,elite,False,True,False,False,False,44.0,palkia origin forme
484,Palkia,Palkia,,4,Legendary,Water,Dragon,680.0,90.0,120.0,100.0,150.0,120.0,100.0,Restricted (players can include two Restricted Pokémon in their team),195,9,18,https://img.pokemondb.net/sprites/sword-shield/icon/palkia.png,False,150.0,310.0,fast,False,True,False,True,True,44.0,palkia
485,Heatran,Heatran,,4,Legendary,Fire,Steel,600.0,91.0,90.0,106.0,130.0,106.0,77.0,Permitted,9,0,179,https://img.pokemondb.net/sprites/sword-shield/icon/heatran.png,False,130.0,303.0,mid,False,True,False,True,True,36.0,heatran
486,Regigigas,Regigigas,,4,Legendary,Normal,,670.0,110.0,160.0,110.0,80.0,110.0,100.0,,37,1,50,https://img.pokemondb.net/sprites/sword-shield/icon/regigigas.png,False,160.0,330.0,fast,True,True,False,True,False,58.0,regigigas
487,Giratina Origin Forme,Giratina,Origin Forme,4,Legendary,Ghost,Dragon,680.0,150.0,120.0,100.0,120.0,100.0,90.0,,16,0,123,https://img.pokemondb.net/sprites/sword-shield/icon/giratina-origin.png,False,120.0,350.0,fast,False,True,False,True,False,44.0,giratina origin forme
487,Giratina Altered Forme,Giratina,Altered Forme,4,Legendary,Ghost,Dragon,680.0,150.0,100.0,120.0,100.0,120.0,90.0,,9,0,190,https://img.pokemondb.net/sprites/sword-shield/icon/giratina-altered.png,False,100.0,390.0,fast,False,True,False,True,False,44.0,giratina altered forme
488,Cresselia,Cresselia,,4,Legendary,Psychic,,600.0,120.0,70.0,120.0,75.0,130.0,85.0,Permitted,10,0,195,https://img.pokemondb.net/sprites/sword-shield/icon/cresselia.png,False,75.0,370.0,mid,True,True,False,True,True,36.0,cresselia
489,Phione,Phione,,4,Mythical,Water,,480.0,80.0,80.0,80.0,80.0,80.0,80.0,,,,,https://img.pokemondb.net/sprites/sword-shield/icon/phione.png,False,80.0,240.0,mid,True,False,True,False,False,0,phione
490,Manaphy,Manaphy,,4,Mythical,Water,,600.0,100.0,100.0,100.0,100.0,100.0,100.0,,,,,https://img.pokemondb.net/sprites/sword-shield/icon/manaphy.png,False,100.0,300.0,fast,True,False,True,False,False,0,manaphy
491,Darkrai,Darkrai,,4,Mythical,Dark,,600.0,70.0,90.0,90.0,135.0,90.0,125.0,,,,,https://img.pokemondb.net/sprites/sword-shield/icon/darkrai.png,False,135.0,250.0,elite,True,False,True,False,False,42.0,darkrai
492,Shaymin Land Forme,Shaymin,Land Forme,4,Mythical,Grass,,600.0,100.0,100.0,100.0,100.0,100.0,100.0,,,,,https://img.pokemondb.net/sprites/sword-shield/icon/shaymin-land.png,False,100.0,300.0,fast,True,False,True,False,False,0,shaymin land forme
492,Shaymin Sky Forme,Shaymin,Sky Forme,4,Mythical,Grass,Flying,600.0,100.0,103.0,75.0,120.0,75.0,127.0,,,,,https://img.pokemondb.net/sprites/sword-shield/icon/shaymin-sky.png,False,120.0,250.0,elite,False,False,True,False,False,32.400000000000006,shaymin sky forme
493,Arceus,Arceus,,4,Mythical,Normal,,720.0,120.0,120.0,120.0,120.0,120.0,120.0,,,,,https://img.pokemondb.net/sprites/sword-shield/icon/arceus.png,False,120.0,360.0,elite,True,False,True,False,False,0,arceus
494,Victini,Victini,,5,Mythical,Psychic,Fire,600.0,100.0,100.0,100.0,100.0,100.0,100.0,Banned,,,,https://img.pokemondb.net/sprites/sword-shield/icon/victini.png,False,100.0,300.0,fast,False,False,True,False,False,0,victini
495,Snivy,Snivy,,5,Common,Grass,,308.0,45.0,45.0,55.0,45.0,55.0,63.0,,,,,https://img.pokemondb.net/sprites/sword-shield/icon/snivy.png,False,45.0,155.0,mid,True,False,False,False,False,14.0,snivy
496,Servine,Servine,,5,Common,Grass,,413.0,60.0,60.0,75.0,60.0,75.0,83.0,,,,,https://img.pokemondb.net/sprites/sword-shield/icon/servine.png,False,60.0,210.0,mid,True,False,False,False,False,17.0,servine
497,Serperior,Serperior,,5,Common,Grass,,528.0,75.0,75.0,95.0,75.0,95.0,113.0,,,,,https://img.pokemondb.net/sprites/sword-shield/icon/serperior.png,False,75.0,265.0,fast,True,False,False,False,False,30.0,serperior
498,Tepig,Tepig,,5,Common,Fire,,308.0,65.0,63.0,45.0,45.0,45.0,45.0,,,,,https://img.pokemondb.net/sprites/sword-shield/icon/tepig.png,False,63.0,155.0,slow,True,False,False,False,False,16.4,tepig
499,Pignite,Pignite,,5,Common,Fire,Fighting,418.0,90.0,93.0,55.0,70.0,55.0,55.0,,,,,https://img.pokemondb.net/sprites/sword-shield/icon/pignite.png,False,93.0,200.0,mid,False,False,False,False,False,28.0,pignite
500,Emboar,Emboar,,5,Common,Fire,Fighting,528.0,110.0,123.0,65.0,100.0,65.0,65.0,,,,,https://img.pokemondb.net/sprites/sword-shield/icon/emboar.png,False,123.0,240.0,mid,False,False,False,False,False,42.0,emboar
501,Oshawott,Oshawott,,5,Common,Water,,308.0,55.0,55.0,45.0,63.0,45.0,45.0,,,,,https://img.pokemondb.net/sprites/sword-shield/icon/oshawott.png,False,63.0,145.0,slow,True,False,False,False,False,14.0,oshawott
502,Dewott,Dewott,,5,Common,Water,,413.0,75.0,75.0,60.0,83.0,60.0,60.0,,,,,https://img.pokemondb.net/sprites/sword-shield/icon/dewott.png,False,83.0,195.0,mid,True,False,False,False,False,17.0,dewott
503,Samurott,Samurott,,5,Common,Water,,528.0,95.0,100.0,85.0,108.0,70.0,70.0,,,,,https://img.pokemondb.net/sprites/sword-shield/icon/samurott.png,False,108.0,250.0,mid,True,False,False,False,False,24.0,samurott
503,Hisuian Samurott,Samurott,Hisuian,5,Common,Water,Dark,528.0,90.0,108.0,80.0,100.0,65.0,85.0,,,,,https://img.pokemondb.net/s.png,False,108.0,235.0,mid,False,False,False,False,False,24.0,hisuian samurott
504,Patrat,Patrat,,5,Common,Normal,,255.0,45.0,55.0,39.0,35.0,39.0,42.0,,,,,https://img.pokemondb.net/sprites/sword-shield/icon/patrat.png,False,55.0,123.0,slow,True,False,False,False,False,15.0,patrat
505,Watchog,Watchog,,5,Common,Normal,,420.0,60.0,85.0,69.0,60.0,69.0,77.0,,,,,https://img.pokemondb.net/sprites/sword-shield/icon/watchog.png,False,85.0,198.0,mid,True,False,False,False,False,18.0,watchog
506,Lillipup,Lillipup,,5,Common,Normal,,275.0,45.0,60.0,45.0,25.0,45.0,55.0,Permitted,,,,https://img.pokemondb.net/sprites/sword-shield/icon/lillipup.png,False,60.0,135.0,mid,True,False,False,False,True,17.0,lillipup
507,Herdier,Herdier,,5,Common,Normal,,370.0,65.0,80.0,65.0,35.0,65.0,60.0,Permitted,,,,https://img.pokemondb.net/sprites/sword-shield/icon/herdier.png,False,80.0,195.0,mid,True,False,False,False,True,22.0,herdier
508,Stoutland,Stoutland,,5,Common,Normal,,500.0,85.0,110.0,90.0,45.0,90.0,80.0,Permitted,,,,https://img.pokemondb.net/sprites/sword-shield/icon/stoutland.png,False,110.0,265.0,mid,True,False,False,False,True,32.0,stoutland
509,Purrloin,Purrloin,,5,Common,Dark,,281.0,41.0,50.0,37.0,50.0,37.0,66.0,Permitted,,,,https://img.pokemondb.net/sprites/sword-shield/icon/purrloin.png,False,50.0,115.0,mid,True,False,False,False,True,23.0,purrloin
510,Liepard,Liepard,,5,Common,Dark,,446.0,64.0,88.0,50.0,88.0,50.0,106.0,Permitted,16,0,82,https://img.pokemondb.net/sprites/sword-shield/icon/liepard.png,False,88.0,164.0,fast,True,False,False,True,True,38.0,liepard
511,Pansage,Pansage,,5,Common,Grass,,316.0,50.0,53.0,48.0,53.0,48.0,64.0,,,,,https://img.pokemondb.net/sprites/sword-shield/icon/pansage.png,False,53.0,146.0,mid,True,False,False,False,False,13.600000000000001,pansage
512,Simisage,Simisage,,5,Common,Grass,,498.0,75.0,98.0,63.0,98.0,63.0,101.0,,,,,https://img.pokemondb.net/sprites/sword-shield/icon/simisage.png,False,98.0,201.0,fast,True,False,False,False,False,21.599999999999994,simisage
513,Pansear,Pansear,,5,Common,Fire,,316.0,50.0,53.0,48.0,53.0,48.0,64.0,,,,,https://img.pokemondb.net/sprites/sword-shield/icon/pansear.png,False,53.0,146.0,mid,True,False,False,False,False,13.600000000000001,pansear
514,Simisear,Simisear,,5,Common,Fire,,498.0,75.0,98.0,63.0,98.0,63.0,101.0,,,,,https://img.pokemondb.net/sprites/sword-shield/icon/simisear.png,False,98.0,201.0,fast,True,False,False,False,False,21.599999999999994,simisear
515,Panpour,Panpour,,5,Common,Water,,316.0,50.0,53.0,48.0,53.0,48.0,64.0,,,,,https://img.pokemondb.net/sprites/sword-shield/icon/panpour.png,False,53.0,146.0,mid,True,False,False,False,False,13.600000000000001,panpour
516,Simipour,Simipour,,5,Common,Water,,498.0,75.0,98.0,63.0,98.0,63.0,101.0,,,,,https://img.pokemondb.net/sprites/sword-shield/icon/simipour.png,False,98.0,201.0,fast,True,False,False,False,False,21.599999999999994,simipour
517,Munna,Munna,,5,Common,Psychic,,292.0,76.0,25.0,45.0,67.0,55.0,24.0,Permitted,,,,https://img.pokemondb.net/sprites/sword-shield/icon/munna.png,False,67.0,176.0,slow,True,False,False,False,True,32.8,munna
518,Musharna,Musharna,,5,Common,Psychic,,487.0,116.0,55.0,85.0,107.0,95.0,29.0,Permitted,,,,https://img.pokemondb.net/sprites/sword-shield/icon/musharna.png,False,107.0,296.0,slow,True,False,False,False,True,41.8,musharna
519,Pidove,Pidove,,5,Common,Normal,Flying,264.0,50.0,55.0,50.0,36.0,30.0,43.0,Permitted,,,,https://img.pokemondb.net/sprites/sword-shield/icon/pidove.png,False,55.0,130.0,slow,False,False,False,False,True,13.200000000000003,pidove
520,Tranquill,Tranquill,,5,Common,Normal,Flying,358.0,62.0,77.0,62.0,50.0,42.0,65.0,Permitted,,,,https://img.pokemondb.net/sprites/sword-shield/icon/tranquill.png,False,77.0,166.0,mid,False,False,False,False,True,20.799999999999997,tranquill
521,Unfezant,Unfezant,,5,Common,Normal,Flying,488.0,80.0,115.0,80.0,65.0,55.0,93.0,Permitted,,,,https://img.pokemondb.net/sprites/sword-shield/icon/unfezant.png,False,115.0,215.0,fast,False,False,False,False,True,40.400000000000006,unfezant
522,Blitzle,Blitzle,,5,Common,Electric,,295.0,45.0,60.0,32.0,50.0,32.0,76.0,,,,,https://img.pokemondb.net/sprites/sword-shield/icon/blitzle.png,False,60.0,109.0,mid,True,False,False,False,False,32.2,blitzle
523,Zebstrika,Zebstrika,,5,Common,Electric,,497.0,75.0,100.0,63.0,80.0,63.0,116.0,,,,,https://img.pokemondb.net/sprites/sword-shield/icon/zebstrika.png,False,100.0,201.0,fast,True,False,False,False,False,39.8,zebstrika
524,Roggenrola,Roggenrola,,5,Common,Rock,,280.0,55.0,75.0,85.0,25.0,25.0,15.0,Permitted,,,,https://img.pokemondb.net/sprites/sword-shield/icon/roggenrola.png,False,75.0,165.0,slow,True,False,False,False,True,46.0,roggenrola
525,Boldore,Boldore,,5,Common,Rock,,390.0,70.0,105.0,105.0,50.0,40.0,20.0,Permitted,,,,https://img.pokemondb.net/sprites/sword-shield/icon/boldore.png,False,105.0,215.0,slow,True,False,False,False,True,60.0,boldore
526,Gigalith,Gigalith,,5,Common,Rock,,515.0,85.0,135.0,130.0,60.0,80.0,25.0,Permitted,4,0,160,https://img.pokemondb.net/sprites/sword-shield/icon/gigalith.png,False,135.0,295.0,slow,True,False,False,True,True,59.0,gigalith
527,Woobat,Woobat,,5,Common,Psychic,Flying,323.0,65.0,45.0,43.0,55.0,43.0,72.0,Permitted,,,,https://img.pokemondb.net/sprites/sword-shield/icon/woobat.png,False,55.0,151.0,mid,False,False,False,False,True,21.799999999999997,woobat
528,Swoobat,Swoobat,,5,Common,Psychic,Flying,425.0,67.0,57.0,55.0,77.0,55.0,114.0,Permitted,2,0,191,https://img.pokemondb.net/sprites/sword-shield/icon/swoobat.png,False,77.0,177.0,fast,False,False,False,True,True,51.8,swoobat
529,Drilbur,Drilbur,,5,Common,Ground,,328.0,60.0,85.0,40.0,30.0,45.0,68.0,Permitted,,,,https://img.pokemondb.net/sprites/sword-shield/icon/drilbur.png,False,85.0,145.0,mid,True,False,False,False,True,36.4,drilbur
530,Excadrill,Excadrill,,5,Common,Ground,Steel,508.0,110.0,135.0,60.0,50.0,65.0,88.0,Permitted,10,0,140,https://img.pokemondb.net/sprites/sword-shield/icon/excadrill.png,False,135.0,235.0,mid,False,False,False,True,True,60.400000000000006,excadrill
531,Mega Audino,Audino,Mega,6,Common,Normal,Fairy,545.0,103.0,60.0,126.0,80.0,126.0,50.0,Banned,,,,https://img.pokemondb.net/sprites/sword-shield/icon/audino-mega.png,False,80.0,355.0,mid,False,False,False,False,False,52.75,mega audino
531,Audino,Audino,,5,Common,Normal,,445.0,103.0,60.0,86.0,60.0,86.0,50.0,Permitted,,,,https://img.pokemondb.net/sprites/sword-shield/icon/audino.png,False,60.0,275.0,mid,True,False,False,False,True,34.599999999999994,audino
532,Timburr,Timburr,,5,Common,Fighting,,305.0,75.0,80.0,55.0,25.0,35.0,35.0,Permitted,,,,https://img.pokemondb.net/sprites/sword-shield/icon/timburr.png,False,80.0,165.0,slow,True,False,False,False,True,35.0,timburr
533,Gurdurr,Gurdurr,,5,Common,Fighting,,405.0,85.0,105.0,85.0,40.0,50.0,40.0,Permitted,,,,https://img.pokemondb.net/sprites/sword-shield/icon/gurdurr.png,False,105.0,220.0,slow,True,False,False,False,True,45.0,gurdurr
534,Conkeldurr,Conkeldurr,,5,Common,Fighting,,505.0,105.0,140.0,95.0,55.0,65.0,45.0,Permitted,10,0,198,https://img.pokemondb.net/sprites/sword-shield/icon/conkeldurr.png,False,140.0,265.0,slow,True,False,False,True,True,67.0,conkeldurr
535,Tympole,Tympole,,5,Common,Water,,294.0,50.0,50.0,40.0,50.0,40.0,64.0,Permitted,,,,https://img.pokemondb.net/sprites/sword-shield/icon/tympole.png,False,50.0,130.0,mid,True,False,False,False,True,18.0,tympole
536,Palpitoad,Palpitoad,,5,Common,Water,Ground,384.0,75.0,65.0,55.0,65.0,55.0,69.0,Permitted,,,,https://img.pokemondb.net/sprites/sword-shield/icon/palpitoad.png,False,65.0,185.0,mid,False,False,False,False,True,13.200000000000003,palpitoad
537,Seismitoad,Seismitoad,,5,Common,Water,Ground,509.0,105.0,95.0,75.0,85.0,75.0,74.0,Permitted,59,1,46,https://img.pokemondb.net/sprites/sword-shield/icon/seismitoad.png,False,95.0,255.0,mid,False,False,False,True,True,24.200000000000003,seismitoad
538,Throh,Throh,,5,Common,Fighting,,465.0,120.0,100.0,85.0,30.0,85.0,45.0,Permitted,,,,https://img.pokemondb.net/sprites/sword-shield/icon/throh.png,False,100.0,290.0,slow,True,False,False,False,True,51.0,throh
539,Sawk,Sawk,,5,Common,Fighting,,465.0,75.0,125.0,75.0,30.0,75.0,85.0,Permitted,,,,https://img.pokemondb.net/sprites/sword-shield/icon/sawk.png,False,125.0,225.0,mid,True,False,False,False,True,57.0,sawk
540,Sewaddle,Sewaddle,,5,Common,Bug,Grass,310.0,45.0,53.0,70.0,40.0,60.0,42.0,,,,,https://img.pokemondb.net/sprites/sword-shield/icon/sewaddle.png,False,53.0,175.0,slow,False,False,False,False,False,22.0,sewaddle
541,Swadloon,Swadloon,,5,Common,Bug,Grass,380.0,55.0,63.0,90.0,50.0,80.0,42.0,,,,,https://img.pokemondb.net/sprites/sword-shield/icon/swadloon.png,False,63.0,225.0,slow,False,False,False,False,False,32.0,swadloon
542,Leavanny,Leavanny,,5,Common,Bug,Grass,500.0,75.0,103.0,80.0,70.0,80.0,92.0,,,,,https://img.pokemondb.net/sprites/sword-shield/icon/leavanny.png,False,103.0,235.0,fast,False,False,False,False,False,23.599999999999994,leavanny
543,Venipede,Venipede,,5,Common,Bug,Poison,260.0,30.0,45.0,59.0,30.0,39.0,57.0,Permitted,,,,https://img.pokemondb.net/sprites/sword-shield/icon/venipede.png,False,45.0,128.0,mid,False,False,False,False,True,18.799999999999997,venipede
544,Whirlipede,Whirlipede,,5,Common,Bug,Poison,360.0,40.0,55.0,99.0,40.0,79.0,47.0,Permitted,,,,https://img.pokemondb.net/sprites/sword-shield/icon/whirlipede.png,False,55.0,218.0,slow,False,False,False,False,True,46.8,whirlipede
545,Scolipede,Scolipede,,5,Common,Bug,Poison,485.0,60.0,100.0,89.0,55.0,69.0,112.0,Permitted,,,,https://img.pokemondb.net/sprites/sword-shield/icon/scolipede.png,False,100.0,218.0,fast,False,False,False,False,True,37.400000000000006,scolipede
546,Cottonee,Cottonee,,5,Common,Grass,Fairy,280.0,40.0,27.0,60.0,37.0,50.0,66.0,Permitted,,,,https://img.pokemondb.net/sprites/sword-shield/icon/cottonee.png,False,37.0,150.0,mid,False,False,False,False,True,23.200000000000003,cottonee
547,Whimsicott,Whimsicott,,5,Common,Grass,Fairy,480.0,60.0,67.0,85.0,77.0,75.0,116.0,Permitted,425,17,15,https://img.pokemondb.net/sprites/sword-shield/icon/whimsicott.png,False,77.0,220.0,fast,False,False,False,True,True,43.2,whimsicott
548,Petilil,Petilil,,5,Common,Grass,,280.0,45.0,35.0,50.0,70.0,50.0,30.0,Permitted,,,,https://img.pokemondb.net/sprites/sword-shield/icon/petilil.png,False,70.0,145.0,slow,True,False,False,False,True,28.0,petilil
549,Hisuian Lilligant,Lilligant,Hisuian,5,Common,Grass,Fighting,480.0,70.0,105.0,75.0,50.0,75.0,105.0,,,,,https://img.pokemondb.net/s.png,False,105.0,220.0,fast,False,False,False,False,False,37.5,hisuian lilligant
549,Lilligant,Lilligant,,5,Common,Grass,,480.0,70.0,60.0,75.0,110.0,75.0,90.0,Permitted,,,,https://img.pokemondb.net/sprites/sword-shield/icon/lilligant.png,False,110.0,220.0,fast,True,False,False,False,True,36.0,lilligant
550,Basculin White-Striped Form,Basculin,White-Striped Form,5,Common,Water,,460.0,70.0,92.0,65.0,80.0,55.0,98.0,,,,,https://img.pokemondb.net/s.png,False,92.0,190.0,fast,True,False,False,False,False,25.599999999999994,basculin white striped form
550,Basculin Blue-Striped Form,Basculin,Blue-Striped Form,5,Common,Water,,460.0,70.0,92.0,65.0,80.0,55.0,98.0,,,,,https://img.pokemondb.net/sprites/sword-shield/icon/basculin-blue-striped.png,False,92.0,190.0,fast,True,False,False,False,False,25.599999999999994,basculin blue striped form
550,Basculin Red-Striped Form,Basculin,Red-Striped Form,5,Common,Water,,460.0,70.0,92.0,65.0,80.0,55.0,98.0,,,,,https://img.pokemondb.net/sprites/sword-shield/icon/basculin-red-striped.png,False,92.0,190.0,fast,True,False,False,False,False,25.599999999999994,basculin red striped form
551,Sandile,Sandile,,5,Common,Ground,Dark,292.0,50.0,72.0,35.0,35.0,35.0,65.0,Permitted,,,,https://img.pokemondb.net/sprites/sword-shield/icon/sandile.png,False,72.0,120.0,mid,False,False,False,False,True,28.0,sandile
552,Krokorok,Krokorok,,5,Common,Ground,Dark,351.0,60.0,82.0,45.0,45.0,45.0,74.0,Permitted,,,,https://img.pokemondb.net/sprites/sword-shield/icon/krokorok.png,False,82.0,150.0,mid,False,False,False,False,True,28.200000000000003,krokorok
553,Krookodile,Krookodile,,5,Common,Ground,Dark,519.0,95.0,117.0,80.0,65.0,70.0,92.0,Permitted,11,0,138,https://img.pokemondb.net/sprites/sword-shield/icon/krookodile.png,False,117.0,245.0,fast,False,False,False,True,True,36.599999999999994,krookodile
554,Galarian Darumaka,Darumaka,Galarian,8,Common,Ice,,315.0,70.0,90.0,45.0,15.0,45.0,50.0,Permitted,,,,https://img.pokemondb.net/sprites/sword-shield/icon/darumaka-galarian.png,False,90.0,160.0,mid,True,False,False,False,True,45.0,galarian darumaka
554,Darumaka,Darumaka,,5,Common,Fire,,315.0,70.0,90.0,45.0,15.0,45.0,50.0,,,,,https://img.pokemondb.net/sprites/sword-shield/icon/darumaka.png,False,90.0,160.0,mid,True,False,False,False,False,45.0,darumaka
555,Darmanitan Standard Mode,Darmanitan,Standard Mode,5,Common,Fire,,480.0,105.0,140.0,55.0,30.0,55.0,95.0,,3,0,168,https://img.pokemondb.net/sprites/sword-shield/icon/darmanitan-standard.png,False,140.0,215.0,fast,True,False,False,True,False,72.0,darmanitan standard mode
555,Darmanitan Galarian Zen Mode,Darmanitan,Galarian Zen Mode,8,Common,Ice,Fire,540.0,105.0,160.0,55.0,30.0,55.0,135.0,,,,,https://img.pokemondb.net/sprites/sword-shield/icon/darmanitan-galarian-zen.png,False,160.0,215.0,elite,False,False,False,False,False,84.0,darmanitan galarian zen mode
555,Darmanitan Galarian Standard Mode,Darmanitan,Galarian Standard Mode,8,Common,Ice,,480.0,105.0,140.0,55.0,30.0,55.0,95.0,,15,0,90,https://img.pokemondb.net/sprites/sword-shield/icon/darmanitan-galarian-standard.png,False,140.0,215.0,fast,True,False,False,True,False,72.0,darmanitan galarian standard mode
555,Darmanitan Zen Mode,Darmanitan,Zen Mode,5,Common,Fire,Psychic,540.0,105.0,30.0,105.0,140.0,105.0,55.0,,,,,https://img.pokemondb.net/sprites/sword-shield/icon/darmanitan-zen.png,False,140.0,315.0,mid,False,False,False,False,False,60.0,darmanitan zen mode
556,Maractus,Maractus,,5,Common,Grass,,461.0,75.0,86.0,67.0,106.0,67.0,60.0,Permitted,,,,https://img.pokemondb.net/sprites/sword-shield/icon/maractus.png,False,106.0,209.0,mid,True,False,False,False,True,35.0,maractus
557,Dwebble,Dwebble,,5,Common,Bug,Rock,325.0,50.0,65.0,85.0,35.0,35.0,55.0,Permitted,,,,https://img.pokemondb.net/sprites/sword-shield/icon/dwebble.png,False,65.0,170.0,mid,False,False,False,False,True,37.0,dwebble
558,Crustle,Crustle,,5,Common,Bug,Rock,485.0,70.0,105.0,125.0,65.0,75.0,45.0,Permitted,,,,https://img.pokemondb.net/sprites/sword-shield/icon/crustle.png,False,105.0,270.0,slow,False,False,False,False,True,53.0,crustle
559,Scraggy,Scraggy,,5,Common,Dark,Fighting,348.0,50.0,75.0,70.0,35.0,70.0,48.0,Permitted,,,,https://img.pokemondb.net/sprites/sword-shield/icon/scraggy.png,False,75.0,190.0,slow,False,False,False,False,True,20.4,scraggy
560,Scrafty,Scrafty,,5,Common,Dark,Fighting,488.0,65.0,90.0,115.0,45.0,115.0,58.0,Permitted,6,0,171,https://img.pokemondb.net/sprites/sword-shield/icon/scrafty.png,False,90.0,295.0,mid,False,False,False,True,True,50.5,scrafty
561,Sigilyph,Sigilyph,,5,Common,Psychic,Flying,490.0,72.0,58.0,80.0,103.0,80.0,97.0,Permitted,,,,https://img.pokemondb.net/sprites/sword-shield/icon/sigilyph.png,False,103.0,232.0,fast,False,False,False,False,True,25.599999999999994,sigilyph
562,Galarian Yamask,Yamask,Galarian,8,Common,Ground,Ghost,303.0,38.0,55.0,85.0,30.0,65.0,30.0,Permitted,,,,https://img.pokemondb.net/sprites/sword-shield/icon/yamask-galarian.png,False,55.0,188.0,slow,False,False,False,False,True,41.4,galarian yamask
562,Yamask,Yamask,,5,Common,Ghost,,303.0,38.0,30.0,85.0,55.0,65.0,30.0,,,,,https://img.pokemondb.net/sprites/sword-shield/icon/yamask.png,False,55.0,188.0,slow,True,False,False,False,False,41.4,yamask
563,Cofagrigus,Cofagrigus,,5,Common,Ghost,,483.0,58.0,50.0,145.0,95.0,105.0,30.0,Permitted,,,,https://img.pokemondb.net/sprites/sword-shield/icon/cofagrigus.png,False,95.0,308.0,slow,True,False,False,False,True,77.4,cofagrigus
564,Tirtouga,Tirtouga,,5,Common,Water,Rock,355.0,54.0,78.0,103.0,53.0,45.0,22.0,Permitted,,,,https://img.pokemondb.net/sprites/sword-shield/icon/tirtouga.png,False,78.0,202.0,slow,False,False,False,False,True,52.6,tirtouga
565,Carracosta,Carracosta,,5,Common,Water,Rock,495.0,74.0,108.0,133.0,83.0,65.0,32.0,Permitted,,,,https://img.pokemondb.net/sprites/sword-shield/icon/carracosta.png,False,108.0,272.0,slow,False,False,False,False,True,60.599999999999994,carracosta
566,Archen,Archen,,5,Common,Rock,Flying,401.0,55.0,112.0,45.0,74.0,45.0,70.0,Permitted,,,,https://img.pokemondb.net/sprites/sword-shield/icon/archen.png,False,112.0,145.0,mid,False,False,False,False,True,54.2,archen
567,Archeops,Archeops,,5,Common,Rock,Flying,567.0,75.0,140.0,65.0,112.0,65.0,110.0,Permitted,,,,https://img.pokemondb.net/sprites/sword-shield/icon/archeops.png,False,140.0,205.0,fast,False,False,False,False,True,54.599999999999994,archeops
568,Trubbish,Trubbish,,5,Common,Poison,,329.0,50.0,50.0,62.0,40.0,62.0,65.0,Permitted,,,,https://img.pokemondb.net/sprites/sword-shield/icon/trubbish.png,False,50.0,174.0,mid,True,False,False,False,True,12.200000000000003,trubbish
569,Garbodor Gigantamax,Garbodor,Gigantamax,8,,Poison,,,,,,,,,Gigantamax Allowed,,,,https://archives.bulbagarden.net/media/upload/f/ff/569GiMS8.png,True,,,,True,False,False,False,True,,garbodor gigantamax
569,Garbodor,Garbodor,,5,Common,Poison,,474.0,80.0,95.0,82.0,60.0,82.0,75.0,Permitted,1,0,210,https://img.pokemondb.net/sprites/sword-shield/icon/garbodor.png,False,95.0,244.0,mid,True,False,False,True,True,19.200000000000003,garbodor
570,Zorua,Zorua,,5,Common,Dark,,330.0,40.0,65.0,40.0,80.0,40.0,65.0,Permitted,,,,https://img.pokemondb.net/sprites/sword-shield/icon/zorua.png,False,80.0,120.0,mid,True,False,False,False,True,30.0,zorua
570,Hisuian Zorua,Zorua,Hisuian,5,Common,Normal,Ghost,330.0,35.0,60.0,40.0,85.0,40.0,70.0,,,,,https://img.pokemondb.net/s.png,False,85.0,115.0,mid,False,False,False,False,False,36.0,hisuian zorua
571,Zoroark,Zoroark,,5,Common,Dark,,510.0,60.0,105.0,60.0,120.0,60.0,105.0,Permitted,,,,https://img.pokemondb.net/sprites/sword-shield/icon/zoroark.png,False,120.0,180.0,fast,True,False,False,False,True,42.0,zoroark
571,Hisuian Zoroark,Zoroark,Hisuian,5,Common,Normal,Ghost,510.0,55.0,100.0,60.0,125.0,60.0,110.0,,,,,https://img.pokemondb.net/s.png,False,125.0,175.0,fast,False,False,False,False,False,48.0,hisuian zoroark
572,Minccino,Minccino,,5,Common,Normal,,300.0,55.0,50.0,40.0,40.0,40.0,75.0,Permitted,,,,https://img.pokemondb.net/sprites/sword-shield/icon/minccino.png,False,50.0,135.0,mid,True,False,False,False,True,30.0,minccino
573,Cinccino,Cinccino,,5,Common,Normal,,470.0,75.0,95.0,60.0,65.0,60.0,115.0,Permitted,3,0,221,https://img.pokemondb.net/sprites/sword-shield/icon/cinccino.png,False,95.0,195.0,fast,True,False,False,True,True,44.0,cinccino
574,Gothita,Gothita,,5,Common,Psychic,,290.0,45.0,30.0,50.0,55.0,65.0,45.0,Permitted,,,,https://img.pokemondb.net/sprites/sword-shield/icon/gothita.png,False,55.0,160.0,slow,True,False,False,False,True,20.0,gothita
575,Gothorita,Gothorita,,5,Common,Psychic,,390.0,60.0,45.0,70.0,75.0,85.0,55.0,Permitted,,,,https://img.pokemondb.net/sprites/sword-shield/icon/gothorita.png,False,75.0,215.0,mid,True,False,False,False,True,24.0,gothorita
576,Gothitelle,Gothitelle,,5,Common,Psychic,,490.0,70.0,55.0,95.0,95.0,110.0,65.0,Permitted,20,2,45,https://img.pokemondb.net/sprites/sword-shield/icon/gothitelle.png,False,95.0,275.0,mid,True,False,False,True,True,34.0,gothitelle
577,Solosis,Solosis,,5,Common,Psychic,,290.0,45.0,30.0,40.0,105.0,50.0,20.0,Permitted,,,,https://img.pokemondb.net/sprites/sword-shield/icon/solosis.png,False,105.0,135.0,slow,True,False,False,False,True,68.0,solosis
578,Duosion,Duosion,,5,Common,Psychic,,370.0,65.0,40.0,50.0,125.0,60.0,30.0,Permitted,,,,https://img.pokemondb.net/sprites/sword-shield/icon/duosion.png,False,125.0,175.0,slow,True,False,False,False,True,76.0,duosion
579,Reuniclus,Reuniclus,,5,Common,Psychic,,490.0,110.0,65.0,75.0,125.0,85.0,30.0,Permitted,,,,https://img.pokemondb.net/sprites/sword-shield/icon/reuniclus.png,False,125.0,270.0,slow,True,False,False,False,True,52.0,reuniclus
580,Ducklett,Ducklett,,5,Common,Water,Flying,305.0,62.0,44.0,50.0,44.0,50.0,55.0,,,,,https://img.pokemondb.net/sprites/sword-shield/icon/ducklett.png,False,44.0,162.0,mid,False,False,False,False,False,13.399999999999999,ducklett
581,Swanna,Swanna,,5,Common,Water,Flying,473.0,75.0,87.0,63.0,87.0,63.0,98.0,,,,,https://img.pokemondb.net/sprites/sword-shield/icon/swanna.png,False,87.0,201.0,fast,False,False,False,False,False,23.0,swanna
582,Vanillite,Vanillite,,5,Common,Ice,,305.0,36.0,50.0,50.0,65.0,60.0,44.0,Permitted,,,,https://img.pokemondb.net/sprites/sword-shield/icon/vanillite.png,False,65.0,146.0,slow,True,False,False,False,True,17.0,vanillite
583,Vanillish,Vanillish,,5,Common,Ice,,395.0,51.0,65.0,65.0,80.0,75.0,59.0,Permitted,,,,https://img.pokemondb.net/sprites/sword-shield/icon/vanillish.png,False,80.0,191.0,mid,True,False,False,False,True,17.0,vanillish
584,Vanilluxe,Vanilluxe,,5,Common,Ice,,535.0,71.0,95.0,85.0,110.0,95.0,79.0,Permitted,,,,https://img.pokemondb.net/sprites/sword-shield/icon/vanilluxe.png,False,110.0,251.0,mid,True,False,False,False,True,25.0,vanilluxe
585,Deerling,Deerling,,5,Common,Normal,Grass,335.0,60.0,60.0,50.0,40.0,50.0,75.0,,,,,https://img.pokemondb.net/sprites/sword-shield/icon/deerling.png,False,60.0,160.0,mid,False,False,False,False,False,23.0,deerling
586,Sawsbuck,Sawsbuck,,5,Common,Normal,Grass,475.0,80.0,100.0,70.0,60.0,70.0,95.0,,,,,https://img.pokemondb.net/sprites/sword-shield/icon/sawsbuck.png,False,100.0,220.0,fast,False,False,False,False,False,25.0,sawsbuck
587,Emolga,Emolga,,5,Common,Electric,Flying,428.0,55.0,75.0,60.0,75.0,60.0,103.0,Permitted,,,,https://img.pokemondb.net/sprites/sword-shield/icon/emolga.png,False,75.0,175.0,fast,False,False,False,False,True,38.0,emolga
588,Karrablast,Karrablast,,5,Common,Bug,,315.0,50.0,75.0,45.0,40.0,45.0,60.0,Permitted,,,,https://img.pokemondb.net/sprites/sword-shield/icon/karrablast.png,False,75.0,140.0,mid,True,False,False,False,True,27.0,karrablast
589,Escavalier,Escavalier,,5,Common,Bug,Steel,495.0,70.0,135.0,105.0,60.0,105.0,20.0,Permitted,9,0,109,https://img.pokemondb.net/sprites/sword-shield/icon/escavalier.png,False,135.0,280.0,slow,False,False,False,True,True,63.0,escavalier
590,Foongus,Foongus,,5,Common,Grass,Poison,294.0,69.0,55.0,45.0,55.0,55.0,15.0,Permitted,,,,https://img.pokemondb.net/sprites/sword-shield/icon/foongus.png,False,55.0,169.0,slow,False,False,False,False,True,24.0,foongus
591,Amoonguss,Amoonguss,,5,Common,Grass,Poison,464.0,114.0,85.0,70.0,85.0,80.0,30.0,Permitted,350,18,13,https://img.pokemondb.net/sprites/sword-shield/icon/amoonguss.png,False,85.0,264.0,slow,False,False,False,True,True,44.0,amoonguss
592,Frillish,Frillish,,5,Common,Water,Ghost,335.0,55.0,40.0,50.0,65.0,85.0,40.0,Permitted,,,,https://img.pokemondb.net/sprites/sword-shield/icon/frillish.png,False,65.0,190.0,slow,False,False,False,False,True,35.0,frillish
593,Jellicent,Jellicent,,5,Common,Water,Ghost,480.0,100.0,60.0,70.0,85.0,105.0,60.0,Permitted,6,0,161,https://img.pokemondb.net/sprites/sword-shield/icon/jellicent.png,False,85.0,275.0,mid,False,False,False,True,True,30.0,jellicent
594,Alomomola,Alomomola,,5,Common,Water,,470.0,165.0,75.0,80.0,40.0,45.0,65.0,,,,,https://img.pokemondb.net/sprites/sword-shield/icon/alomomola.png,False,75.0,290.0,mid,True,False,False,False,False,104.0,alomomola
595,Joltik,Joltik,,5,Common,Bug,Electric,319.0,50.0,47.0,50.0,57.0,50.0,65.0,Permitted,,,,https://img.pokemondb.net/sprites/sword-shield/icon/joltik.png,False,57.0,150.0,mid,False,False,False,False,True,14.200000000000003,joltik
596,Galvantula,Galvantula,,5,Common,Bug,Electric,472.0,70.0,77.0,60.0,97.0,60.0,108.0,Permitted,,,,https://img.pokemondb.net/sprites/sword-shield/icon/galvantula.png,False,97.0,190.0,fast,False,False,False,False,True,35.2,galvantula
597,Ferroseed,Ferroseed,,5,Common,Grass,Steel,305.0,44.0,50.0,91.0,24.0,86.0,10.0,Permitted,,,,https://img.pokemondb.net/sprites/sword-shield/icon/ferroseed.png,False,50.0,221.0,slow,False,False,False,False,True,48.2,ferroseed
598,Ferrothorn,Ferrothorn,,5,Common,Grass,Steel,489.0,74.0,94.0,131.0,54.0,116.0,20.0,Permitted,131,5,25,https://img.pokemondb.net/sprites/sword-shield/icon/ferrothorn.png,False,94.0,321.0,slow,False,False,False,True,True,59.400000000000006,ferrothorn
599,Klink,Klink,,5,Common,Steel,,300.0,40.0,55.0,70.0,45.0,60.0,30.0,Permitted,,,,https://img.pokemondb.net/sprites/sword-shield/icon/klink.png,False,55.0,170.0,slow,True,False,False,False,True,24.0,klink
600,Klang,Klang,,5,Common,Steel,,440.0,60.0,80.0,95.0,70.0,85.0,50.0,Permitted,,,,https://img.pokemondb.net/sprites/sword-shield/icon/klang.png,False,80.0,240.0,mid,True,False,False,False,True,26.0,klang
601,Klinklang,Klinklang,,5,Common,Steel,,520.0,60.0,100.0,115.0,70.0,85.0,90.0,Permitted,884,0,104,https://img.pokemondb.net/sprites/sword-shield/icon/klinklang.png,False,100.0,260.0,fast,True,False,False,True,True,34.0,klinklang
602,Tynamo,Tynamo,,5,Common,Electric,,275.0,35.0,55.0,40.0,45.0,40.0,60.0,,,,,https://img.pokemondb.net/sprites/sword-shield/icon/tynamo.png,False,55.0,115.0,mid,True,False,False,False,False,17.0,tynamo
603,Eelektrik,Eelektrik,,5,Common,Electric,,405.0,65.0,85.0,70.0,75.0,70.0,40.0,,,,,https://img.pokemondb.net/sprites/sword-shield/icon/eelektrik.png,False,85.0,205.0,slow,True,False,False,False,False,21.0,eelektrik
604,Eelektross,Eelektross,,5,Common,Electric,,515.0,85.0,115.0,80.0,105.0,80.0,50.0,,,,,https://img.pokemondb.net/sprites/sword-shield/icon/eelektross.png,False,115.0,245.0,mid,True,False,False,False,False,35.0,eelektross
605,Elgyem,Elgyem,,5,Common,Psychic,,335.0,55.0,55.0,55.0,85.0,55.0,30.0,Permitted,,,,https://img.pokemondb.net/sprites/sword-shield/icon/elgyem.png,False,85.0,165.0,slow,True,False,False,False,True,35.0,elgyem
606,Beheeyem,Beheeyem,,5,Common,Psychic,,485.0,75.0,75.0,75.0,125.0,95.0,40.0,Permitted,,,,https://img.pokemondb.net/sprites/sword-shield/icon/beheeyem.png,False,125.0,245.0,slow,True,False,False,False,True,53.0,beheeyem
607,Litwick,Litwick,,5,Common,Ghost,Fire,275.0,50.0,30.0,55.0,65.0,55.0,20.0,Permitted,,,,https://img.pokemondb.net/sprites/sword-shield/icon/litwick.png,False,65.0,160.0,slow,False,False,False,False,True,23.0,litwick
608,Lampent,Lampent,,5,Common,Ghost,Fire,370.0,60.0,40.0,60.0,95.0,60.0,55.0,Permitted,,,,https://img.pokemondb.net/sprites/sword-shield/icon/lampent.png,False,95.0,180.0,mid,False,False,False,False,True,40.0,lampent
609,Chandelure,Chandelure,,5,Common,Ghost,Fire,520.0,60.0,55.0,90.0,145.0,90.0,80.0,Permitted,9,0,143,https://img.pokemondb.net/sprites/sword-shield/icon/chandelure.png,False,145.0,240.0,mid,False,False,False,True,True,70.0,chandelure
610,Axew,Axew,,5,Common,Dragon,,320.0,46.0,87.0,60.0,30.0,40.0,57.0,Permitted,,,,https://img.pokemondb.net/sprites/sword-shield/icon/axew.png,False,87.0,146.0,mid,True,False,False,False,True,40.4,axew
611,Fraxure,Fraxure,,5,Common,Dragon,,410.0,66.0,117.0,70.0,40.0,50.0,67.0,Permitted,,,,https://img.pokemondb.net/sprites/sword-shield/icon/fraxure.png,False,117.0,186.0,mid,True,False,False,False,True,58.4,fraxure
612,Haxorus,Haxorus,,5,Common,Dragon,,540.0,76.0,147.0,90.0,60.0,70.0,97.0,Permitted,,,,https://img.pokemondb.net/sprites/sword-shield/icon/haxorus.png,False,147.0,236.0,fast,True,False,False,False,True,68.4,haxorus
613,Cubchoo,Cubchoo,,5,Common,Ice,,305.0,55.0,70.0,40.0,60.0,40.0,40.0,Permitted,,,,https://img.pokemondb.net/sprites/sword-shield/icon/cubchoo.png,False,70.0,135.0,slow,True,False,False,False,True,23.0,cubchoo
614,Beartic,Beartic,,5,Common,Ice,,505.0,95.0,130.0,80.0,70.0,80.0,50.0,Permitted,,,,https://img.pokemondb.net/sprites/sword-shield/icon/beartic.png,False,130.0,255.0,mid,True,False,False,False,True,55.0,beartic
615,Cryogonal,Cryogonal,,5,Common,Ice,,515.0,80.0,50.0,50.0,95.0,135.0,105.0,Permitted,,,,https://img.pokemondb.net/sprites/sword-shield/icon/cryogonal.png,False,95.0,265.0,fast,True,False,False,False,True,59.0,cryogonal
616,Shelmet,Shelmet,,5,Common,Bug,,305.0,50.0,40.0,85.0,40.0,65.0,25.0,Permitted,,,,https://img.pokemondb.net/sprites/sword-shield/icon/shelmet.png,False,40.0,200.0,slow,True,False,False,False,True,41.0,shelmet
617,Accelgor,Accelgor,,5,Common,Bug,,495.0,80.0,70.0,40.0,100.0,60.0,145.0,Permitted,7,0,207,https://img.pokemondb.net/sprites/sword-shield/icon/accelgor.png,False,100.0,180.0,elite,True,False,False,True,True,75.0,accelgor
618,Stunfisk,Stunfisk,,5,Common,Ground,Electric,471.0,109.0,66.0,84.0,81.0,99.0,32.0,,,,,https://img.pokemondb.net/sprites/sword-shield/icon/stunfisk.png,False,81.0,292.0,slow,False,False,False,False,False,36.599999999999994,stunfisk
618,Galarian Stunfisk,Stunfisk,Galarian,8,Common,Ground,Steel,471.0,109.0,81.0,99.0,66.0,84.0,32.0,Permitted,,,,https://img.pokemondb.net/sprites/sword-shield/icon/stunfisk-galarian.png,False,81.0,292.0,slow,False,False,False,False,True,36.599999999999994,galarian stunfisk
619,Mienfoo,Mienfoo,,5,Common,Fighting,,350.0,45.0,85.0,50.0,55.0,50.0,65.0,Permitted,,,,https://img.pokemondb.net/sprites/sword-shield/icon/mienfoo.png,False,85.0,145.0,mid,True,False,False,False,True,32.0,mienfoo
620,Mienshao,Mienshao,,5,Common,Fighting,,510.0,65.0,125.0,60.0,95.0,60.0,105.0,Permitted,18,0,74,https://img.pokemondb.net/sprites/sword-shield/icon/mienshao.png,False,125.0,185.0,fast,True,False,False,True,True,48.0,mienshao
621,Druddigon,Druddigon,,5,Common,Dragon,,485.0,77.0,120.0,90.0,60.0,90.0,48.0,Permitted,,,,https://img.pokemondb.net/sprites/sword-shield/icon/druddigon.png,False,120.0,257.0,slow,True,False,False,False,True,47.0,druddigon
622,Golett,Golett,,5,Common,Ground,Ghost,303.0,59.0,74.0,50.0,35.0,50.0,35.0,Permitted,,,,https://img.pokemondb.net/sprites/sword-shield/icon/golett.png,False,74.0,159.0,slow,False,False,False,False,True,28.200000000000003,golett
623,Golurk,Golurk,,5,Common,Ground,Ghost,483.0,89.0,124.0,80.0,55.0,80.0,55.0,Permitted,,,,https://img.pokemondb.net/sprites/sword-shield/icon/golurk.png,False,124.0,249.0,mid,False,False,False,False,True,52.2,golurk
624,Pawniard,Pawniard,,5,Common,Dark,Steel,340.0,45.0,85.0,70.0,40.0,40.0,60.0,Permitted,,,,https://img.pokemondb.net/sprites/sword-shield/icon/pawniard.png,False,85.0,155.0,mid,False,False,False,False,True,34.0,pawniard
625,Bisharp,Bisharp,,5,Common,Dark,Steel,490.0,65.0,125.0,100.0,60.0,70.0,70.0,Permitted,10,0,182,https://img.pokemondb.net/sprites/sword-shield/icon/bisharp.png,False,125.0,235.0,mid,False,False,False,True,True,52.0,bisharp
626,Bouffalant,Bouffalant,,5,Common,Normal,,490.0,95.0,110.0,95.0,40.0,95.0,55.0,Permitted,,,,https://img.pokemondb.net/sprites/sword-shield/icon/bouffalant.png,False,110.0,285.0,mid,True,False,False,False,True,34.0,bouffalant
627,Rufflet,Rufflet,,5,Common,Normal,Flying,350.0,70.0,83.0,50.0,37.0,50.0,60.0,Permitted,,,,https://img.pokemondb.net/sprites/sword-shield/icon/rufflet.png,False,83.0,170.0,mid,False,False,False,False,True,29.6,rufflet
628,Hisuian Braviary,Braviary,Hisuian,5,Common,Psychic,Flying,510.0,110.0,83.0,70.0,112.0,70.0,65.0,,,,,https://img.pokemondb.net/s.png,False,112.0,250.0,mid,False,False,False,False,False,32.400000000000006,hisuian braviary
628,Braviary,Braviary,,5,Common,Normal,Flying,510.0,100.0,123.0,75.0,57.0,75.0,80.0,Permitted,,,,https://img.pokemondb.net/sprites/sword-shield/icon/braviary.png,False,123.0,250.0,mid,False,False,False,False,True,45.599999999999994,braviary
629,Vullaby,Vullaby,,5,Common,Dark,Flying,370.0,70.0,55.0,75.0,45.0,65.0,60.0,Permitted,,,,https://img.pokemondb.net/sprites/sword-shield/icon/vullaby.png,False,55.0,210.0,mid,False,False,False,False,True,16.0,vullaby
630,Mandibuzz,Mandibuzz,,5,Common,Dark,Flying,510.0,110.0,65.0,105.0,55.0,95.0,80.0,Permitted,3,0,163,https://img.pokemondb.net/sprites/sword-shield/icon/mandibuzz.png,False,65.0,310.0,mid,False,False,False,True,True,30.0,mandibuzz
631,Heatmor,Heatmor,,5,Common,Fire,,484.0,85.0,97.0,66.0,105.0,66.0,65.0,Permitted,,,,https://img.pokemondb.net/sprites/sword-shield/icon/heatmor.png,False,105.0,217.0,mid,True,False,False,False,True,29.200000000000003,heatmor
632,Durant,Durant,,5,Common,Bug,Steel,484.0,58.0,109.0,112.0,48.0,48.0,109.0,Permitted,4,0,194,https://img.pokemondb.net/sprites/sword-shield/icon/durant.png,False,109.0,218.0,fast,False,False,False,True,True,37.599999999999994,durant
633,Deino,Deino,,5,Common,Dark,Dragon,300.0,52.0,65.0,50.0,45.0,50.0,38.0,Permitted,,,,https://img.pokemondb.net/sprites/sword-shield/icon/deino.png,False,65.0,152.0,slow,False,False,False,False,True,18.0,deino
634,Zweilous,Zweilous,,5,Common,Dark,Dragon,420.0,72.0,85.0,70.0,65.0,70.0,58.0,Permitted,,,,https://img.pokemondb.net/sprites/sword-shield/icon/zweilous.png,False,85.0,212.0,mid,False,False,False,False,True,18.0,zweilous
635,Hydreigon,Hydreigon,,5,Common,Dark,Dragon,600.0,92.0,105.0,90.0,125.0,90.0,98.0,Permitted,13,0,83,https://img.pokemondb.net/sprites/sword-shield/icon/hydreigon.png,False,125.0,272.0,fast,False,False,False,True,True,30.0,hydreigon
636,Larvesta,Larvesta,,5,Common,Bug,Fire,360.0,55.0,85.0,55.0,50.0,55.0,60.0,Permitted,,,,https://img.pokemondb.net/sprites/sword-shield/icon/larvesta.png,False,85.0,165.0,mid,False,False,False,False,True,30.0,larvesta
637,Volcarona,Volcarona,,5,Common,Bug,Fire,550.0,85.0,60.0,65.0,135.0,105.0,100.0,Permitted,28,0,94,https://img.pokemondb.net/sprites/sword-shield/icon/volcarona.png,False,135.0,255.0,fast,False,False,False,True,True,52.0,volcarona
638,Cobalion,Cobalion,,5,Legendary,Steel,Fighting,580.0,91.0,90.0,129.0,90.0,72.0,108.0,Permitted,6,0,201,https://img.pokemondb.net/sprites/sword-shield/icon/cobalion.png,False,90.0,292.0,fast,False,True,False,True,True,38.8,cobalion
639,Terrakion,Terrakion,,5,Legendary,Rock,Fighting,580.0,91.0,129.0,90.0,72.0,90.0,108.0,Permitted,5,0,200,https://img.pokemondb.net/sprites/sword-shield/icon/terrakion.png,False,129.0,271.0,fast,False,True,False,True,True,38.8,terrakion
640,Virizion,Virizion,,5,Legendary,Grass,Fighting,580.0,91.0,90.0,72.0,90.0,129.0,108.0,Permitted,,,,https://img.pokemondb.net/sprites/sword-shield/icon/virizion.png,False,90.0,292.0,fast,False,True,False,False,True,38.8,virizion
641,Tornadus Incarnate Forme,Tornadus,Incarnate Forme,5,Legendary,Flying,,580.0,79.0,115.0,70.0,125.0,80.0,111.0,,191,8,20,https://img.pokemondb.net/sprites/sword-shield/icon/tornadus-incarnate.png,False,125.0,229.0,fast,True,True,False,True,False,34.0,tornadus incarnate forme
641,Tornadus Therian Forme,Tornadus,Therian Forme,5,Legendary,Flying,,580.0,79.0,100.0,80.0,110.0,90.0,121.0,,,,,https://img.pokemondb.net/sprites/sword-shield/icon/tornadus-therian.png,False,110.0,249.0,elite,True,True,False,False,False,29.200000000000003,tornadus therian forme
642,Thundurus Therian Forme,Thundurus,Therian Forme,5,Legendary,Electric,Flying,580.0,79.0,105.0,70.0,145.0,80.0,101.0,,9,0,99,https://img.pokemondb.net/sprites/sword-shield/icon/thundurus-therian.png,False,145.0,229.0,fast,False,True,False,True,False,58.0,thundurus therian forme
642,Thundurus Incarnate Forme,Thundurus,Incarnate Forme,5,Legendary,Electric,Flying,580.0,79.0,115.0,70.0,125.0,80.0,111.0,,352,21,9,https://img.pokemondb.net/sprites/sword-shield/icon/thundurus-incarnate.png,False,125.0,229.0,fast,False,True,False,True,False,34.0,thundurus incarnate forme
643,Reshiram,Reshiram,,5,Legendary,Dragon,Fire,680.0,100.0,120.0,100.0,150.0,120.0,90.0,Restricted (players can include two Restricted Pokémon in their team),52,1,62,https://img.pokemondb.net/sprites/sword-shield/icon/reshiram.png,False,150.0,320.0,fast,False,True,False,True,True,44.0,reshiram
644,Zekrom,Zekrom,,5,Legendary,Dragon,Electric,680.0,100.0,150.0,120.0,120.0,100.0,90.0,Restricted (players can include two Restricted Pokémon in their team),41,0,91,https://img.pokemondb.net/sprites/sword-shield/icon/zekrom.png,False,150.0,320.0,fast,False,True,False,True,True,44.0,zekrom
645,Landorus Incarnate Forme,Landorus,Incarnate Forme,5,Legendary,Ground,Flying,600.0,89.0,125.0,90.0,115.0,80.0,101.0,,23,0,78,https://img.pokemondb.net/sprites/sword-shield/icon/landorus-incarnate.png,False,125.0,259.0,fast,False,True,False,True,False,30.0,landorus incarnate forme
645,Landorus Therian Forme,Landorus,Therian Forme,5,Legendary,Ground,Flying,600.0,89.0,145.0,90.0,105.0,80.0,91.0,,369,20,10,https://img.pokemondb.net/sprites/sword-shield/icon/landorus-therian.png,False,145.0,259.0,fast,False,True,False,True,False,54.0,landorus therian forme
646,Kyurem,Kyurem,,5,Legendary,Dragon,Ice,660.0,125.0,130.0,90.0,130.0,90.0,95.0,Restricted (players can include two Restricted Pokémon in their team),,,,https://img.pokemondb.net/sprites/sword-shield/icon/kyurem.png,False,130.0,305.0,fast,False,True,False,False,True,30.0,kyurem
646,Black Kyurem,Kyurem,Black,5,Legendary,Dragon,Ice,700.0,125.0,170.0,100.0,120.0,90.0,95.0,,7,0,202,https://img.pokemondb.net/sprites/sword-shield/icon/kyurem-black.png,False,170.0,315.0,fast,False,True,False,True,False,64.0,black kyurem
646,White Kyurem,Kyurem,White,5,Legendary,Dragon,Ice,700.0,125.0,120.0,90.0,170.0,100.0,95.0,,95,2,39,https://img.pokemondb.net/sprites/sword-shield/icon/kyurem-white.png,False,170.0,315.0,fast,False,True,False,True,False,64.0,white kyurem
647,Keldeo Resolute Form,Keldeo,Resolute Form,5,Mythical,Water,Fighting,580.0,91.0,72.0,90.0,129.0,90.0,108.0,Banned,,,,https://img.pokemondb.net/sprites/sword-shield/icon/keldeo-resolute.png,False,129.0,271.0,fast,False,False,True,False,False,38.8,keldeo resolute form
647,Keldeo Ordinary Form,Keldeo,Ordinary Form,5,Mythical,Water,Fighting,580.0,91.0,72.0,90.0,129.0,90.0,108.0,Banned,,,,https://img.pokemondb.net/sprites/sword-shield/icon/keldeo-ordinary.png,False,129.0,271.0,fast,False,False,True,False,False,38.8,keldeo ordinary form
648,Meloetta Pirouette Forme,Meloetta,Pirouette Forme,5,Mythical,Normal,Fighting,600.0,100.0,128.0,90.0,77.0,77.0,128.0,,,,,https://img.pokemondb.net/sprites/sword-shield/icon/meloetta-pirouette.png,False,128.0,267.0,elite,False,False,True,False,False,42.0,meloetta pirouette forme
648,Meloetta Aria Forme,Meloetta,Aria Forme,5,Mythical,Normal,Psychic,600.0,100.0,77.0,77.0,128.0,128.0,90.0,,,,,https://img.pokemondb.net/sprites/sword-shield/icon/meloetta-aria.png,False,128.0,305.0,fast,False,False,True,False,False,42.0,meloetta aria forme
649,Genesect,Genesect,,5,Mythical,Bug,Steel,600.0,71.0,120.0,95.0,120.0,95.0,99.0,Banned,,,,https://img.pokemondb.net/sprites/sword-shield/icon/genesect.png,False,120.0,261.0,fast,False,False,True,False,False,30.0,genesect
650,Chespin,Chespin,,6,Common,Grass,,313.0,56.0,61.0,65.0,48.0,45.0,38.0,,,,,https://img.pokemondb.net/sprites/sword-shield/icon/chespin.png,False,61.0,166.0,slow,True,False,False,False,False,15.399999999999999,chespin
651,Quilladin,Quilladin,,6,Common,Grass,,405.0,61.0,78.0,95.0,56.0,58.0,57.0,,,,,https://img.pokemondb.net/sprites/sword-shield/icon/quilladin.png,False,78.0,214.0,mid,True,False,False,False,False,33.0,quilladin
652,Chesnaught,Chesnaught,,6,Common,Grass,Fighting,530.0,88.0,107.0,122.0,74.0,75.0,64.0,,,,,https://img.pokemondb.net/sprites/sword-shield/icon/chesnaught.png,False,107.0,285.0,mid,False,False,False,False,False,40.400000000000006,chesnaught
653,Fennekin,Fennekin,,6,Common,Fire,,307.0,40.0,45.0,40.0,62.0,60.0,60.0,,,,,https://img.pokemondb.net/sprites/sword-shield/icon/fennekin.png,False,62.0,140.0,mid,True,False,False,False,False,13.0,fennekin
654,Braixen,Braixen,,6,Common,Fire,,409.0,59.0,59.0,58.0,90.0,70.0,73.0,,,,,https://img.pokemondb.net/sprites/sword-shield/icon/braixen.png,False,90.0,187.0,mid,True,False,False,False,False,26.200000000000003,braixen
655,Delphox,Delphox,,6,Common,Fire,Psychic,534.0,75.0,69.0,72.0,114.0,100.0,104.0,,,,,https://img.pokemondb.net/sprites/sword-shield/icon/delphox.png,False,114.0,247.0,fast,False,False,False,False,False,30.0,delphox
656,Froakie,Froakie,,6,Common,Water,,314.0,41.0,56.0,40.0,62.0,44.0,71.0,,,,,https://img.pokemondb.net/sprites/sword-shield/icon/froakie.png,False,62.0,125.0,mid,True,False,False,False,False,22.4,froakie
657,Frogadier,Frogadier,,6,Common,Water,,405.0,54.0,63.0,52.0,83.0,56.0,97.0,,,,,https://img.pokemondb.net/sprites/sword-shield/icon/frogadier.png,False,83.0,162.0,fast,True,False,False,False,False,35.4,frogadier
658,Greninja,Greninja,,6,Common,Water,Dark,530.0,72.0,95.0,67.0,103.0,71.0,122.0,,,,,https://img.pokemondb.net/sprites/sword-shield/icon/greninja.png,False,103.0,210.0,elite,False,False,False,False,False,40.400000000000006,greninja
658,Ash-Greninja,Greninja,Ash-,6,Common,Water,Dark,640.0,72.0,145.0,67.0,153.0,71.0,132.0,,,,,https://img.pokemondb.net/sprites/sword-shield/icon/greninja-ash.png,False,153.0,210.0,elite,False,False,False,False,False,55.599999999999994,ash greninja
659,Bunnelby,Bunnelby,,6,Common,Normal,,237.0,38.0,36.0,38.0,32.0,36.0,57.0,Permitted,,,,https://img.pokemondb.net/sprites/sword-shield/icon/bunnelby.png,False,36.0,112.0,mid,True,False,False,False,True,21.0,bunnelby
660,Diggersby,Diggersby,,6,Common,Normal,Ground,423.0,85.0,56.0,77.0,50.0,77.0,78.0,Permitted,1,0,189,https://img.pokemondb.net/sprites/sword-shield/icon/diggersby.png,False,56.0,239.0,mid,False,False,False,True,True,17.400000000000006,diggersby
661,Fletchling,Fletchling,,6,Common,Normal,Flying,278.0,45.0,50.0,43.0,40.0,38.0,62.0,Permitted,,,,https://img.pokemondb.net/sprites/sword-shield/icon/fletchling.png,False,50.0,126.0,mid,False,False,False,False,True,18.799999999999997,fletchling
662,Fletchinder,Fletchinder,,6,Common,Fire,Flying,382.0,62.0,73.0,55.0,56.0,52.0,84.0,Permitted,,,,https://img.pokemondb.net/sprites/sword-shield/icon/fletchinder.png,False,73.0,169.0,mid,False,False,False,False,True,24.4,fletchinder
663,Talonflame,Talonflame,,6,Common,Fire,Flying,499.0,78.0,81.0,71.0,74.0,69.0,126.0,Permitted,22,0,101,https://img.pokemondb.net/sprites/sword-shield/icon/talonflame.png,False,81.0,218.0,elite,False,False,False,True,True,51.400000000000006,talonflame
664,Scatterbug,Scatterbug,,6,Common,Bug,,200.0,38.0,35.0,40.0,27.0,25.0,35.0,,,,,https://img.pokemondb.net/sprites/sword-shield/icon/scatterbug.png,False,35.0,103.0,slow,True,False,False,False,False,8.0,scatterbug
665,Spewpa,Spewpa,,6,Common,Bug,,213.0,45.0,22.0,60.0,27.0,30.0,29.0,,,,,https://img.pokemondb.net/sprites/sword-shield/icon/spewpa.png,False,27.0,135.0,slow,True,False,False,False,False,29.4,spewpa
666,Vivillon,Vivillon,,6,Common,Bug,Flying,411.0,80.0,52.0,50.0,90.0,50.0,89.0,,,,,https://img.pokemondb.net/sprites/sword-shield/icon/vivillon.png,False,90.0,180.0,mid,False,False,False,False,False,25.799999999999997,vivillon
667,Litleo,Litleo,,6,Common,Fire,Normal,369.0,62.0,50.0,58.0,73.0,54.0,72.0,,,,,https://img.pokemondb.net/sprites/sword-shield/icon/litleo.png,False,73.0,174.0,mid,False,False,False,False,False,13.799999999999997,litleo
668,Pyroar,Pyroar,,6,Common,Fire,Normal,507.0,86.0,68.0,72.0,109.0,66.0,106.0,,,,,https://img.pokemondb.net/sprites/sword-shield/icon/pyroar.png,False,109.0,224.0,fast,False,False,False,False,False,29.400000000000006,pyroar
669,Flabébé,Flabébé,,6,Common,Fairy,,303.0,44.0,38.0,39.0,61.0,79.0,42.0,,,,,https://img.pokemondb.net/sprites/sword-shield/icon/flabebe.png,False,61.0,162.0,slow,True,False,False,False,False,34.2,flabebe
670,Floette,Floette,,6,Common,Fairy,,371.0,54.0,45.0,47.0,75.0,98.0,52.0,,,,,https://img.pokemondb.net/sprites/sword-shield/icon/floette.png,False,75.0,199.0,mid,True,False,False,False,False,43.4,floette
671,Florges,Florges,,6,Common,Fairy,,552.0,78.0,65.0,68.0,112.0,154.0,75.0,,,,,https://img.pokemondb.net/sprites/sword-shield/icon/florges.png,False,112.0,300.0,mid,True,False,False,False,False,74.4,florges
672,Skiddo,Skiddo,,6,Common,Grass,,350.0,66.0,65.0,48.0,62.0,57.0,52.0,,,,,https://img.pokemondb.net/sprites/sword-shield/icon/skiddo.png,False,65.0,171.0,mid,True,False,False,False,False,9.200000000000003,skiddo
673,Gogoat,Gogoat,,6,Common,Grass,,531.0,123.0,100.0,62.0,97.0,81.0,68.0,,,,,https://img.pokemondb.net/sprites/sword-shield/icon/gogoat.png,False,100.0,266.0,mid,True,False,False,False,False,41.400000000000006,gogoat
674,Pancham,Pancham,,6,Common,Fighting,,348.0,67.0,82.0,62.0,46.0,48.0,43.0,Permitted,,,,https://img.pokemondb.net/sprites/sword-shield/icon/pancham.png,False,82.0,177.0,slow,True,False,False,False,True,28.799999999999997,pancham
675,Pangoro,Pangoro,,6,Common,Fighting,Dark,495.0,95.0,124.0,78.0,69.0,71.0,58.0,Permitted,,,,https://img.pokemondb.net/sprites/sword-shield/icon/pangoro.png,False,124.0,244.0,mid,False,False,False,False,True,49.8,pangoro
676,Furfrou,Furfrou,,6,Common,Normal,,472.0,75.0,80.0,60.0,65.0,90.0,102.0,,,,,https://img.pokemondb.net/sprites/sword-shield/icon/furfrou.png,False,80.0,225.0,fast,True,False,False,False,False,28.0,furfrou
677,Espurr,Espurr,,6,Common,Psychic,,355.0,62.0,48.0,54.0,63.0,60.0,68.0,Permitted,,,,https://img.pokemondb.net/sprites/sword-shield/icon/espurr.png,False,63.0,176.0,mid,True,False,False,False,True,10.600000000000001,espurr
678,Meowstic Female,Meowstic,Female,6,Common,Psychic,,466.0,74.0,48.0,76.0,83.0,81.0,104.0,,,,,https://img.pokemondb.net/sprites/sword-shield/icon/meowstic-female.png,False,83.0,231.0,fast,True,False,False,False,False,31.599999999999994,meowstic female
678,Meowstic Male,Meowstic,Male,6,Common,Psychic,,466.0,74.0,48.0,76.0,83.0,81.0,104.0,,15,0,95,https://img.pokemondb.net/sprites/sword-shield/icon/meowstic-male.png,False,83.0,231.0,fast,True,False,False,True,False,31.599999999999994,meowstic male
679,Honedge,Honedge,,6,Common,Steel,Ghost,325.0,45.0,80.0,100.0,35.0,37.0,28.0,Permitted,,,,https://img.pokemondb.net/sprites/sword-shield/icon/honedge.png,False,80.0,182.0,slow,False,False,False,False,True,55.0,honedge
680,Doublade,Doublade,,6,Common,Steel,Ghost,448.0,59.0,110.0,150.0,45.0,49.0,35.0,Permitted,,,,https://img.pokemondb.net/sprites/sword-shield/icon/doublade.png,False,110.0,258.0,slow,False,False,False,False,True,90.4,doublade
681,Aegislash Blade Forme,Aegislash,Blade Forme,6,Common,Steel,Ghost,500.0,60.0,140.0,50.0,140.0,50.0,60.0,,,,,https://img.pokemondb.net/sprites/sword-shield/icon/aegislash-blade.png,False,140.0,160.0,mid,False,False,False,False,False,85.0,aegislash blade forme
681,Aegislash Shield Forme,Aegislash,Shield Forme,6,Common,Steel,Ghost,500.0,60.0,50.0,140.0,50.0,140.0,60.0,,10,0,148,https://img.pokemondb.net/sprites/sword-shield/icon/aegislash-shield.png,False,50.0,340.0,mid,False,False,False,True,False,85.0,aegislash shield forme
682,Spritzee,Spritzee,,6,Common,Fairy,,341.0,78.0,52.0,60.0,63.0,65.0,23.0,Permitted,,,,https://img.pokemondb.net/sprites/sword-shield/icon/spritzee.png,False,63.0,203.0,slow,True,False,False,False,True,25.4,spritzee
683,Aromatisse,Aromatisse,,6,Common,Fairy,,462.0,101.0,72.0,72.0,99.0,89.0,29.0,Permitted,,,,https://img.pokemondb.net/sprites/sword-shield/icon/aromatisse.png,False,99.0,262.0,slow,True,False,False,False,True,28.799999999999997,aromatisse
684,Swirlix,Swirlix,,6,Common,Fairy,,341.0,62.0,48.0,66.0,59.0,57.0,49.0,Permitted,,,,https://img.pokemondb.net/sprites/sword-shield/icon/swirlix.png,False,59.0,185.0,slow,True,False,False,False,True,11.0,swirlix
685,Slurpuff,Slurpuff,,6,Common,Fairy,,480.0,82.0,80.0,86.0,85.0,75.0,72.0,Permitted,,,,https://img.pokemondb.net/sprites/sword-shield/icon/slurpuff.png,False,85.0,243.0,mid,True,False,False,False,True,7.200000000000003,slurpuff
686,Inkay,Inkay,,6,Common,Dark,Psychic,288.0,53.0,54.0,53.0,37.0,46.0,45.0,Permitted,,,,https://img.pokemondb.net/sprites/sword-shield/icon/inkay.png,False,54.0,152.0,slow,False,False,False,False,True,7.200000000000003,inkay
687,Malamar,Malamar,,6,Common,Dark,Psychic,482.0,86.0,92.0,88.0,68.0,75.0,73.0,Permitted,,,,https://img.pokemondb.net/sprites/sword-shield/icon/malamar.png,False,92.0,249.0,mid,False,False,False,False,True,14.0,malamar
688,Binacle,Binacle,,6,Common,Rock,Water,306.0,42.0,52.0,67.0,39.0,56.0,50.0,Permitted,,,,https://img.pokemondb.net/sprites/sword-shield/icon/binacle.png,False,52.0,165.0,mid,False,False,False,False,True,19.200000000000003,binacle
689,Barbaracle,Barbaracle,,6,Common,Rock,Water,500.0,72.0,105.0,115.0,54.0,86.0,68.0,Permitted,,,,https://img.pokemondb.net/sprites/sword-shield/icon/barbaracle.png,False,105.0,273.0,mid,False,False,False,False,True,38.0,barbaracle
690,Skrelp,Skrelp,,6,Common,Poison,Water,320.0,50.0,60.0,60.0,60.0,60.0,30.0,Permitted,,,,https://img.pokemondb.net/sprites/sword-shield/icon/skrelp.png,False,60.0,170.0,slow,False,False,False,False,True,20.0,skrelp
691,Dragalge,Dragalge,,6,Common,Poison,Dragon,494.0,65.0,75.0,90.0,97.0,123.0,44.0,Permitted,,,,https://img.pokemondb.net/sprites/sword-shield/icon/dragalge.png,False,97.0,278.0,slow,False,False,False,False,True,48.8,dragalge
692,Clauncher,Clauncher,,6,Common,Water,,330.0,50.0,53.0,62.0,58.0,63.0,44.0,Permitted,,,,https://img.pokemondb.net/sprites/sword-shield/icon/clauncher.png,False,58.0,175.0,slow,True,False,False,False,True,9.600000000000001,clauncher
693,Clawitzer,Clawitzer,,6,Common,Water,,500.0,71.0,73.0,88.0,120.0,89.0,59.0,Permitted,,,,https://img.pokemondb.net/sprites/sword-shield/icon/clawitzer.png,False,120.0,248.0,mid,True,False,False,False,True,44.0,clawitzer
694,Helioptile,Helioptile,,6,Common,Electric,Normal,289.0,44.0,38.0,33.0,61.0,43.0,70.0,Permitted,,,,https://img.pokemondb.net/sprites/sword-shield/icon/helioptile.png,False,61.0,120.0,mid,False,False,False,False,True,26.200000000000003,helioptile
695,Heliolisk,Heliolisk,,6,Common,Electric,Normal,481.0,62.0,55.0,52.0,109.0,94.0,109.0,Permitted,8,0,134,https://img.pokemondb.net/sprites/sword-shield/icon/heliolisk.png,False,109.0,208.0,fast,False,False,False,True,True,43.25,heliolisk
696,Tyrunt,Tyrunt,,6,Common,Rock,Dragon,362.0,58.0,89.0,77.0,45.0,45.0,48.0,Permitted,,,,https://img.pokemondb.net/sprites/sword-shield/icon/tyrunt.png,False,89.0,180.0,slow,False,False,False,False,True,34.4,tyrunt
697,Tyrantrum,Tyrantrum,,6,Common,Rock,Dragon,521.0,82.0,121.0,119.0,69.0,59.0,71.0,Permitted,918,0,220,https://img.pokemondb.net/sprites/sword-shield/icon/tyrantrum.png,False,121.0,260.0,mid,False,False,False,True,True,41.0,tyrantrum
698,Amaura,Amaura,,6,Common,Rock,Ice,362.0,77.0,59.0,50.0,67.0,63.0,46.0,Permitted,,,,https://img.pokemondb.net/sprites/sword-shield/icon/amaura.png,False,67.0,190.0,slow,False,False,False,False,True,20.0,amaura
699,Aurorus,Aurorus,,6,Common,Rock,Ice,521.0,123.0,77.0,72.0,99.0,92.0,58.0,Permitted,,,,https://img.pokemondb.net/sprites/sword-shield/icon/aurorus.png,False,99.0,287.0,mid,False,False,False,False,True,43.400000000000006,aurorus
700,Sylveon,Sylveon,,6,Common,Fairy,,525.0,95.0,65.0,65.0,110.0,130.0,60.0,Permitted,,,,https://img.pokemondb.net/sprites/sword-shield/icon/sylveon.png,False,110.0,290.0,mid,True,False,False,False,True,51.0,sylveon
701,Hawlucha,Hawlucha,,6,Common,Fighting,Flying,500.0,78.0,92.0,75.0,74.0,63.0,118.0,Permitted,3,0,227,https://img.pokemondb.net/sprites/sword-shield/icon/hawlucha.png,False,92.0,216.0,fast,False,False,False,True,True,41.599999999999994,hawlucha
702,Dedenne,Dedenne,,6,Common,Electric,Fairy,431.0,67.0,58.0,57.0,81.0,67.0,101.0,Permitted,,,,https://img.pokemondb.net/sprites/sword-shield/icon/dedenne.png,False,81.0,191.0,fast,False,False,False,False,True,35.0,dedenne
703,Carbink,Carbink,,6,Common,Rock,Fairy,500.0,50.0,50.0,150.0,50.0,150.0,50.0,Permitted,,,,https://img.pokemondb.net/sprites/sword-shield/icon/carbink.png,False,50.0,350.0,mid,False,False,False,False,True,100.0,carbink
704,Goomy,Goomy,,6,Common,Dragon,,300.0,45.0,50.0,35.0,55.0,75.0,40.0,Permitted,,,,https://img.pokemondb.net/sprites/sword-shield/icon/goomy.png,False,55.0,155.0,slow,True,False,False,False,True,30.0,goomy
705,Hisuian Sliggoo,Sliggoo,Hisuian,6,Common,Dragon,Steel,452.0,58.0,75.0,83.0,83.0,113.0,40.0,,,,,https://img.pokemondb.net/s.png,False,83.0,254.0,slow,False,False,False,False,False,45.2,hisuian sliggoo
705,Sliggoo,Sliggoo,,6,Common,Dragon,,452.0,68.0,75.0,53.0,83.0,113.0,60.0,Permitted,,,,https://img.pokemondb.net/sprites/sword-shield/icon/sliggoo.png,False,83.0,234.0,mid,True,False,False,False,True,45.2,sliggoo
706,Goodra,Goodra,,6,Common,Dragon,,600.0,90.0,100.0,70.0,110.0,150.0,80.0,Permitted,6,0,205,https://img.pokemondb.net/sprites/sword-shield/icon/goodra.png,False,110.0,310.0,mid,True,False,False,True,True,60.0,goodra
706,Hisuian Goodra,Goodra,Hisuian,6,Common,Dragon,Steel,600.0,80.0,100.0,100.0,110.0,150.0,60.0,,,,,https://img.pokemondb.net/s.png,False,110.0,330.0,mid,False,False,False,False,False,60.0,hisuian goodra
707,Klefki,Klefki,,6,Common,Steel,Fairy,470.0,57.0,80.0,91.0,80.0,87.0,75.0,Permitted,5,0,158,https://img.pokemondb.net/sprites/sword-shield/icon/klefki.png,False,80.0,235.0,mid,False,False,False,True,True,15.200000000000003,klefki
708,Phantump,Phantump,,6,Common,Ghost,Grass,309.0,43.0,70.0,48.0,50.0,60.0,38.0,Permitted,,,,https://img.pokemondb.net/sprites/sword-shield/icon/phantump.png,False,70.0,151.0,slow,False,False,False,False,True,22.200000000000003,phantump
709,Trevenant,Trevenant,,6,Common,Ghost,Grass,474.0,85.0,110.0,76.0,65.0,82.0,56.0,Permitted,2,0,177,https://img.pokemondb.net/sprites/sword-shield/icon/trevenant.png,False,110.0,243.0,mid,False,False,False,True,True,37.2,trevenant
710,Pumpkaboo Super Size,Pumpkaboo,Super Size,6,Common,Ghost,Grass,335.0,59.0,66.0,70.0,44.0,55.0,41.0,,,,,https://img.pokemondb.net/sprites/sword-shield/icon/pumpkaboo-super.png,False,66.0,184.0,slow,False,False,False,False,False,17.0,pumpkaboo super size
710,Pumpkaboo Large Size,Pumpkaboo,Large Size,6,Common,Ghost,Grass,335.0,54.0,66.0,70.0,44.0,55.0,46.0,,,,,https://img.pokemondb.net/sprites/sword-shield/icon/pumpkaboo-large.png,False,66.0,179.0,slow,False,False,False,False,False,17.0,pumpkaboo large size
710,Pumpkaboo Small Size,Pumpkaboo,Small Size,6,Common,Ghost,Grass,335.0,44.0,66.0,70.0,44.0,55.0,56.0,,,,,https://img.pokemondb.net/sprites/sword-shield/icon/pumpkaboo-small.png,False,66.0,169.0,mid,False,False,False,False,False,17.0,pumpkaboo small size
710,Pumpkaboo Average Size,Pumpkaboo,Average Size,6,Common,Ghost,Grass,335.0,49.0,66.0,70.0,44.0,55.0,51.0,,,,,https://img.pokemondb.net/sprites/sword-shield/icon/pumpkaboo-average.png,False,66.0,174.0,mid,False,False,False,False,False,17.0,pumpkaboo average size
711,Gourgeist Super Size,Gourgeist,Super Size,6,Common,Ghost,Grass,494.0,85.0,100.0,122.0,58.0,75.0,54.0,,,,,https://img.pokemondb.net/sprites/sword-shield/icon/gourgeist-super.png,False,100.0,282.0,mid,False,False,False,False,False,47.599999999999994,gourgeist super size
711,Gourgeist Large Size,Gourgeist,Large Size,6,Common,Ghost,Grass,494.0,75.0,95.0,122.0,58.0,75.0,69.0,,,,,https://img.pokemondb.net/sprites/sword-shield/icon/gourgeist-large.png,False,95.0,272.0,mid,False,False,False,False,False,47.599999999999994,gourgeist large size
711,Gourgeist Small Size,Gourgeist,Small Size,6,Common,Ghost,Grass,494.0,55.0,85.0,122.0,58.0,75.0,99.0,,,,,https://img.pokemondb.net/sprites/sword-shield/icon/gourgeist-small.png,False,85.0,252.0,fast,False,False,False,False,False,47.599999999999994,gourgeist small size
711,Gourgeist Average Size,Gourgeist,Average Size,6,Common,Ghost,Grass,494.0,65.0,90.0,122.0,58.0,75.0,84.0,,,,,https://img.pokemondb.net/sprites/sword-shield/icon/gourgeist-average.png,False,90.0,262.0,mid,False,False,False,False,False,47.599999999999994,gourgeist average size
712,Bergmite,Bergmite,,6,Common,Ice,,304.0,55.0,69.0,85.0,32.0,35.0,28.0,Permitted,,,,https://img.pokemondb.net/sprites/sword-shield/icon/bergmite.png,False,69.0,175.0,slow,True,False,False,False,True,41.2,bergmite
713,Hisuian Avalugg,Avalugg,Hisuian,6,Common,Ice,Rock,514.0,95.0,127.0,184.0,34.0,36.0,38.0,,,,,https://img.pokemondb.net/s.png,False,127.0,315.0,slow,False,False,False,False,False,118.0,hisuian avalugg
713,Avalugg,Avalugg,,6,Common,Ice,,514.0,95.0,117.0,184.0,44.0,46.0,28.0,Permitted,,,,https://img.pokemondb.net/sprites/sword-shield/icon/avalugg.png,False,117.0,325.0,slow,True,False,False,False,True,118.0,avalugg
714,Noibat,Noibat,,6,Common,Flying,Dragon,245.0,40.0,30.0,35.0,45.0,40.0,55.0,Permitted,,,,https://img.pokemondb.net/sprites/sword-shield/icon/noibat.png,False,45.0,115.0,mid,False,False,False,False,True,17.0,noibat
715,Noivern,Noivern,,6,Common,Flying,Dragon,535.0,85.0,70.0,80.0,97.0,80.0,123.0,Permitted,,,,https://img.pokemondb.net/sprites/sword-shield/icon/noivern.png,False,97.0,245.0,elite,False,False,False,False,True,40.599999999999994,noivern
716,Xerneas,Xerneas,,6,Legendary,Fairy,,680.0,126.0,131.0,95.0,131.0,98.0,99.0,Restricted (players can include two Restricted Pokémon in their team),69,4,28,https://img.pokemondb.net/sprites/sword-shield/icon/xerneas.png,False,131.0,319.0,fast,True,True,False,True,True,26.5,xerneas
717,Yveltal,Yveltal,,6,Legendary,Dark,Flying,680.0,126.0,131.0,95.0,131.0,98.0,99.0,Restricted (players can include two Restricted Pokémon in their team),316,11,16,https://img.pokemondb.net/sprites/sword-shield/icon/yveltal.png,False,131.0,319.0,fast,False,True,False,True,True,26.5,yveltal
718,Zygarde Complete Forme,Zygarde,Complete Forme,6,Legendary,Dragon,Ground,708.0,216.0,100.0,121.0,91.0,95.0,85.0,,42,1,63,https://img.pokemondb.net/sprites/sword-shield/icon/zygarde-complete.png,False,100.0,432.0,mid,False,True,False,True,False,117.6,zygarde complete forme
718,Zygarde 10% Forme,Zygarde,10% Forme,6,Legendary,Dragon,Ground,486.0,54.0,100.0,71.0,61.0,85.0,115.0,,,,,https://img.pokemondb.net/sprites/sword-shield/icon/zygarde-10.png,False,100.0,210.0,fast,False,True,False,False,False,40.8,zygarde 10 forme
718,Zygarde 50% Forme,Zygarde,50% Forme,6,Legendary,Dragon,Ground,600.0,108.0,100.0,121.0,81.0,95.0,95.0,,,,,https://img.pokemondb.net/sprites/sword-shield/icon/zygarde-50.png,False,100.0,324.0,fast,False,True,False,False,False,25.200000000000003,zygarde 50 forme
719,Mega Diancie,Diancie,Mega,6,Mythical,Rock,Fairy,700.0,50.0,160.0,110.0,160.0,110.0,110.0,Banned,,,,https://img.pokemondb.net/sprites/sword-shield/icon/diancie-mega.png,False,160.0,270.0,fast,False,False,True,False,False,65.0,mega diancie
719,Diancie,Diancie,,6,Mythical,Rock,Fairy,600.0,50.0,100.0,150.0,100.0,150.0,50.0,Banned,,,,https://img.pokemondb.net/sprites/sword-shield/icon/diancie.png,False,100.0,350.0,mid,False,False,True,False,False,75.0,diancie
720,Hoopa Unbound,Hoopa,Unbound,6,Mythical,Psychic,Dark,680.0,80.0,160.0,60.0,170.0,130.0,80.0,,,,,https://img.pokemondb.net/sprites/sword-shield/icon/hoopa-unbound.png,False,170.0,270.0,mid,False,False,True,False,False,68.0,hoopa unbound
720,Hoopa Confined,Hoopa,Confined,6,Mythical,Psychic,Ghost,600.0,80.0,110.0,60.0,150.0,130.0,70.0,,,,,https://img.pokemondb.net/sprites/sword-shield/icon/hoopa-confined.png,False,150.0,270.0,mid,False,False,True,False,False,60.0,hoopa confined
721,Volcanion,Volcanion,,6,Mythical,Fire,Water,600.0,80.0,110.0,120.0,130.0,90.0,70.0,Banned,,,,https://img.pokemondb.net/sprites/sword-shield/icon/volcanion.png,False,130.0,290.0,mid,False,False,True,False,False,36.0,volcanion
722,Rowlet,Rowlet,,7,Common,Grass,Flying,320.0,68.0,55.0,55.0,50.0,50.0,42.0,Permitted,,,,https://img.pokemondb.net/sprites/sword-shield/icon/rowlet.png,False,55.0,173.0,slow,False,False,False,False,True,17.6,rowlet
723,Dartrix,Dartrix,,7,Common,Grass,Flying,420.0,78.0,75.0,75.0,70.0,70.0,52.0,Permitted,,,,https://img.pokemondb.net/sprites/sword-shield/icon/dartrix.png,False,75.0,223.0,mid,False,False,False,False,True,9.599999999999994,dartrix
724,Hisuian Decidueye,Decidueye,Hisuian,7,Common,Grass,Fighting,530.0,88.0,112.0,80.0,95.0,95.0,60.0,,,,,https://img.pokemondb.net/s.png,False,112.0,263.0,mid,False,False,False,False,False,28.400000000000006,hisuian decidueye
724,Decidueye,Decidueye,,7,Common,Grass,Ghost,530.0,78.0,107.0,75.0,100.0,100.0,70.0,Permitted,,,,https://img.pokemondb.net/sprites/sword-shield/icon/decidueye.png,False,107.0,253.0,mid,False,False,False,False,True,22.400000000000006,decidueye
725,Litten,Litten,,7,Common,Fire,,320.0,45.0,65.0,40.0,60.0,40.0,70.0,Permitted,,,,https://img.pokemondb.net/sprites/sword-shield/icon/litten.png,False,65.0,125.0,mid,True,False,False,False,True,20.0,litten
726,Torracat,Torracat,,7,Common,Fire,,420.0,65.0,85.0,50.0,80.0,50.0,90.0,Permitted,,,,https://img.pokemondb.net/sprites/sword-shield/icon/torracat.png,False,85.0,165.0,fast,True,False,False,False,True,24.0,torracat
727,Incineroar,Incineroar,,7,Common,Fire,Dark,530.0,95.0,115.0,90.0,80.0,90.0,60.0,Permitted,1124,59,2,https://img.pokemondb.net/sprites/sword-shield/icon/incineroar.png,False,115.0,275.0,mid,False,False,False,True,True,32.0,incineroar
728,Popplio,Popplio,,7,Common,Water,,320.0,50.0,54.0,54.0,66.0,56.0,40.0,Permitted,,,,https://img.pokemondb.net/sprites/sword-shield/icon/popplio.png,False,66.0,160.0,slow,True,False,False,False,True,15.200000000000003,popplio
729,Brionne,Brionne,,7,Common,Water,,420.0,60.0,69.0,69.0,91.0,81.0,50.0,Permitted,,,,https://img.pokemondb.net/sprites/sword-shield/icon/brionne.png,False,91.0,210.0,mid,True,False,False,False,True,25.200000000000003,brionne
730,Primarina,Primarina,,7,Common,Water,Fairy,530.0,80.0,74.0,74.0,126.0,116.0,60.0,Permitted,11,0,141,https://img.pokemondb.net/sprites/sword-shield/icon/primarina.png,False,126.0,270.0,mid,False,False,False,True,True,45.2,primarina
731,Pikipek,Pikipek,,7,Common,Normal,Flying,265.0,35.0,75.0,30.0,30.0,30.0,65.0,,,,,https://img.pokemondb.net/sprites/sword-shield/icon/pikipek.png,False,75.0,95.0,mid,False,False,False,False,False,37.0,pikipek
732,Trumbeak,Trumbeak,,7,Common,Normal,Flying,355.0,55.0,85.0,50.0,40.0,50.0,75.0,,,,,https://img.pokemondb.net/sprites/sword-shield/icon/trumbeak.png,False,85.0,155.0,mid,False,False,False,False,False,31.0,trumbeak
733,Toucannon,Toucannon,,7,Common,Normal,Flying,485.0,80.0,120.0,75.0,75.0,75.0,60.0,,,,,https://img.pokemondb.net/sprites/sword-shield/icon/toucannon.png,False,120.0,230.0,mid,False,False,False,False,False,47.0,toucannon
734,Yungoos,Yungoos,,7,Common,Normal,,253.0,48.0,70.0,30.0,30.0,30.0,45.0,,,,,https://img.pokemondb.net/sprites/sword-shield/icon/yungoos.png,False,70.0,108.0,slow,True,False,False,False,False,33.4,yungoos
735,Gumshoos,Gumshoos,,7,Common,Normal,,418.0,88.0,110.0,60.0,55.0,60.0,45.0,,,,,https://img.pokemondb.net/sprites/sword-shield/icon/gumshoos.png,False,110.0,208.0,slow,True,False,False,False,False,48.4,gumshoos
736,Grubbin,Grubbin,,7,Common,Bug,,300.0,47.0,62.0,45.0,55.0,45.0,46.0,Permitted,,,,https://img.pokemondb.net/sprites/sword-shield/icon/grubbin.png,False,62.0,137.0,slow,True,False,False,False,True,14.399999999999999,grubbin
737,Charjabug,Charjabug,,7,Common,Bug,Electric,400.0,57.0,82.0,95.0,55.0,75.0,36.0,Permitted,,,,https://img.pokemondb.net/sprites/sword-shield/icon/charjabug.png,False,82.0,227.0,slow,False,False,False,False,True,34.0,charjabug
738,Vikavolt,Vikavolt,,7,Common,Bug,Electric,500.0,77.0,70.0,90.0,145.0,75.0,43.0,Permitted,3,0,193,https://img.pokemondb.net/sprites/sword-shield/icon/vikavolt.png,False,145.0,242.0,slow,False,False,False,True,True,74.0,vikavolt
739,Crabrawler,Crabrawler,,7,Common,Fighting,,338.0,47.0,82.0,57.0,42.0,47.0,63.0,,,,,https://img.pokemondb.net/sprites/sword-shield/icon/crabrawler.png,False,82.0,151.0,mid,True,False,False,False,False,30.799999999999997,crabrawler
740,Crabominable,Crabominable,,7,Common,Fighting,Ice,478.0,97.0,132.0,77.0,62.0,67.0,43.0,,,,,https://img.pokemondb.net/sprites/sword-shield/icon/crabominable.png,False,132.0,241.0,slow,False,False,False,False,False,62.8,crabominable
741,Oricorio Pa'u Style,Oricorio,Pa'u Style,7,Common,Psychic,Flying,476.0,75.0,70.0,70.0,98.0,70.0,93.0,,,,,https://img.pokemondb.net/sprites/sword-shield/icon/oricorio-pau.png,False,98.0,215.0,fast,False,False,False,False,False,22.400000000000006,oricorio pau style
741,Oricorio Pom-Pom Style,Oricorio,Pom-Pom Style,7,Common,Electric,Flying,476.0,75.0,70.0,70.0,98.0,70.0,93.0,,,,,https://img.pokemondb.net/sprites/sword-shield/icon/oricorio-pom-pom.png,False,98.0,215.0,fast,False,False,False,False,False,22.400000000000006,oricorio pom pom style
741,Oricorio Sensu Style,Oricorio,Sensu Style,7,Common,Ghost,Flying,476.0,75.0,70.0,70.0,98.0,70.0,93.0,,,,,https://img.pokemondb.net/sprites/sword-shield/icon/oricorio-sensu.png,False,98.0,215.0,fast,False,False,False,False,False,22.400000000000006,oricorio sensu style
741,Oricorio Baile Style,Oricorio,Baile Style,7,Common,Fire,Flying,476.0,75.0,70.0,70.0,98.0,70.0,93.0,,,,,https://img.pokemondb.net/sprites/sword-shield/icon/oricorio-baile.png,False,98.0,215.0,fast,False,False,False,False,False,22.400000000000006,oricorio baile style
742,Cutiefly,Cutiefly,,7,Common,Bug,Fairy,304.0,40.0,45.0,40.0,55.0,40.0,84.0,Permitted,,,,https://img.pokemondb.net/sprites/sword-shield/icon/cutiefly.png,False,55.0,120.0,mid,False,False,False,False,True,40.0,cutiefly
743,Ribombee,Ribombee,,7,Common,Bug,Fairy,464.0,60.0,55.0,60.0,95.0,70.0,124.0,Permitted,,,,https://img.pokemondb.net/sprites/sword-shield/icon/ribombee.png,False,95.0,190.0,elite,False,False,False,False,True,56.0,ribombee
744,Rockruff,Rockruff,,7,Common,Rock,,280.0,45.0,65.0,40.0,30.0,40.0,60.0,Permitted,,,,https://img.pokemondb.net/sprites/sword-shield/icon/rockruff.png,False,65.0,125.0,mid,True,False,False,False,True,22.0,rockruff
744,Own Tempo Rockruff,Rockruff,Own Tempo,7,Common,Rock,,280.0,45.0,65.0,40.0,30.0,40.0,60.0,,,,,https://img.pokemondb.net/sprites/sword-shield/icon/rockruff-own-tempo.png,False,65.0,125.0,mid,True,False,False,False,False,22.0,own tempo rockruff
745,Lycanroc Midday Form,Lycanroc,Midday Form,7,Common,Rock,,487.0,75.0,115.0,65.0,55.0,65.0,112.0,,,,,https://img.pokemondb.net/sprites/sword-shield/icon/lycanroc-midday.png,False,115.0,205.0,fast,True,False,False,False,False,40.599999999999994,lycanroc midday form
745,Lycanroc Midnight Form,Lycanroc,Midnight Form,7,Common,Rock,,487.0,85.0,115.0,75.0,55.0,75.0,82.0,,,,,https://img.pokemondb.net/sprites/sword-shield/icon/lycanroc-midnight.png,False,115.0,235.0,mid,True,False,False,False,False,40.599999999999994,lycanroc midnight form
745,Lycanroc Dusk Form,Lycanroc,Dusk Form,7,Common,Rock,,487.0,75.0,117.0,65.0,55.0,65.0,110.0,,,,,https://img.pokemondb.net/sprites/sword-shield/icon/lycanroc-dusk.png,False,117.0,205.0,fast,True,False,False,False,False,43.0,lycanroc dusk form
746,Wishiwashi Solo Form,Wishiwashi,Solo Form,7,Common,Water,,175.0,45.0,20.0,20.0,25.0,25.0,40.0,,1,0,197,https://img.pokemondb.net/sprites/sword-shield/icon/wishiwashi-solo.png,False,25.0,90.0,slow,True,False,False,True,False,19.0,wishiwashi solo form
746,Wishiwashi School Form,Wishiwashi,School Form,7,Common,Water,,620.0,45.0,140.0,130.0,140.0,135.0,30.0,,,,,https://img.pokemondb.net/sprites/sword-shield/icon/wishiwashi-school.png,False,140.0,310.0,slow,True,False,False,False,False,55.0,wishiwashi school form
747,Mareanie,Mareanie,,7,Common,Poison,Water,305.0,50.0,53.0,62.0,43.0,52.0,45.0,Permitted,,,,https://img.pokemondb.net/sprites/sword-shield/icon/mareanie.png,False,53.0,164.0,slow,False,False,False,False,True,13.399999999999999,mareanie
748,Toxapex,Toxapex,,7,Common,Poison,Water,495.0,50.0,63.0,152.0,53.0,142.0,35.0,Permitted,5,0,124,https://img.pokemondb.net/sprites/sword-shield/icon/toxapex.png,False,63.0,344.0,slow,False,False,False,True,True,83.4,toxapex
749,Mudbray,Mudbray,,7,Common,Ground,,385.0,70.0,100.0,70.0,45.0,55.0,45.0,Permitted,,,,https://img.pokemondb.net/sprites/sword-shield/icon/mudbray.png,False,100.0,195.0,slow,True,False,False,False,True,43.0,mudbray
750,Mudsdale,Mudsdale,,7,Common,Ground,,500.0,100.0,125.0,100.0,55.0,85.0,35.0,Permitted,6,0,154,https://img.pokemondb.net/sprites/sword-shield/icon/mudsdale.png,False,125.0,285.0,slow,True,False,False,True,True,50.0,mudsdale
751,Dewpider,Dewpider,,7,Common,Water,Bug,269.0,38.0,40.0,52.0,40.0,72.0,27.0,Permitted,,,,https://img.pokemondb.net/sprites/sword-shield/icon/dewpider.png,False,40.0,162.0,slow,False,False,False,False,True,32.6,dewpider
752,Araquanid,Araquanid,,7,Common,Water,Bug,454.0,68.0,70.0,92.0,50.0,132.0,42.0,Permitted,15,1,69,https://img.pokemondb.net/sprites/sword-shield/icon/araquanid.png,False,70.0,292.0,slow,False,False,False,True,True,67.6,araquanid
753,Fomantis,Fomantis,,7,Common,Grass,,250.0,40.0,55.0,35.0,50.0,35.0,35.0,Permitted,,,,https://img.pokemondb.net/sprites/sword-shield/icon/fomantis.png,False,55.0,110.0,slow,True,False,False,False,True,16.0,fomantis
754,Lurantis,Lurantis,,7,Common,Grass,,480.0,70.0,105.0,90.0,80.0,90.0,45.0,Permitted,4,0,164,https://img.pokemondb.net/sprites/sword-shield/icon/lurantis.png,False,105.0,250.0,slow,True,False,False,True,True,30.0,lurantis
755,Morelull,Morelull,,7,Common,Grass,Fairy,285.0,40.0,35.0,55.0,65.0,75.0,15.0,Permitted,,,,https://img.pokemondb.net/sprites/sword-shield/icon/morelull.png,False,65.0,170.0,slow,False,False,False,False,True,33.0,morelull
756,Shiinotic,Shiinotic,,7,Common,Grass,Fairy,405.0,60.0,45.0,80.0,90.0,100.0,30.0,Permitted,,,,https://img.pokemondb.net/sprites/sword-shield/icon/shiinotic.png,False,90.0,240.0,slow,False,False,False,False,True,39.0,shiinotic
757,Salandit,Salandit,,7,Common,Poison,Fire,320.0,48.0,44.0,40.0,71.0,40.0,77.0,Permitted,,,,https://img.pokemondb.net/sprites/sword-shield/icon/salandit.png,False,71.0,128.0,mid,False,False,False,False,True,28.4,salandit
758,Salazzle,Salazzle,,7,Common,Poison,Fire,480.0,68.0,64.0,60.0,111.0,60.0,117.0,Permitted,,,,https://img.pokemondb.net/sprites/sword-shield/icon/salazzle.png,False,111.0,188.0,fast,False,False,False,False,True,44.400000000000006,salazzle
759,Stufful,Stufful,,7,Common,Normal,Fighting,340.0,70.0,75.0,50.0,45.0,50.0,50.0,Permitted,,,,https://img.pokemondb.net/sprites/sword-shield/icon/stufful.png,False,75.0,170.0,mid,False,False,False,False,True,22.0,stufful
760,Bewear,Bewear,,7,Common,Normal,Fighting,500.0,120.0,125.0,80.0,55.0,60.0,60.0,Permitted,,,,https://img.pokemondb.net/sprites/sword-shield/icon/bewear.png,False,125.0,260.0,mid,False,False,False,False,True,50.0,bewear
761,Bounsweet,Bounsweet,,7,Common,Grass,,210.0,42.0,30.0,38.0,30.0,38.0,32.0,Permitted,,,,https://img.pokemondb.net/sprites/sword-shield/icon/bounsweet.png,False,30.0,118.0,slow,True,False,False,False,True,8.399999999999999,bounsweet
762,Steenee,Steenee,,7,Common,Grass,,290.0,52.0,40.0,48.0,40.0,48.0,62.0,Permitted,,,,https://img.pokemondb.net/sprites/sword-shield/icon/steenee.png,False,40.0,148.0,mid,True,False,False,False,True,16.4,steenee
763,Tsareena,Tsareena,,7,Common,Grass,,510.0,72.0,120.0,98.0,50.0,98.0,72.0,Permitted,26,0,85,https://img.pokemondb.net/sprites/sword-shield/icon/tsareena.png,False,120.0,268.0,mid,True,False,False,True,True,42.0,tsareena
764,Comfey,Comfey,,7,Common,Fairy,,485.0,51.0,52.0,90.0,82.0,110.0,100.0,Permitted,54,1,58,https://img.pokemondb.net/sprites/sword-shield/icon/comfey.png,False,82.0,251.0,fast,True,False,False,True,True,35.0,comfey
765,Oranguru,Oranguru,,7,Common,Normal,Psychic,490.0,90.0,60.0,80.0,90.0,110.0,60.0,Permitted,17,0,129,https://img.pokemondb.net/sprites/sword-shield/icon/oranguru.png,False,90.0,280.0,mid,False,False,False,True,True,34.0,oranguru
766,Passimian,Passimian,,7,Common,Fighting,,490.0,100.0,120.0,90.0,40.0,60.0,80.0,Permitted,,,,https://img.pokemondb.net/sprites/sword-shield/icon/passimian.png,False,120.0,250.0,mid,True,False,False,False,True,46.0,passimian
767,Wimpod,Wimpod,,7,Common,Bug,Water,230.0,25.0,35.0,40.0,20.0,30.0,80.0,Permitted,,,,https://img.pokemondb.net/sprites/sword-shield/icon/wimpod.png,False,35.0,95.0,mid,False,False,False,False,True,50.0,wimpod
768,Golisopod,Golisopod,,7,Common,Bug,Water,530.0,75.0,125.0,140.0,60.0,90.0,40.0,Permitted,,,,https://img.pokemondb.net/sprites/sword-shield/icon/golisopod.png,False,125.0,305.0,slow,False,False,False,False,True,62.0,golisopod
769,Sandygast,Sandygast,,7,Common,Ghost,Ground,320.0,55.0,55.0,80.0,70.0,45.0,15.0,Permitted,,,,https://img.pokemondb.net/sprites/sword-shield/icon/sandygast.png,False,70.0,180.0,slow,False,False,False,False,True,32.0,sandygast
770,Palossand,Palossand,,7,Common,Ghost,Ground,480.0,85.0,75.0,110.0,100.0,75.0,35.0,Permitted,5,0,217,https://img.pokemondb.net/sprites/sword-shield/icon/palossand.png,False,100.0,270.0,slow,False,False,False,True,True,36.0,palossand
771,Pyukumuku,Pyukumuku,,7,Common,Water,,410.0,55.0,60.0,130.0,30.0,130.0,5.0,Permitted,,,,https://img.pokemondb.net/sprites/sword-shield/icon/pyukumuku.png,False,60.0,315.0,slow,True,False,False,False,True,92.5,pyukumuku
772,Type: Null,Type:,Null,7,Common,Normal,,534.0,95.0,95.0,95.0,95.0,95.0,59.0,,,,,https://img.pokemondb.net/sprites/sword-shield/icon/type-null.png,False,95.0,285.0,mid,True,False,False,False,False,36.0,type null
773,Silvally,Silvally,,7,Common,Normal,,570.0,95.0,95.0,95.0,95.0,95.0,95.0,Permitted,2,0,206,https://img.pokemondb.net/sprites/sword-shield/icon/silvally.png,False,95.0,285.0,fast,True,False,False,True,True,0,silvally
774,Minior Meteor Form,Minior,Meteor Form,7,Common,Rock,Flying,440.0,60.0,60.0,100.0,60.0,100.0,60.0,,,,,https://img.pokemondb.net/sprites/sword-shield/icon/minior-meteor.png,False,60.0,260.0,mid,False,False,False,False,False,40.0,minior meteor form
774,Minior Core Form,Minior,Core Form,7,Common,Rock,Flying,500.0,60.0,100.0,60.0,100.0,60.0,120.0,,,,,https://img.pokemondb.net/sprites/sword-shield/icon/minior-core.png,False,100.0,180.0,elite,False,False,False,False,False,44.0,minior core form
775,Komala,Komala,,7,Common,Normal,,480.0,65.0,115.0,65.0,75.0,95.0,65.0,,,,,https://img.pokemondb.net/sprites/sword-shield/icon/komala.png,False,115.0,225.0,mid,True,False,False,False,False,42.0,komala
776,Turtonator,Turtonator,,7,Common,Fire,Dragon,485.0,60.0,78.0,135.0,91.0,85.0,36.0,Permitted,,,,https://img.pokemondb.net/sprites/sword-shield/icon/turtonator.png,False,91.0,280.0,slow,False,False,False,False,True,65.0,turtonator
777,Togedemaru,Togedemaru,,7,Common,Electric,Steel,435.0,65.0,98.0,63.0,40.0,73.0,96.0,Permitted,7,0,131,https://img.pokemondb.net/sprites/sword-shield/icon/togedemaru.png,False,98.0,201.0,fast,False,False,False,True,True,30.599999999999994,togedemaru
778,Mimikyu,Mimikyu,,7,Common,Ghost,Fairy,476.0,55.0,90.0,80.0,50.0,105.0,96.0,Permitted,114,2,44,https://img.pokemondb.net/sprites/sword-shield/icon/mimikyu.png,False,90.0,240.0,fast,False,False,False,True,True,30.799999999999997,mimikyu
779,Bruxish,Bruxish,,7,Common,Water,Psychic,475.0,68.0,105.0,70.0,70.0,70.0,92.0,,,,,https://img.pokemondb.net/sprites/sword-shield/icon/bruxish.png,False,105.0,208.0,fast,False,False,False,False,False,31.0,bruxish
780,Drampa,Drampa,,7,Common,Normal,Dragon,485.0,78.0,60.0,85.0,135.0,91.0,36.0,Permitted,4,0,226,https://img.pokemondb.net/sprites/sword-shield/icon/drampa.png,False,135.0,254.0,slow,False,False,False,True,True,65.0,drampa
781,Dhelmise,Dhelmise,,7,Common,Ghost,Grass,517.0,70.0,131.0,100.0,86.0,90.0,40.0,Permitted,,,,https://img.pokemondb.net/sprites/sword-shield/icon/dhelmise.png,False,131.0,260.0,slow,False,False,False,False,True,53.8,dhelmise
782,Jangmo-o,Jangmo-o,,7,Common,Dragon,,300.0,45.0,55.0,65.0,45.0,45.0,45.0,Permitted,,,,https://img.pokemondb.net/sprites/sword-shield/icon/jangmo-o.png,False,55.0,155.0,slow,True,False,False,False,True,18.0,jangmo o
783,Hakamo-o,Hakamo-o,,7,Common,Dragon,Fighting,420.0,55.0,75.0,90.0,65.0,70.0,65.0,Permitted,,,,https://img.pokemondb.net/sprites/sword-shield/icon/hakamo-o.png,False,75.0,215.0,mid,False,False,False,False,True,24.0,hakamo o
784,Kommo-o,Kommo-o,,7,Common,Dragon,Fighting,600.0,75.0,110.0,125.0,100.0,105.0,85.0,Permitted,2,0,222,https://img.pokemondb.net/sprites/sword-shield/icon/kommo-o.png,False,110.0,305.0,mid,False,False,False,True,True,30.0,kommo o
785,Tapu Koko,Tapu,Koko,7,Legendary,Electric,Fairy,570.0,70.0,115.0,85.0,95.0,75.0,130.0,,27,0,81,https://img.pokemondb.net/sprites/sword-shield/icon/tapu-koko.png,False,115.0,230.0,elite,False,True,False,True,False,42.0,tapu koko
786,Tapu Lele,Tapu,Lele,7,Legendary,Psychic,Fairy,570.0,70.0,85.0,75.0,130.0,115.0,95.0,,23,2,43,https://img.pokemondb.net/sprites/sword-shield/icon/tapu-lele.png,False,130.0,260.0,fast,False,True,False,True,False,42.0,tapu lele
787,Tapu Bulu,Tapu,Bulu,7,Legendary,Grass,Fairy,570.0,70.0,130.0,115.0,85.0,95.0,75.0,,2,0,135,https://img.pokemondb.net/sprites/sword-shield/icon/tapu-bulu.png,False,130.0,280.0,mid,False,True,False,True,False,42.0,tapu bulu
788,Tapu Fini,Tapu,Fini,7,Legendary,Water,Fairy,570.0,70.0,75.0,115.0,95.0,130.0,85.0,,74,2,40,https://img.pokemondb.net/sprites/sword-shield/icon/tapu-fini.png,False,95.0,315.0,mid,False,True,False,True,False,42.0,tapu fini
789,Cosmog,Cosmog,,7,Legendary,Psychic,,200.0,43.0,29.0,31.0,29.0,31.0,37.0,Restricted (players can include two Restricted Pokémon in their team),,,,https://img.pokemondb.net/sprites/sword-shield/icon/cosmog.png,False,29.0,105.0,slow,True,True,False,False,True,11.600000000000001,cosmog
790,Cosmoem,Cosmoem,,7,Legendary,Psychic,,400.0,43.0,29.0,131.0,29.0,131.0,37.0,Restricted (players can include two Restricted Pokémon in their team),,,,https://img.pokemondb.net/sprites/sword-shield/icon/cosmoem.png,False,29.0,305.0,slow,True,True,False,False,True,96.5,cosmoem
791,Solgaleo,Solgaleo,,7,Legendary,Psychic,Steel,680.0,137.0,137.0,107.0,113.0,89.0,97.0,Restricted (players can include two Restricted Pokémon in their team),188,4,31,https://img.pokemondb.net/sprites/sword-shield/icon/solgaleo.png,False,137.0,333.0,fast,False,True,False,True,True,35.5,solgaleo
792,Lunala,Lunala,,7,Legendary,Psychic,Ghost,680.0,137.0,113.0,89.0,137.0,107.0,97.0,Restricted (players can include two Restricted Pokémon in their team),43,2,38,https://img.pokemondb.net/sprites/sword-shield/icon/lunala.png,False,137.0,333.0,fast,False,True,False,True,True,35.5,lunala
793,Nihilego,Nihilego,,7,Common,Rock,Poison,570.0,109.0,53.0,47.0,127.0,131.0,103.0,Permitted,7,0,130,https://img.pokemondb.net/sprites/sword-shield/icon/nihilego.png,False,127.0,287.0,fast,False,False,False,True,True,43.2,nihilego
794,Buzzwole,Buzzwole,,7,Common,Bug,Fighting,570.0,107.0,139.0,139.0,53.0,53.0,79.0,Permitted,,,,https://img.pokemondb.net/sprites/sword-shield/icon/buzzwole.png,False,139.0,299.0,mid,False,False,False,False,True,66.0,buzzwole
795,Pheromosa,Pheromosa,,7,Common,Bug,Fighting,570.0,71.0,137.0,37.0,137.0,37.0,151.0,Permitted,29,1,70,https://img.pokemondb.net/sprites/sword-shield/icon/pheromosa.png,False,137.0,145.0,elite,False,False,False,True,True,67.2,pheromosa
796,Xurkitree,Xurkitree,,7,Common,Electric,,570.0,83.0,89.0,71.0,173.0,71.0,83.0,Permitted,4,0,208,https://img.pokemondb.net/sprites/sword-shield/icon/xurkitree.png,False,173.0,225.0,mid,True,False,False,True,True,93.6,xurkitree
797,Celesteela,Celesteela,,7,Common,Steel,Flying,570.0,97.0,101.0,103.0,107.0,101.0,61.0,Permitted,26,1,67,https://img.pokemondb.net/sprites/sword-shield/icon/celesteela.png,False,107.0,301.0,mid,False,False,False,True,True,14.400000000000006,celesteela
798,Kartana,Kartana,,7,Common,Grass,Steel,570.0,59.0,181.0,131.0,59.0,31.0,109.0,Permitted,118,7,22,https://img.pokemondb.net/sprites/sword-shield/icon/kartana.png,False,181.0,221.0,fast,False,False,False,True,True,103.2,kartana
799,Guzzlord,Guzzlord,,7,Common,Dark,Dragon,570.0,223.0,101.0,53.0,97.0,53.0,43.0,,,,,https://img.pokemondb.net/sprites/sword-shield/icon/guzzlord.png,False,101.0,329.0,slow,False,False,False,False,False,153.6,guzzlord
800,Dusk Mane Necrozma,Necrozma,Dusk Mane,7,Legendary,Psychic,Steel,680.0,97.0,157.0,127.0,113.0,109.0,77.0,,49,0,79,https://img.pokemondb.net/sprites/sword-shield/icon/necrozma-dusk-mane.png,False,157.0,333.0,mid,False,True,False,True,False,52.400000000000006,dusk mane necrozma
800,Necrozma,Necrozma,,7,Legendary,Psychic,,600.0,97.0,107.0,101.0,127.0,89.0,79.0,Restricted (players can include two Restricted Pokémon in their team),,,,https://img.pokemondb.net/sprites/sword-shield/icon/necrozma.png,False,127.0,287.0,mid,True,True,False,False,True,32.400000000000006,necrozma
800,Dawn Wings Necrozma,Necrozma,Dawn Wings,7,Legendary,Psychic,Ghost,680.0,97.0,113.0,109.0,157.0,127.0,77.0,,10,1,65,https://img.pokemondb.net/sprites/sword-shield/icon/necrozma-dawn-wings.png,False,157.0,333.0,mid,False,True,False,True,False,52.400000000000006,dawn wings necrozma
800,Ultra Necrozma,Necrozma,Ultra,7,Legendary,Psychic,Dragon,754.0,97.0,167.0,97.0,167.0,97.0,129.0,,,,,https://img.pokemondb.net/sprites/sword-shield/icon/necrozma-ultra.png,False,167.0,291.0,elite,False,True,False,False,False,62.0,ultra necrozma
801,Magearna,Magearna,,7,Mythical,Steel,Fairy,600.0,80.0,95.0,115.0,130.0,115.0,65.0,Banned,,,,https://img.pokemondb.net/sprites/sword-shield/icon/magearna.png,False,130.0,310.0,mid,False,False,True,False,False,36.0,magearna
802,Marshadow,Marshadow,,7,Mythical,Fighting,Ghost,600.0,90.0,125.0,80.0,90.0,90.0,125.0,Banned,,,,https://img.pokemondb.net/sprites/sword-shield/icon/marshadow.png,False,125.0,260.0,elite,False,False,True,False,False,37.5,marshadow
803,Poipole,Poipole,,7,Common,Poison,,420.0,67.0,73.0,67.0,73.0,67.0,73.0,Permitted,,,,https://img.pokemondb.net/sprites/sword-shield/icon/poipole.png,False,73.0,201.0,mid,True,False,False,False,True,6.0,poipole
804,Naganadel,Naganadel,,7,Common,Poison,Dragon,540.0,73.0,73.0,73.0,127.0,73.0,121.0,Permitted,,,,https://img.pokemondb.net/sprites/sword-shield/icon/naganadel.png,False,127.0,219.0,elite,False,False,False,False,True,44.400000000000006,naganadel
805,Stakataka,Stakataka,,7,Common,Rock,Steel,570.0,61.0,131.0,211.0,53.0,101.0,13.0,Permitted,23,0,98,https://img.pokemondb.net/sprites/sword-shield/icon/stakataka.png,False,131.0,373.0,slow,False,False,False,True,True,139.2,stakataka
806,Blacephalon,Blacephalon,,7,Common,Fire,Ghost,570.0,53.0,127.0,53.0,151.0,79.0,107.0,Permitted,9,0,175,https://img.pokemondb.net/sprites/sword-shield/icon/blacephalon.png,False,151.0,185.0,fast,False,False,False,True,True,67.2,blacephalon
807,Zeraora,Zeraora,,7,Mythical,Electric,,600.0,88.0,112.0,75.0,102.0,80.0,143.0,Banned,,,,https://img.pokemondb.net/sprites/sword-shield/icon/zeraora.png,False,112.0,243.0,elite,True,False,True,False,False,51.599999999999994,zeraora
808,Meltan,Meltan,,7,Mythical,Steel,,300.0,46.0,65.0,65.0,55.0,35.0,34.0,Banned,,,,https://img.pokemondb.net/sprites/sword-shield/icon/meltan.png,False,65.0,146.0,slow,True,False,True,False,False,22.5,meltan
809,Melmetal Gigantamax,Melmetal,Gigantamax,8,,Steel,,,,,,,,,Banned,,,,https://archives.bulbagarden.net/media/upload/8/8d/809GiMS8.png,True,,,,True,False,False,False,False,,melmetal gigantamax
809,Melmetal,Melmetal,,7,Mythical,Steel,,600.0,135.0,143.0,143.0,80.0,65.0,34.0,Banned,,,,https://img.pokemondb.net/sprites/sword-shield/icon/melmetal.png,False,143.0,343.0,slow,True,False,True,False,False,64.5,melmetal
810,Grookey,Grookey,,8,Common,Grass,,310.0,50.0,65.0,50.0,40.0,40.0,65.0,Permitted,,,,https://img.pokemondb.net/sprites/sword-shield/icon/grookey.png,False,65.0,140.0,mid,True,False,False,False,True,20.0,grookey
811,Thwackey,Thwackey,,8,Common,Grass,,420.0,70.0,85.0,70.0,55.0,60.0,80.0,Permitted,,,,https://img.pokemondb.net/sprites/sword-shield/icon/thwackey.png,False,85.0,200.0,mid,True,False,False,False,True,18.0,thwackey
812,Rillaboom Gigantamax,Rillaboom,Gigantamax,8,,Grass,,,,,,,,,Gigantamax Allowed,,,,https://archives.bulbagarden.net/media/upload/1/15/812GiMS8.png,True,,,,True,False,False,False,True,,rillaboom gigantamax
812,Rillaboom,Rillaboom,,8,Common,Grass,,530.0,100.0,125.0,90.0,60.0,70.0,85.0,Permitted,482,27,6,https://img.pokemondb.net/sprites/sword-shield/icon/rillaboom.png,False,125.0,260.0,mid,True,False,False,True,True,44.0,rillaboom
813,Scorbunny,Scorbunny,,8,Common,Fire,,310.0,50.0,71.0,40.0,40.0,40.0,69.0,Permitted,,,,https://img.pokemondb.net/sprites/sword-shield/icon/scorbunny.png,False,71.0,130.0,mid,True,False,False,False,True,23.200000000000003,scorbunny
814,Raboot,Raboot,,8,Common,Fire,,420.0,65.0,86.0,60.0,55.0,60.0,94.0,Permitted,,,,https://img.pokemondb.net/sprites/sword-shield/icon/raboot.png,False,86.0,185.0,fast,True,False,False,False,True,28.799999999999997,raboot
815,Cinderace Gigantamax,Cinderace,Gigantamax,8,,Fire,,,,,,,,,Gigantamax Allowed,,,,https://archives.bulbagarden.net/media/upload/c/c6/815GiMS8.png,True,,,,True,False,False,False,True,,cinderace gigantamax
815,Cinderace,Cinderace,,8,Common,Fire,,530.0,80.0,116.0,75.0,65.0,75.0,119.0,Permitted,45,1,51,https://img.pokemondb.net/sprites/sword-shield/icon/cinderace.png,False,116.0,230.0,fast,True,False,False,True,True,36.8,cinderace
816,Sobble,Sobble,,8,Common,Water,,310.0,50.0,40.0,40.0,70.0,40.0,70.0,Permitted,,,,https://img.pokemondb.net/sprites/sword-shield/icon/sobble.png,False,70.0,130.0,mid,True,False,False,False,True,27.5,sobble
817,Drizzile,Drizzile,,8,Common,Water,,420.0,65.0,60.0,55.0,95.0,55.0,90.0,Permitted,,,,https://img.pokemondb.net/sprites/sword-shield/icon/drizzile.png,False,95.0,175.0,fast,True,False,False,False,True,30.0,drizzile
818,Inteleon Gigantamax,Inteleon,Gigantamax,8,,Water,,,,,,,,,Gigantamax Allowed,,,,https://archives.bulbagarden.net/media/upload/9/9f/818GiMS8.png,True,,,,True,False,False,False,True,,inteleon gigantamax
818,Inteleon,Inteleon,,8,Common,Water,,530.0,70.0,85.0,65.0,125.0,65.0,120.0,Permitted,11,0,105,https://img.pokemondb.net/sprites/sword-shield/icon/inteleon.png,False,125.0,200.0,elite,True,False,False,True,True,44.0,inteleon
819,Skwovet,Skwovet,,8,Common,Normal,,275.0,70.0,55.0,55.0,35.0,35.0,25.0,Permitted,,,,https://img.pokemondb.net/sprites/sword-shield/icon/skwovet.png,False,55.0,160.0,slow,True,False,False,False,True,29.0,skwovet
820,Greedent,Greedent,,8,Common,Normal,,460.0,120.0,95.0,95.0,55.0,75.0,20.0,Permitted,1,0,150,https://img.pokemondb.net/sprites/sword-shield/icon/greedent.png,False,95.0,290.0,slow,True,False,False,True,True,52.0,greedent
821,Rookidee,Rookidee,,8,Common,Flying,,245.0,38.0,47.0,35.0,33.0,35.0,57.0,Permitted,,,,https://img.pokemondb.net/sprites/sword-shield/icon/rookidee.png,False,47.0,108.0,mid,True,False,False,False,True,19.4,rookidee
822,Corvisquire,Corvisquire,,8,Common,Flying,,365.0,68.0,67.0,55.0,43.0,55.0,77.0,Permitted,,,,https://img.pokemondb.net/sprites/sword-shield/icon/corvisquire.png,False,67.0,178.0,mid,True,False,False,False,True,19.4,corvisquire
823,Corviknight,Corviknight,,8,Common,Flying,Steel,495.0,98.0,87.0,105.0,53.0,85.0,67.0,Permitted,10,0,192,https://img.pokemondb.net/sprites/sword-shield/icon/corviknight.png,False,87.0,288.0,mid,False,False,False,True,True,27.0,corviknight
823,Corviknight Gigantamax,Corviknight,Gigantamax,8,,Flying,Steel,,,,,,,,Gigantamax Allowed,,,,https://archives.bulbagarden.net/media/upload/9/92/823GiMS8.png,True,,,,False,False,False,False,True,,corviknight gigantamax
824,Blipbug,Blipbug,,8,Common,Bug,,180.0,25.0,20.0,20.0,25.0,45.0,45.0,Permitted,,,,https://img.pokemondb.net/sprites/sword-shield/icon/blipbug.png,False,25.0,90.0,slow,True,False,False,False,True,22.5,blipbug
825,Dottler,Dottler,,8,Common,Bug,Psychic,335.0,50.0,35.0,80.0,50.0,90.0,30.0,Permitted,,,,https://img.pokemondb.net/sprites/sword-shield/icon/dottler.png,False,50.0,220.0,slow,False,False,False,False,True,41.0,dottler
826,Orbeetle,Orbeetle,,8,Common,Bug,Psychic,505.0,60.0,45.0,110.0,80.0,120.0,90.0,Permitted,,,,https://img.pokemondb.net/sprites/sword-shield/icon/orbeetle.png,False,80.0,290.0,fast,False,False,False,False,True,43.0,orbeetle
826,Orbeetle Gigantamax,Orbeetle,Gigantamax,8,,Bug,Psychic,,,,,,,,Gigantamax Allowed,,,,https://archives.bulbagarden.net/media/upload/f/f2/826GiMS8.png,True,,,,False,False,False,False,True,,orbeetle gigantamax
827,Nickit,Nickit,,8,Common,Dark,,245.0,40.0,28.0,28.0,47.0,52.0,50.0,Permitted,,,,https://img.pokemondb.net/sprites/sword-shield/icon/nickit.png,False,47.0,120.0,mid,True,False,False,False,True,13.399999999999999,nickit
828,Thievul,Thievul,,8,Common,Dark,,455.0,70.0,58.0,58.0,87.0,92.0,90.0,Permitted,,,,https://img.pokemondb.net/sprites/sword-shield/icon/thievul.png,False,87.0,220.0,fast,True,False,False,False,True,19.400000000000006,thievul
829,Gossifleur,Gossifleur,,8,Common,Grass,,250.0,40.0,40.0,60.0,40.0,60.0,10.0,Permitted,,,,https://img.pokemondb.net/sprites/sword-shield/icon/gossifleur.png,False,40.0,160.0,slow,True,False,False,False,True,27.5,gossifleur
830,Eldegoss,Eldegoss,,8,Common,Grass,,460.0,60.0,50.0,90.0,80.0,120.0,60.0,Permitted,,,,https://img.pokemondb.net/sprites/sword-shield/icon/eldegoss.png,False,80.0,270.0,mid,True,False,False,False,True,52.0,eldegoss
831,Wooloo,Wooloo,,8,Common,Normal,,270.0,42.0,40.0,55.0,40.0,45.0,48.0,Permitted,,,,https://img.pokemondb.net/sprites/sword-shield/icon/wooloo.png,False,40.0,142.0,slow,True,False,False,False,True,12.0,wooloo
832,Dubwool,Dubwool,,8,Common,Normal,,490.0,72.0,80.0,100.0,60.0,90.0,88.0,Permitted,,,,https://img.pokemondb.net/sprites/sword-shield/icon/dubwool.png,False,80.0,262.0,mid,True,False,False,False,True,22.0,dubwool
833,Chewtle,Chewtle,,8,Common,Water,,284.0,50.0,64.0,50.0,38.0,38.0,44.0,Permitted,,,,https://img.pokemondb.net/sprites/sword-shield/icon/chewtle.png,False,64.0,138.0,slow,True,False,False,False,True,20.0,chewtle
834,Drednaw Gigantamax,Drednaw,Gigantamax,8,,Water,Rock,,,,,,,,Gigantamax Allowed,,,,https://archives.bulbagarden.net/media/upload/7/73/834GiMS8.png,True,,,,False,False,False,False,True,,drednaw gigantamax
834,Drednaw,Drednaw,,8,Common,Water,Rock,485.0,90.0,115.0,90.0,48.0,68.0,74.0,Permitted,4,0,178,https://img.pokemondb.net/sprites/sword-shield/icon/drednaw.png,False,115.0,248.0,mid,False,False,False,True,True,41.0,drednaw
835,Yamper,Yamper,,8,Common,Electric,,270.0,59.0,45.0,50.0,40.0,50.0,26.0,Permitted,,,,https://img.pokemondb.net/sprites/sword-shield/icon/yamper.png,False,45.0,159.0,slow,True,False,False,False,True,16.799999999999997,yamper
836,Boltund,Boltund,,8,Common,Electric,,490.0,69.0,90.0,60.0,90.0,60.0,121.0,Permitted,2,0,199,https://img.pokemondb.net/sprites/sword-shield/icon/boltund.png,False,90.0,189.0,elite,True,False,False,True,True,47.2,boltund
837,Rolycoly,Rolycoly,,8,Common,Rock,,240.0,30.0,40.0,50.0,40.0,50.0,30.0,Permitted,,,,https://img.pokemondb.net/sprites/sword-shield/icon/rolycoly.png,False,40.0,130.0,slow,True,False,False,False,True,15.0,rolycoly
838,Carkol,Carkol,,8,Common,Rock,Fire,410.0,80.0,60.0,90.0,60.0,70.0,50.0,Permitted,,,,https://img.pokemondb.net/sprites/sword-shield/icon/carkol.png,False,60.0,240.0,mid,False,False,False,False,True,26.0,carkol
839,Coalossal Gigantamax,Coalossal,Gigantamax,8,,Rock,Fire,,,,,,,,Gigantamax Allowed,,,,https://archives.bulbagarden.net/media/upload/d/df/839GiMS8.png,True,,,,False,False,False,False,True,,coalossal gigantamax
839,Coalossal,Coalossal,,8,Common,Rock,Fire,510.0,110.0,80.0,120.0,80.0,90.0,30.0,Permitted,40,1,54,https://img.pokemondb.net/sprites/sword-shield/icon/coalossal.png,False,80.0,320.0,slow,False,False,False,True,True,42.0,coalossal
840,Applin,Applin,,8,Common,Grass,Dragon,260.0,40.0,40.0,80.0,40.0,40.0,20.0,Permitted,,,,https://img.pokemondb.net/sprites/sword-shield/icon/applin.png,False,40.0,160.0,slow,False,False,False,False,True,44.0,applin
841,Flapple,Flapple,,8,Common,Grass,Dragon,485.0,70.0,110.0,80.0,95.0,60.0,70.0,Permitted,,,,https://img.pokemondb.net/sprites/sword-shield/icon/flapple.png,False,110.0,210.0,mid,False,False,False,False,True,35.0,flapple
841,Flapple Gigantamax,Flapple,Gigantamax,8,,Grass,Dragon,,,,,,,,Gigantamax Allowed,,,,https://archives.bulbagarden.net/media/upload/2/2f/841GiMS8.png,True,,,,False,False,False,False,True,,flapple gigantamax
842,Appletun,Appletun,,8,Common,Grass,Dragon,485.0,110.0,85.0,80.0,100.0,80.0,30.0,Permitted,4,0,181,https://img.pokemondb.net/sprites/sword-shield/icon/appletun.png,False,100.0,270.0,slow,False,False,False,True,True,35.0,appletun
842,Appletun Gigantamax,Appletun,Gigantamax,8,,Grass,Dragon,,,,,,,,Gigantamax Allowed,,,,https://archives.bulbagarden.net/media/upload/2/2f/841GiMS8.png,True,,,,False,False,False,False,True,,appletun gigantamax
843,Silicobra,Silicobra,,8,Common,Ground,,315.0,52.0,57.0,75.0,35.0,50.0,46.0,Permitted,,,,https://img.pokemondb.net/sprites/sword-shield/icon/silicobra.png,False,57.0,177.0,slow,True,False,False,False,True,27.0,silicobra
844,Sandaconda Gigantamax,Sandaconda,Gigantamax,8,,Ground,,,,,,,,,Gigantamax Allowed,,,,https://archives.bulbagarden.net/media/upload/e/e0/844GiMS8.png,True,,,,True,False,False,False,True,,sandaconda gigantamax
844,Sandaconda,Sandaconda,,8,Common,Ground,,510.0,72.0,107.0,125.0,65.0,70.0,71.0,Permitted,,,,https://img.pokemondb.net/sprites/sword-shield/icon/sandaconda.png,False,107.0,267.0,mid,True,False,False,False,True,48.0,sandaconda
845,Cramorant,Cramorant,,8,Common,Flying,Water,475.0,70.0,85.0,55.0,85.0,95.0,85.0,Permitted,,,,https://img.pokemondb.net/sprites/sword-shield/icon/cramorant.png,False,85.0,220.0,mid,False,False,False,False,True,19.0,cramorant
846,Arrokuda,Arrokuda,,8,Common,Water,,280.0,41.0,63.0,40.0,40.0,30.0,66.0,Permitted,,,,https://img.pokemondb.net/sprites/sword-shield/icon/arrokuda.png,False,63.0,111.0,mid,True,False,False,False,True,23.200000000000003,arrokuda
847,Barraskewda,Barraskewda,,8,Common,Water,,490.0,61.0,123.0,60.0,60.0,50.0,136.0,Permitted,37,1,66,https://img.pokemondb.net/sprites/sword-shield/icon/barraskewda.png,False,123.0,171.0,elite,True,False,False,True,True,65.2,barraskewda
848,Toxel,Toxel,,8,Baby,Electric,Poison,242.0,40.0,38.0,35.0,54.0,35.0,40.0,Permitted,,,,https://img.pokemondb.net/sprites/sword-shield/icon/toxel.png,False,54.0,110.0,slow,False,False,False,False,True,16.4,toxel
849,Toxtricity Amped Form,Toxtricity,Amped Form,8,Common,Electric,Poison,502.0,75.0,98.0,70.0,114.0,70.0,75.0,,,,,https://img.pokemondb.net/sprites/sword-shield/icon/toxtricity-amped.png,False,114.0,215.0,mid,False,False,False,False,False,36.400000000000006,toxtricity amped form
849,Toxtricity Low Key Form,Toxtricity,Low Key Form,8,Common,Electric,Poison,502.0,75.0,98.0,70.0,114.0,70.0,75.0,,,,,https://img.pokemondb.net/sprites/sword-shield/icon/toxtricity-low-key.png,False,114.0,215.0,mid,False,False,False,False,False,36.400000000000006,toxtricity low key form
850,Sizzlipede,Sizzlipede,,8,Common,Fire,Bug,305.0,50.0,65.0,45.0,50.0,50.0,45.0,Permitted,,,,https://img.pokemondb.net/sprites/sword-shield/icon/sizzlipede.png,False,65.0,145.0,slow,False,False,False,False,True,17.0,sizzlipede
851,Centiskorch Gigantamax,Centiskorch,Gigantamax,8,,Fire,Bug,,,,,,,,Gigantamax Allowed,,,,https://archives.bulbagarden.net/media/upload/1/10/851GiMS8.png,True,,,,False,False,False,False,True,,centiskorch gigantamax
851,Centiskorch,Centiskorch,,8,Common,Fire,Bug,525.0,100.0,115.0,65.0,90.0,90.0,65.0,Permitted,12,0,149,https://img.pokemondb.net/sprites/sword-shield/icon/centiskorch.png,False,115.0,255.0,mid,False,False,False,True,True,33.0,centiskorch
852,Clobbopus,Clobbopus,,8,Common,Fighting,,310.0,50.0,68.0,60.0,50.0,50.0,32.0,Permitted,,,,https://img.pokemondb.net/sprites/sword-shield/icon/clobbopus.png,False,68.0,160.0,slow,True,False,False,False,True,19.6,clobbopus
853,Grapploct,Grapploct,,8,Common,Fighting,,480.0,80.0,118.0,90.0,70.0,80.0,42.0,Permitted,,,,https://img.pokemondb.net/sprites/sword-shield/icon/grapploct.png,False,118.0,250.0,slow,True,False,False,False,True,45.599999999999994,grapploct
854,Sinistea,Sinistea,,8,Common,Ghost,,308.0,40.0,45.0,45.0,74.0,54.0,50.0,Permitted,,,,https://img.pokemondb.net/sprites/sword-shield/icon/sinistea.png,False,74.0,139.0,mid,True,False,False,False,True,27.200000000000003,sinistea
855,Polteageist,Polteageist,,8,Common,Ghost,,508.0,60.0,65.0,65.0,134.0,114.0,70.0,Permitted,,,,https://img.pokemondb.net/sprites/sword-shield/icon/polteageist.png,False,134.0,239.0,mid,True,False,False,False,True,59.2,polteageist
856,Hatenna,Hatenna,,8,Common,Psychic,,265.0,42.0,30.0,45.0,56.0,53.0,39.0,Permitted,,,,https://img.pokemondb.net/sprites/sword-shield/icon/hatenna.png,False,56.0,140.0,slow,True,False,False,False,True,14.200000000000003,hatenna
857,Hattrem,Hattrem,,8,Common,Psychic,,370.0,57.0,40.0,65.0,86.0,73.0,49.0,Permitted,,,,https://img.pokemondb.net/sprites/sword-shield/icon/hattrem.png,False,86.0,195.0,slow,True,False,False,False,True,29.200000000000003,hattrem
858,Hatterene,Hatterene,,8,Common,Psychic,Fairy,510.0,57.0,90.0,95.0,136.0,103.0,29.0,Permitted,22,0,107,https://img.pokemondb.net/sprites/sword-shield/icon/hatterene.png,False,136.0,255.0,slow,False,False,False,True,True,61.2,hatterene
858,Hatterene Gigantamax,Hatterene,Gigantamax,8,,Psychic,Fairy,,,,,,,,Gigantamax Allowed,,,,https://archives.bulbagarden.net/media/upload/3/35/858GiMS8.png,True,,,,False,False,False,False,True,,hatterene gigantamax
859,Impidimp,Impidimp,,8,Common,Dark,Fairy,265.0,45.0,45.0,30.0,55.0,40.0,50.0,Permitted,,,,https://img.pokemondb.net/sprites/sword-shield/icon/impidimp.png,False,55.0,115.0,mid,False,False,False,False,True,13.0,impidimp
860,Morgrem,Morgrem,,8,Common,Dark,Fairy,370.0,65.0,60.0,45.0,75.0,55.0,70.0,Permitted,,,,https://img.pokemondb.net/sprites/sword-shield/icon/morgrem.png,False,75.0,165.0,mid,False,False,False,False,True,16.0,morgrem
861,Grimmsnarl Gigantamax,Grimmsnarl,Gigantamax,8,,Dark,Fairy,,,,,,,,Gigantamax Allowed,,,,https://archives.bulbagarden.net/media/upload/c/ce/861GiMS8.png,True,,,,False,False,False,False,True,,grimmsnarl gigantamax
861,Grimmsnarl,Grimmsnarl,,8,Common,Dark,Fairy,510.0,95.0,120.0,65.0,95.0,75.0,60.0,Permitted,577,30,4,https://img.pokemondb.net/sprites/sword-shield/icon/grimmsnarl.png,False,120.0,235.0,mid,False,False,False,True,True,42.0,grimmsnarl
862,Obstagoon,Obstagoon,,8,Common,Dark,Normal,520.0,93.0,90.0,101.0,60.0,81.0,95.0,Permitted,6,0,170,https://img.pokemondb.net/sprites/sword-shield/icon/obstagoon.png,False,90.0,275.0,fast,False,False,False,True,True,17.200000000000003,obstagoon
863,Perrserker,Perrserker,,8,Common,Steel,,440.0,70.0,110.0,100.0,50.0,60.0,50.0,Permitted,,,,https://img.pokemondb.net/sprites/sword-shield/icon/perrserker.png,False,110.0,230.0,mid,True,False,False,False,True,44.0,perrserker
864,Cursola,Cursola,,8,Common,Ghost,,510.0,60.0,95.0,50.0,145.0,130.0,30.0,Permitted,,,,https://img.pokemondb.net/sprites/sword-shield/icon/cursola.png,False,145.0,240.0,slow,True,False,False,False,True,72.0,cursola
865,Sirfetch'd,Sirfetch'd,,8,Common,Fighting,,507.0,62.0,135.0,95.0,68.0,82.0,65.0,Permitted,,,,https://img.pokemondb.net/sprites/sword-shield/icon/sirfetchd.png,False,135.0,239.0,mid,True,False,False,False,True,60.599999999999994,sirfetchd
866,Mr. Rime,Mr.,Rime,8,Common,Ice,Psychic,520.0,80.0,85.0,75.0,110.0,100.0,70.0,Permitted,2,0,196,https://img.pokemondb.net/sprites/sword-shield/icon/mr-rime.png,False,110.0,255.0,mid,False,False,False,True,True,28.0,mr rime
867,Runerigus,Runerigus,,8,Common,Ground,Ghost,483.0,58.0,95.0,145.0,50.0,105.0,30.0,Permitted,,,,https://img.pokemondb.net/sprites/sword-shield/icon/runerigus.png,False,95.0,308.0,slow,False,False,False,False,True,77.4,runerigus
868,Milcery,Milcery,,8,Common,Fairy,,270.0,45.0,40.0,40.0,50.0,61.0,34.0,Permitted,,,,https://img.pokemondb.net/sprites/sword-shield/icon/milcery.png,False,50.0,146.0,slow,True,False,False,False,True,19.200000000000003,milcery
869,Alcremie,Alcremie,,8,Common,Fairy,,495.0,65.0,60.0,75.0,110.0,121.0,64.0,Permitted,18,0,80,https://img.pokemondb.net/sprites/sword-shield/icon/alcremie.png,False,110.0,261.0,mid,True,False,False,True,True,46.2,alcremie
869,Alcremie Gigantamax,Alcremie,Gigantamax,8,,Fairy,,,,,,,,,Gigantamax Allowed,,,,https://archives.bulbagarden.net/media/upload/b/bc/869GiMS8.png,True,,,,True,False,False,False,True,,alcremie gigantamax
870,Falinks,Falinks,,8,Common,Fighting,,470.0,65.0,100.0,100.0,70.0,60.0,75.0,Permitted,,,,https://img.pokemondb.net/sprites/sword-shield/icon/falinks.png,False,100.0,225.0,mid,True,False,False,False,True,32.5,falinks
871,Pincurchin,Pincurchin,,8,Common,Electric,,435.0,48.0,101.0,95.0,91.0,85.0,15.0,Permitted,9,0,147,https://img.pokemondb.net/sprites/sword-shield/icon/pincurchin.png,False,101.0,228.0,slow,True,False,False,True,True,34.2,pincurchin
872,Snom,Snom,,8,Common,Ice,Bug,185.0,30.0,25.0,35.0,45.0,30.0,20.0,Permitted,,,,https://img.pokemondb.net/sprites/sword-shield/icon/snom.png,False,45.0,95.0,slow,False,False,False,False,True,17.0,snom
873,Frosmoth,Frosmoth,,8,Common,Ice,Bug,475.0,70.0,65.0,60.0,125.0,90.0,65.0,Permitted,,,,https://img.pokemondb.net/sprites/sword-shield/icon/frosmoth.png,False,125.0,220.0,mid,False,False,False,False,True,55.0,frosmoth
874,Stonjourner,Stonjourner,,8,Common,Rock,,470.0,100.0,125.0,135.0,20.0,20.0,70.0,Permitted,3,0,185,https://img.pokemondb.net/sprites/sword-shield/icon/stonjourner.png,False,125.0,255.0,mid,True,False,False,True,True,68.0,stonjourner
875,Eiscue Noice Face,Eiscue,Noice Face,8,Common,Ice,,470.0,75.0,80.0,70.0,65.0,50.0,130.0,,,,,https://img.pokemondb.net/sprites/sword-shield/icon/eiscue-noice.png,False,80.0,195.0,elite,True,False,False,False,False,62.0,eiscue noice face
875,Eiscue Ice Face,Eiscue,Ice Face,8,Common,Ice,,470.0,75.0,80.0,110.0,65.0,90.0,50.0,,,,,https://img.pokemondb.net/sprites/sword-shield/icon/eiscue-ice.png,False,80.0,275.0,mid,True,False,False,False,False,38.0,eiscue ice face
876,Indeedee Female,Indeedee,Female,8,Common,Psychic,Normal,475.0,70.0,55.0,65.0,95.0,105.0,85.0,,387,18,14,https://img.pokemondb.net/sprites/sword-shield/icon/indeedee-female.png,False,95.0,240.0,mid,False,False,False,True,False,31.0,indeedee female
876,Indeedee Male,Indeedee,Male,8,Common,Psychic,Normal,475.0,60.0,65.0,55.0,105.0,95.0,95.0,,26,1,57,https://img.pokemondb.net/sprites/sword-shield/icon/indeedee-male.png,False,105.0,210.0,fast,False,False,False,True,False,31.0,indeedee male
877,Morpeko Hangry Mode,Morpeko,Hangry Mode,8,Common,Electric,Dark,436.0,58.0,95.0,58.0,70.0,58.0,97.0,,,,,https://img.pokemondb.net/sprites/sword-shield/icon/morpeko-hangry.png,False,95.0,174.0,fast,False,False,False,False,False,29.200000000000003,morpeko hangry mode
877,Morpeko Full Belly Mode,Morpeko,Full Belly Mode,8,Common,Electric,Dark,436.0,58.0,95.0,58.0,70.0,58.0,97.0,,,,,https://img.pokemondb.net/sprites/sword-shield/icon/morpeko-full-belly.png,False,95.0,174.0,fast,False,False,False,False,False,29.200000000000003,morpeko full belly mode
878,Cufant,Cufant,,8,Common,Steel,,330.0,72.0,80.0,49.0,40.0,49.0,40.0,Permitted,,,,https://img.pokemondb.net/sprites/sword-shield/icon/cufant.png,False,80.0,170.0,slow,True,False,False,False,True,30.0,cufant
879,Copperajah Gigantamax,Copperajah,Gigantamax,8,,Steel,,,,,,,,,Gigantamax Allowed,,,,https://archives.bulbagarden.net/media/upload/3/3a/879GiMS8.png,True,,,,True,False,False,False,True,,copperajah gigantamax
879,Copperajah,Copperajah,,8,Common,Steel,,500.0,122.0,130.0,69.0,80.0,69.0,30.0,Permitted,,,,https://img.pokemondb.net/sprites/sword-shield/icon/copperajah.png,False,130.0,260.0,slow,True,False,False,False,True,56.0,copperajah
880,Dracozolt,Dracozolt,,8,Common,Electric,Dragon,505.0,90.0,100.0,90.0,80.0,70.0,75.0,Permitted,8,0,145,https://img.pokemondb.net/sprites/sword-shield/icon/dracozolt.png,False,100.0,250.0,mid,False,False,False,True,True,19.0,dracozolt
881,Arctozolt,Arctozolt,,8,Common,Electric,Ice,505.0,90.0,100.0,90.0,90.0,80.0,55.0,Permitted,,,,https://img.pokemondb.net/sprites/sword-shield/icon/arctozolt.png,False,100.0,260.0,mid,False,False,False,False,True,19.0,arctozolt
882,Dracovish,Dracovish,,8,Common,Water,Dragon,505.0,90.0,90.0,100.0,70.0,80.0,75.0,Permitted,32,0,87,https://img.pokemondb.net/sprites/sword-shield/icon/dracovish.png,False,90.0,270.0,mid,False,False,False,True,True,19.0,dracovish
883,Arctovish,Arctovish,,8,Common,Water,Ice,505.0,90.0,90.0,100.0,80.0,90.0,55.0,Permitted,,,,https://img.pokemondb.net/sprites/sword-shield/icon/arctovish.png,False,90.0,280.0,mid,False,False,False,False,True,19.0,arctovish
884,Duraludon,Duraludon,,8,Common,Steel,Dragon,535.0,70.0,95.0,115.0,120.0,50.0,85.0,Permitted,8,0,176,https://img.pokemondb.net/sprites/sword-shield/icon/duraludon.png,False,120.0,235.0,mid,False,False,False,True,True,37.0,duraludon
884,Duraludon Gigantamax,Duraludon,Gigantamax,8,,Steel,Dragon,,,,,,,,Gigantamax Allowed,,,,https://archives.bulbagarden.net/media/upload/b/ba/884GiMS8.png,True,,,,False,False,False,False,True,,duraludon gigantamax
885,Dreepy,Dreepy,,8,Common,Dragon,Ghost,270.0,28.0,60.0,30.0,40.0,30.0,82.0,Permitted,,,,https://img.pokemondb.net/sprites/sword-shield/icon/dreepy.png,False,60.0,88.0,mid,False,False,False,False,True,44.4,dreepy
886,Drakloak,Drakloak,,8,Common,Dragon,Ghost,410.0,68.0,80.0,50.0,60.0,50.0,102.0,Permitted,,,,https://img.pokemondb.net/sprites/sword-shield/icon/drakloak.png,False,80.0,168.0,fast,False,False,False,False,True,40.4,drakloak
887,Dragapult,Dragapult,,8,Common,Dragon,Ghost,600.0,88.0,120.0,75.0,100.0,75.0,142.0,Permitted,54,1,55,https://img.pokemondb.net/sprites/sword-shield/icon/dragapult.png,False,120.0,238.0,elite,False,False,False,True,True,50.400000000000006,dragapult
888,Zacian Hero of Many Battles,Zacian,Hero of Many Battles,8,Legendary,Fairy,,670.0,92.0,130.0,115.0,80.0,115.0,138.0,,,,,https://img.pokemondb.net/sprites/sword-shield/icon/zacian-hero.png,False,130.0,322.0,elite,True,True,False,False,False,31.599999999999994,zacian hero of many battles
888,Zacian Crowned Sword,Zacian,Crowned Sword,8,Legendary,Fairy,Steel,720.0,92.0,170.0,115.0,80.0,115.0,148.0,,1088,65,1,https://img.pokemondb.net/sprites/sword-shield/icon/zacian-crowned.png,False,170.0,322.0,elite,False,True,False,True,False,60.0,zacian crowned sword
889,Zamazenta Crowned Shield,Zamazenta,Crowned Shield,8,Legendary,Fighting,Steel,720.0,92.0,130.0,145.0,80.0,145.0,128.0,,41,0,72,https://img.pokemondb.net/sprites/sword-shield/icon/zamazenta-crowned.png,False,130.0,382.0,elite,False,True,False,True,False,37.5,zamazenta crowned shield
889,Zamazenta Hero of Many Battles,Zamazenta,Hero of Many Battles,8,Legendary,Fighting,,670.0,92.0,130.0,115.0,80.0,115.0,138.0,,,,,https://img.pokemondb.net/sprites/sword-shield/icon/zamazenta-hero.png,False,130.0,322.0,elite,True,True,False,False,False,31.599999999999994,zamazenta hero of many battles
890,Eternatus Eternamax,Eternatus,Eternamax,8,Legendary,Poison,Dragon,1125.0,255.0,115.0,250.0,125.0,250.0,130.0,,,,,https://img.pokemondb.net/sprites/sword-shield/icon/eternatus-eternamax.png,False,125.0,755.0,elite,False,True,False,False,False,81.0,eternatus eternamax
890,Eternatus,Eternatus,,8,Legendary,Poison,Dragon,690.0,140.0,85.0,95.0,145.0,95.0,130.0,,41,1,49,https://img.pokemondb.net/sprites/sword-shield/icon/eternatus.png,False,145.0,330.0,elite,False,True,False,True,False,36.0,eternatus
891,Kubfu,Kubfu,,8,Legendary,Fighting,,385.0,60.0,90.0,60.0,53.0,50.0,72.0,Permitted,,,,https://img.pokemondb.net/sprites/sword-shield/icon/kubfu.png,False,90.0,170.0,mid,True,True,False,False,True,31.0,kubfu
892,Urshifu (Single Strike) Gigantamax,Urshifu (Single Strike),Gigantamax,8,,Fighting,Dark,,,,,,,,Gigantamax Allowed,,,,https://archives.bulbagarden.net/media/upload/8/83/892GiMS8.png,True,,,,False,False,False,False,True,,urshifu single strike gigantamax
892,Urshifu (Rapid Strike) Gigantamax,Urshifu (Rapid Strike),Gigantamax,8,,Fighting,Water,,,,,,,,Gigantamax Allowed,,,,https://archives.bulbagarden.net/media/upload/b/b8/892RGiMS8.png,True,,,,False,False,False,False,True,,urshifu rapid strike gigantamax
892,Urshifu Single Strike Style,Urshifu,Single Strike Style,8,Legendary,Fighting,Dark,550.0,100.0,130.0,100.0,63.0,60.0,97.0,,125,4,27,https://img.pokemondb.net/sprites/sword-shield/icon/urshifu-single-strike.png,False,130.0,260.0,fast,False,True,False,True,False,46.0,urshifu single strike style
892,Urshifu Rapid Strike Style,Urshifu,Rapid Strike Style,8,Legendary,Fighting,Water,550.0,100.0,130.0,100.0,63.0,60.0,97.0,,58,2,42,https://img.pokemondb.net/sprites/sword-shield/icon/urshifu-rapid-strike.png,False,130.0,260.0,fast,False,True,False,True,False,46.0,urshifu rapid strike style
893,Zarude,Zarude,,8,Mythical,Dark,Grass,600.0,105.0,120.0,105.0,70.0,95.0,105.0,Banned,,,,https://img.pokemondb.net/sprites/sword-shield/icon/zarude.png,False,120.0,305.0,fast,False,False,True,False,False,24.0,zarude
894,Regieleki,Regieleki,,8,Legendary,Electric,,580.0,80.0,100.0,50.0,100.0,50.0,200.0,Permitted,603,29,5,https://img.pokemondb.net/sprites/sword-shield/icon/regieleki.png,False,100.0,180.0,elite,True,True,False,True,True,124.0,regieleki
895,Regidrago,Regidrago,,8,Legendary,Dragon,,580.0,200.0,100.0,50.0,100.0,50.0,80.0,Permitted,12,0,88,https://img.pokemondb.net/sprites/sword-shield/icon/regidrago.png,False,100.0,300.0,mid,True,True,False,True,True,124.0,regidrago
896,Glastrier,Glastrier,,8,Legendary,Ice,,580.0,100.0,145.0,130.0,65.0,110.0,30.0,Permitted,13,0,86,https://img.pokemondb.net/sprites/sword-shield/icon/glastrier.png,False,145.0,340.0,slow,True,True,False,True,True,58.0,glastrier
897,Spectrier,Spectrier,,8,Legendary,Ghost,,580.0,100.0,65.0,60.0,145.0,80.0,130.0,Permitted,19,1,61,https://img.pokemondb.net/sprites/sword-shield/icon/spectrier.png,False,145.0,240.0,elite,True,True,False,True,True,58.0,spectrier
898,Calyrex,Calyrex,,8,Legendary,Psychic,Grass,500.0,100.0,80.0,80.0,80.0,80.0,80.0,Restricted (players can include two Restricted Pokémon in their team),,,,https://img.pokemondb.net/sprites/sword-shield/icon/calyrex.png,False,80.0,260.0,mid,False,True,False,False,True,20.0,calyrex
898,Calyrex Shadow Rider,Calyrex,Shadow Rider,8,Legendary,Psychic,Ghost,680.0,100.0,85.0,80.0,165.0,100.0,150.0,,363,22,8,https://img.pokemondb.net/sprites/sword-shield/icon/calyrex-shadow-rider.png,False,165.0,280.0,elite,False,True,False,True,False,62.0,calyrex shadow rider
898,Calyrex Ice Rider,Calyrex,Ice Rider,8,Legendary,Psychic,Ice,680.0,100.0,165.0,150.0,85.0,130.0,50.0,,294,11,17,https://img.pokemondb.net/sprites/sword-shield/icon/calyrex-ice-rider.png,False,165.0,380.0,mid,False,True,False,True,False,62.0,calyrex ice rider
